id,ACO01,ACO02,ACO03,ACO04,ACO05,ACO06,ACO07,ACO08,ACO09,ACO10,AMB01,AMB02,AMB03,AMB04,AMB05,AMB06,AMB07,AMB08,AMB09,AMB10,CHP01,CHP02,CHP03,CHP04,CHP05,CHP06,CHP07,CHP08,CHP09,CHP10,CLA01,CLA02,CLA03,CLA04,CLA05,CLA06,CLA07,CLA08,CLA09,CLA10,FNK01,FNK02,FNK03,FNK04,FNK05,FNK06,FNK07,FNK08,FNK09,FNK10,HOU01,HOU02,HOU03,HOU04,HOU05,HOU06,HOU07,HOU08,HOU09,HOU10,JAZ01,JAZ02,JAZ03,JAZ04,JAZ05,JAZ06,JAZ07,JAZ08,JAZ09,JAZ10,SYN01,SYN02,SYN03,SYN04,SYN05,SYN06,SYN07,SYN08,SYN09,SYN10
ACO01,0.0,8.343600281679253,7.259982478033734,8.840885645478275,8.79570452372182,4.817617085710106,6.854000218656247,7.217373625437943,8.002427756386568,7.859339487445125,6.277435525611274,5.3218465422232875,7.961574749669972,6.074891701247648,4.613790862287173,6.151712323944678,8.95960746313849,6.307699680953919,11.497456282284752,6.607425542999971,7.936929348680015,9.72518509618781,9.30355119187359,7.760864848182583,7.530738958170405,13.787469603294486,8.760622190328732,7.632674419344018,8.372102244755828,8.011591024002449,7.296286538572029,6.4959677976639725,5.429020228813545,5.1508852544456,6.947682638537452,6.757525939339633,7.417247468804352,5.26169110123971,7.365331294443546,12.645102437172644,7.020833248066581,9.39563651807801,9.436110871186164,11.323317689285693,7.018157577841537,9.230141109043823,14.082280668455992,7.920170703415446,10.052944262236613,7.214843430167396,10.371830688669286,10.48899379783497,6.849320069208961,7.318235379791218,8.798070969930604,10.668628717409627,9.610146530016399,9.84291820601212,6.662199931185334,7.05024121674206,6.3666542862219675,8.572482010095204,9.294710399092812,5.485081693113553,9.908448514282394,11.499392769246413,7.406219412998014,7.407206157429952,9.47808798560839,8.309299006663782,9.932801432418623,7.701278251794157,7.895177151923127,11.926947648029351,11.046226006307206,7.389760759005886,6.5732375093098145,8.25697833710865,4.37048307752018,9.966127271789643
ACO02,8.343600281679253,0.0,8.9280409089472,4.956007470479397,4.05433237932994,6.509401637575843,5.5041189220847135,7.473390220061496,4.59092836327324,5.755355081134485,8.087963066811998,5.554917854274878,7.453502296985265,5.372418005967499,8.64824758192037,4.901135655047659,6.550446363419971,6.0367049927425676,11.674056110435863,6.512360077313809,8.780458352809392,6.152872216373229,6.581099130491284,5.895124870832556,3.8143653879753607,7.9426315168850845,5.063184856246706,5.208068747490777,7.477469254114112,5.404157622332889,6.223911839376441,4.016361793111142,4.847349506717437,6.37972354681703,3.998507048992667,4.808507576079737,5.517516699693478,8.258573608297556,5.111585768782409,8.51733450870744,4.895584801470827,4.206107131651606,5.0251860612096015,8.602222746728284,3.7005566705271105,3.3118418003975676,9.79732975949308,5.320341359480334,6.848489277206265,3.155216478095932,4.981179298674788,5.910188553933946,6.443873339722153,3.8907956699665225,5.5733152504402765,4.456615616626817,5.35125230877344,7.170918662820183,5.358667901647252,5.448065926108398,4.1160707533211465,3.6259342597112565,5.423460001345678,5.311179924313954,4.952078800811027,7.7126684590596035,4.913115824099056,3.969481447654622,6.082897865826494,5.025110013378623,13.096592843868802,10.747988092049045,6.064536727866448,6.825811930687049,6.369476043022206,5.1721915590620196,6.0166826234281965,4.497933542392197,9.214821287855479,4.872384795605935
ACO03,7.259982478033734,8.9280409089472,0.0,10.560267713878316,8.718800690836787,8.201008257330349,8.88010164942399,9.157662428070942,7.420156760975164,7.499378648365857,8.828744433651723,6.554988299733836,5.585128208396414,7.151846665858369,9.383937286544986,6.774401358317979,11.43753003480831,7.60447918239659,14.064145151341927,5.554680096503375,12.187661814793309,10.509872283004054,7.479447352092342,7.565189233302431,8.839132196644034,13.065766945092303,9.297336855522413,6.774507410257755,10.771182441953492,7.259461839756545,6.351219585984719,9.201485334607659,7.316756517154804,8.895650556012926,9.390696640431763,7.632354274485359,10.5627160716282,3.9368158848906525,6.556946055844793,13.124319507124692,9.170446365287344,8.574303813822388,9.082437921342729,12.89082467759879,8.750599764630788,9.343740607610464,13.912190898603745,8.059037771963887,11.020520116914305,8.879365470756287,8.60902703447085,9.922060487718195,8.123474200648376,8.550409186551,7.479431163557246,11.454960140591766,11.314176566469156,12.37515710001211,6.3584214317034595,7.448806827196627,8.446532110318861,9.634717838566786,8.677210975618497,8.107667637414426,9.150783010502934,10.901517260037357,8.564049993743296,7.74211441492202,10.088753429734327,8.977338994957298,14.087813178451825,12.743271261946397,7.544885123862818,11.73212446795047,10.837983690562364,6.599596270602094,6.740806576111642,7.688287555641813,9.372713478740037,9.59475420896023
ACO04,8.840885645478275,4.956007470479397,10.560267713878316,0.0,7.130474180178532,7.1530189800228205,3.849572173856734,7.662715954486644,6.784086910587926,7.797518848294585,8.077939133323321,7.475760247985792,9.556850198859685,7.238456213843916,9.12267063975858,6.353566500632618,4.911395822324361,6.430717870394439,8.723170279584577,8.931465393556097,7.577548204809358,7.023007775718204,7.287120176288186,7.961830570296501,4.241068426734721,7.6566868950534435,6.755813383824522,7.550374956821227,7.025810237010515,7.099246366253447,7.956298331221565,5.080713571992791,5.857042763255145,6.455814342007023,5.6097710630461215,6.117755417287369,4.956026498507119,9.795831951486367,7.638703545865657,7.430352838729381,4.841606119493351,6.70828206241912,6.73644587138822,6.982926076710818,4.468833652164645,4.087142879842486,8.038842112789188,5.450553603389054,5.782180810508523,3.890515121154069,7.12861461328608,6.68237906777903,6.485488862436602,4.476041153403274,7.53034538036667,4.820163172637139,4.4988871243481645,5.2059743901146955,6.535663575875445,7.458530462122652,5.3138083227787885,4.644313427266163,6.26099235078933,6.197643517396768,5.797935488872066,7.913621653489113,6.955544526905364,5.555304866709582,6.210303552772518,5.49098980481416,10.882857882141732,8.610084740707968,8.041298654824288,6.0321996065773,6.01848317972169,7.413600445886162,7.749249934777222,5.609782708646528,9.459903331789741,5.763045844818536
ACO05,8.79570452372182,4.05433237932994,8.718800690836787,7.130474180178532,0.0,7.696930855067699,6.585959838104351,8.325855904396331,5.4170579027251256,5.231458804882465,8.596074245846925,6.6730454982011445,6.750134113433213,5.871092309107626,9.163936031788035,5.877911769255135,8.555462672081793,7.650886294861995,12.711820227880404,6.7847580849552855,9.372492088648185,8.085741025859681,5.984020142479379,6.03584963653411,6.231891393719306,8.512370285923723,4.435113576786416,5.337082888847937,9.530153511510187,6.134827080150604,7.126293850608187,6.003857140600716,6.315560044706743,7.566397501730907,4.790959558657265,6.28544279288241,7.897484128559084,8.256286370645865,5.839193126597403,9.689556419399961,6.218672870122475,3.946786159274817,6.497848357887927,9.670455574210711,4.752051379816532,4.971770897117819,10.791796536660664,6.453767139470252,8.09126707044904,5.277903315771386,5.834092064968183,5.818376898217353,8.357303155296512,6.065436737475543,4.774941488914417,6.0149041117789235,6.021157579656707,8.656616186622175,5.593280806394521,4.8326530993816705,5.75902145857127,5.57487703427781,5.093660812009628,7.07374144932002,5.9644501735604605,8.237628953674466,5.424813922511021,5.462602815997878,7.439693265407334,6.511784412161082,14.03588604891698,11.76115288239348,5.2861791225037225,7.015205502022316,7.891034841986385,5.454140335021134,6.7927500816564805,5.21867032528848,9.242329712455652,4.406762374080369
ACO06,4.817617085710106,6.509401637575843,8.201008257330349,7.1530189800228205,7.696930855067699,0.0,6.169545290477557,6.766838504581079,7.172202726811383,6.014105687809919,6.255309041996614,4.603861026572851,7.586364194568744,5.028473529897426,5.755175124593728,5.635600326808134,6.993810994194028,4.299361222789957,11.46766245338897,7.137232279120415,8.252208007147159,7.934711446228752,8.678467730474647,7.199357947367388,5.868996696289835,11.678999679492405,7.822483767804545,7.251132413990368,7.299039409715868,6.92819504195824,6.3640594948740565,4.206252062157918,3.92863196855878,4.002735029551117,5.335545336371184,5.982713630143299,5.612775690778244,7.184317302878732,7.015716827029665,10.529648605236801,5.834133669723029,8.488201261261109,7.97476564847483,9.654910143942766,6.101098992050415,7.202737082990446,11.814918820417226,6.104023410725525,8.16861759421951,4.832018404711526,9.25878169365014,9.30783627261757,5.42015341991801,5.512915301016717,7.882269034833397,9.141491522587277,8.28337377497975,8.303137858697704,5.861145551384497,6.330318146090879,4.8487117577183865,7.324481037351112,7.450246555108007,3.3517306897381505,8.060297395413457,9.843966301901826,5.589397637555671,4.76655003225915,7.987498707856832,6.793310783029046,9.810170125013153,7.890838292304756,6.684677908146468,10.318700927140224,8.98862734085883,6.153409523942079,5.704389651834594,6.849484705464465,5.968279066912828,8.42893577794276
ACO07,6.854000218656247,5.5041189220847135,8.88010164942399,3.849572173856734,6.585959838104351,6.169545290477557,0.0,5.680181482722487,5.843412086116117,6.407183161095102,7.447354525372446,6.422960552486412,7.842007882205317,6.453908019700067,7.919016219594819,5.5957076003105914,5.395243161185133,6.316920498755646,8.011415843187322,8.052605981254782,6.434411096039308,7.579458485523167,6.715882160529728,7.4379692864484115,4.749511293754373,9.658678752868532,5.99785288599935,6.610888194152404,6.766854851990848,6.6013056188683565,7.0707329479837835,4.359834625185677,5.042196425182192,5.098743322016047,5.375396438002245,5.833245619386155,5.45193380708815,8.031927094065656,7.093681725629763,8.34844231429737,4.769040188089985,6.411737683061972,6.846037222755934,8.379960466205253,4.111853690588435,4.822294576586105,9.834015523416957,4.467387796676212,7.129145482794823,4.362522087154335,7.923572181126163,6.369727559816165,6.397245906129725,4.6755137871768895,6.7832452600441036,7.007968579511334,5.392921850723963,6.4498783722860145,5.269716912926257,5.8690630423113666,4.49475780569131,5.226659663744341,6.005210874369783,5.081390958587935,6.4468592950011,7.133661615791751,5.599855348764597,5.056242438310185,5.827490530778647,5.013127056406303,9.771570220666614,8.07578556642065,6.800649815764132,7.165490665851965,7.048582523706517,6.49290324828368,6.037075668969937,5.246005341020568,7.2744710231866,6.414961724221239
ACO08,7.217373625437943,7.473390220061496,9.157662428070942,7.662715954486644,8.325855904396331,6.766838504581079,5.680181482722487,0.0,6.497305573430377,5.93272087465857,9.589183471841675,8.184150619504598,8.073373846662799,7.949700597881077,9.230086850303605,7.146991101353181,6.15854344117495,7.82020196550229,11.482967765743322,9.220748884661134,8.784118059193515,9.505196563836757,8.194425798998015,9.292912706453217,7.114988951220126,12.106314927582272,6.316901369831358,7.301789516537034,8.630804612232996,7.117238331344123,7.608042306278405,6.179104163177282,6.193099757957346,7.16164525147216,7.4990230711100025,7.718243337802138,7.588500565796812,7.398741500800151,7.532212620312685,9.682727977298573,7.060524363607842,8.665580372602852,9.016858038721882,11.447092368046452,6.644434439784562,7.034293792665487,12.343510795475707,4.524651548683929,10.715981188132801,6.359158768921099,9.71467702078482,9.670435592092584,8.011736756310395,7.5877759378431895,9.620183250018266,9.723867696729549,8.74380405753631,10.574663526985342,6.087324327545433,5.657503952160456,6.078430743790417,7.8742718442378346,7.046406870460656,5.670891600232007,7.19772019145888,6.661053074598538,4.879579789359854,5.820631070486611,5.894629109680076,6.190574488521198,11.255494781579902,10.249311284925964,9.110364249363183,9.50459919431987,7.389108950377921,8.444202946174158,5.406593422226273,6.61144354340724,8.18767889014109,9.095672688046669
ACO09,8.002427756386568,4.59092836327324,7.420156760975164,6.784086910587926,5.4170579027251256,7.172202726811383,5.843412086116117,6.497305573430377,0.0,5.485258463688316,7.9631785002202475,6.580851894180397,4.6332037400502095,5.288920222441832,8.5402290033902,4.792777701229685,8.05269871928177,6.351398072664859,12.338567754237959,5.604685246090898,10.458957509558928,8.71188406330052,5.271468330239442,5.473449689545044,5.193349089392448,10.200134506150494,5.579577661175639,3.4759404121768553,9.254259856871121,4.180446411416481,4.680750424021548,5.816440789247723,4.5384071135018145,6.871635213625273,5.4151185929914565,5.087983405625722,7.4929305013562395,6.241847815438063,3.686295795347875,9.833387341615474,6.5955843241628065,4.891195082787529,6.021181236634544,10.857343251228839,6.120162477222184,4.878720108969714,11.66659462258403,5.159908266545815,9.248193169915833,5.060359532452371,5.929035787551977,6.301253716282688,7.349435379457517,5.069538347318561,6.05702373676128,7.391767099704102,7.504920244457465,9.343929083373666,5.156835491941797,4.7413059133391435,4.891717932168243,4.913705415446635,5.3421738061593995,6.236411428011811,5.365496282878434,6.841761618388342,4.861965140822737,5.1059170101582,6.708725721729179,4.759042119242507,13.620778500710468,11.39276029121573,6.136372377546471,7.6327581145485555,7.181302974633616,5.251073696743331,4.752656848539834,4.69058679324746,8.740092948779283,6.761398047638939
ACO10,7.859339487445125,5.755355081134485,7.499378648365857,7.797518848294585,5.231458804882465,6.014105687809919,6.407183161095102,5.93272087465857,5.485258463688316,0.0,8.624279250498931,6.199355036356342,5.862550860357706,5.427758694429647,9.299602429009742,5.292459538003586,8.140893244798601,6.100705612280412,13.261284029170316,7.297705592863889,9.933456760342018,8.557068554686222,6.034714865567895,7.55963426999174,6.743899746772289,10.575822930251336,4.922318995239453,5.378683720071122,9.37571649607674,4.740658595274377,5.932574553029005,5.908256004055956,5.803970999747562,7.361200756565189,5.951025607296408,6.502328570875589,8.267966823550243,7.050274363057844,5.741221691030633,9.204701323667452,6.5729478778854205,6.614586198730166,7.7550709977417505,11.234738660871393,6.17268537185633,5.532756777861553,11.706505987299222,4.372299434094506,9.870928966521506,5.537812573554297,7.736524248343576,7.453753034121054,7.179806857485373,6.794576390367598,6.720993328944714,8.803450534250816,7.950511500608002,10.258002976560055,4.421961884463887,4.566012093981333,6.004974216922524,7.204448429400155,5.144538616060047,5.265224288674346,5.658816377488866,7.128768001067467,3.1811439210030845,3.5920744337775177,7.173963970061752,5.74156209763845,12.983346262786853,11.770235517123096,6.050484095794123,8.657591555617847,7.6138743528380575,5.6209161262840635,5.021008506170015,4.814280582953968,8.849729339622714,6.762443095338303
AMB01,6.277435525611274,8.087963066811998,8.828744433651723,8.077939133323321,8.596074245846925,6.255309041996614,7.447354525372446,9.589183471841675,7.9631785002202475,8.624279250498931,0.0,6.5786685011900605,7.977284399399907,4.964488776073381,5.114691302256299,5.308635985233194,9.69133320406249,4.90623874246986,11.915058038389237,6.423240546103245,9.859493469162539,10.32640564800289,8.223894367581371,5.874169907580447,7.085717200992436,12.299003370839067,9.515569816885161,8.082784471119833,9.312056025516602,7.309060363380679,6.75777905573342,7.354670637725823,5.493196153010462,6.054428666704164,6.120300290555252,6.191547305013412,7.212925141818011,7.342484954423247,7.724208066339657,12.093179142804265,7.587219941549025,9.204228653269391,8.94179596524596,10.191044738154744,8.021678696517471,8.613184108824555,12.880135174343142,8.358440543870172,8.86999247099295,7.387765127224865,9.96467217629058,9.145172322075078,7.090631633047321,6.122230044808243,7.527897422553867,9.92174556339181,8.534252535659723,8.648084714497319,8.318121900061492,7.914347838293448,6.586760777058435,7.484528961394447,8.459806260732678,6.7376220075060775,9.836767988096398,11.563423239327266,8.656388022350198,8.183449397738853,10.142218567989973,9.186389275297822,11.720769689031545,8.229761220092113,5.96030121243372,10.741678563836194,11.31046849050341,6.43130820747647,8.062790017166751,8.553501325062628,6.068657164987254,9.436791202571026
AMB02,5.3218465422232875,5.554917854274878,6.554988299733836,7.475760247985792,6.6730454982011445,4.603861026572851,6.422960552486412,8.184150619504598,6.580851894180397,6.199355036356342,6.5786685011900605,0.0,6.951920516475509,4.66910159113514,6.9778603028142845,4.080167168143824,8.539391567420585,4.721773498179794,12.350319760460424,5.327440807175747,8.598184791275443,7.600324367028429,8.091629522277588,6.052604951359208,5.29365792466138,11.555079475233784,7.41607192235129,6.354073409097398,6.995459050777835,6.7399247149011545,6.377974826307734,5.023474912944478,4.994344048914304,5.536462101402306,5.597620316305843,4.841203377406177,6.6918613452685065,6.221320852414965,5.340032489410212,10.74518652725295,5.427478810775012,7.076368431495545,7.911490159547067,9.775095263593837,5.808643798862494,7.20361134557746,12.410676849839115,6.55323498432514,8.168464718430066,5.497316333186613,7.644242284678733,8.49845617590643,5.874733788010802,5.485348469225446,6.236446244382457,8.523887117896356,7.990087429684085,8.719355553067077,4.831995194026607,6.666893340635336,5.521314835282144,6.400771471271858,7.807847791180111,4.218500249963521,8.180630745469616,10.347995767803372,6.2510471479208665,5.274048687898385,8.799495114815706,6.843143164154516,11.922820321151926,9.92469264369088,5.996930193434464,10.322489974692619,9.576536907073095,4.811650434273891,6.225697732170644,6.098779444630287,7.354386341637605,7.689665684035388
AMB03,7.961574749669972,7.453502296985265,5.585128208396414,9.556850198859685,6.750134113433213,7.586364194568744,7.842007882205317,8.073373846662799,4.6332037400502095,5.862550860357706,7.977284399399907,6.951920516475509,0.0,5.772451146532987,8.931508887783945,5.922874334101311,10.359548210169944,6.981865542603834,13.735300494746243,5.999206118831478,11.776786656533108,10.062224627147794,6.1923234298340795,5.7771788249542375,7.816995445319708,11.994470905098707,7.830618247189387,5.699556825234925,10.400322691341854,5.683202240137726,5.291075738154335,7.822859655153951,5.800883079328123,7.985148786700509,7.580490499209122,6.673176108435642,9.664367246128856,5.37784350190438,5.8514850507643015,11.838139864265852,8.449524427522125,6.641865243378882,8.42261466043766,12.409832069950898,8.126178415732825,7.830666911361317,13.296963399980976,6.84382160918951,10.935236030674751,7.56949980132202,7.677156567959744,7.799631050710549,7.837560292084847,6.901225221432595,6.126017011237934,10.35820132218207,9.64209450641871,11.177146107750094,6.280544706394155,5.541279137754816,6.968133843316228,7.838988622684033,6.731889371960714,7.326651640211417,7.878046084201506,8.616824330633202,6.722776622865681,6.688025537025605,9.108001808924056,7.643950225934508,14.189504149132095,12.39462474477009,5.822400759467294,10.017638062006487,9.507885577833092,5.544644110291323,4.9979363505051255,6.794229700416246,8.850326071176143,8.48153172428684
AMB04,6.074891701247648,5.372418005967499,7.151846665858369,7.238456213843916,5.871092309107626,5.028473529897426,6.453908019700067,7.949700597881077,5.288920222441832,5.427758694429647,4.964488776073381,4.66910159113514,5.772451146532987,0.0,5.895463641936851,3.934731804102463,9.187244153327669,3.396967563322226,12.713714719831502,4.3038821637434355,9.950092546413076,8.981012741171233,6.340934081770032,4.3060725778997515,5.7557238941106545,11.271245763616086,7.134421228921055,5.045876364548531,8.676665499637638,4.004505604729023,3.7650277640686705,5.829886274219799,3.4219580693317675,5.4203614020017525,3.7688729036019755,3.5486287858995627,6.750983844283626,6.118640153600403,5.020010708276903,11.229667135083679,6.924342452810105,7.01306412055768,6.851255260821449,10.709762453648237,6.46130207378592,6.2371782254105606,12.183203504060673,6.583753009236006,8.483090202375863,5.162800229022948,8.003108912215442,7.866627116135287,5.993579426956685,4.471686610965666,6.019509027310451,8.447444936697922,8.191383318893552,8.810569066401065,6.11436341745848,5.238390489220029,4.558671407949431,6.505436274164581,6.530149859983839,5.307695756970236,7.612457934463494,9.8746844125617,5.315674705110406,5.433818686827561,8.185513252719678,7.298539586255453,12.37490420265306,9.793867714378237,4.143169254278039,9.822923814488012,9.544315840917918,3.3977031578054344,5.066700074260149,6.358471183074975,6.5904293754498315,7.744259945545784
AMB05,4.613790862287173,8.64824758192037,9.383937286544986,9.12267063975858,9.163936031788035,5.755175124593728,7.919016219594819,9.230086850303605,8.5402290033902,9.299602429009742,5.114691302256299,6.9778603028142845,8.931508887783945,5.895463641936851,0.0,7.345143251315184,10.085473044060127,6.899112021423636,11.705950226257176,7.053134695783311,9.791344369748042,10.595659862384736,10.35819561982072,7.238736713673957,8.143404535800073,13.97164907973883,9.748069901657024,8.50288974765473,9.74015389749438,8.565163722463017,7.438936046695546,7.245804118120202,5.5577016715366465,4.55914553118942,6.346043737554316,7.339645265800471,6.974616880069821,7.408100136015987,8.337392560916369,13.89021595608616,8.707146336836612,10.162930071967516,9.32635586327781,11.97239384063073,8.022567919235474,9.773780806553873,14.606743382387254,9.540752881115536,9.899465724147262,7.971136819617837,10.986780338623587,10.72485017419452,7.896564782310604,6.903877663444283,9.524524288816984,10.720440329578354,10.041986883598296,9.342491570411783,8.929693184510091,7.898194784399668,6.389885883421642,8.854366077298971,10.206640230132164,6.769005118989508,10.843176970905716,12.682716318056382,8.330170048258815,8.678096948417567,10.5961417190819,9.508584821921524,10.016811909504119,6.714817720520699,7.769902781448524,12.5201709001097,12.157063078211555,7.887863855604291,7.846618294619941,9.920171731190562,3.2457955779115872,10.83266992445783
AMB06,6.151712323944678,4.901135655047659,6.774401358317979,6.353566500632618,5.877911769255135,5.635600326808134,5.5957076003105914,7.146991101353181,4.792777701229685,5.292459538003586,5.308635985233194,4.080167168143824,5.922874334101311,3.934731804102463,7.345143251315184,0.0,7.822698657312016,3.856512711462943,12.25250838037991,4.905935716014752,8.938977295071892,8.38547558837291,5.79859139274696,5.651289759637665,4.456048789528175,10.493675056383504,5.885562417244726,4.927725500579385,7.654258584260493,4.80751613592289,5.2285079106202295,5.219286674412012,4.534229252661803,6.214677232720169,4.776817801560008,4.197549099934615,6.819870556381919,5.3953159964140225,3.851118148797753,9.63458549661166,4.954641323519356,6.136773938652069,7.180474749336861,9.734119288873469,5.490031817440427,5.666472472180289,11.698985483717816,5.157421975709854,8.564912277581366,4.725426595758357,6.539741038297146,7.012459704302139,5.823910578008381,5.128905443200926,5.692946676036614,7.664027910685561,6.446220048979985,8.594026044574441,4.606912304967938,5.961702455463598,4.993960392588425,4.806667064795929,6.182203422275502,4.411460553326809,6.547451951787534,8.864223331947,5.53515647989196,4.719157891118423,7.964426421644935,5.741358370003973,12.646097263429407,10.192535711446626,5.398486433670191,8.545612376356845,8.257795910560299,4.5497906223436155,5.886566248610813,4.6262140312204805,7.729542459726056,6.43548615751691
AMB07,8.95960746313849,6.550446363419971,11.43753003480831,4.911395822324361,8.555462672081793,6.993810994194028,5.395243161185133,6.15854344117495,8.05269871928177,8.140893244798601,9.69133320406249,8.539391567420585,10.359548210169944,9.187244153327669,10.085473044060127,7.822698657312016,0.0,8.06814080436306,9.020834968711071,10.70046709652958,7.026021748489787,7.019510367883771,9.322713310737678,10.073508734501393,5.660557176773056,8.619144399089588,7.32887229467749,9.098100015921075,6.823343329943064,9.081355711560079,9.528784415269119,4.681730733640433,7.030761110460097,6.9388386281034355,7.329062954377364,8.28702044713147,5.274587537417557,10.405222968427736,9.039939884356421,6.607436508871229,5.16959098703026,7.87094599146097,8.239254791066955,7.445884876833657,5.363866004526401,5.827359782505095,8.712566281042708,5.541418813573252,7.795281882937075,5.095435991041538,8.537021340830588,8.419914979248894,7.569754112461872,6.761950024619271,9.296449129918054,6.578430820687841,5.772115870228318,6.7594356369080355,6.858785977730521,8.250006217376958,6.253865714417711,5.946051888500034,7.295121315773634,6.043852987340943,6.797478344987635,6.878534413779355,7.149525508277144,5.892755691630938,5.773761692826173,5.949385782204264,10.507209301986594,8.970761485048845,9.751637716940317,6.974768981015314,4.9782883345372495,9.248366101070909,8.190929844100529,6.474790663713438,9.755437047784987,7.501059125050877
AMB08,6.307699680953919,6.0367049927425676,7.60447918239659,6.430717870394439,7.650886294861995,4.299361222789957,6.316920498755646,7.82020196550229,6.351398072664859,6.100705612280412,4.90623874246986,4.721773498179794,6.981865542603834,3.396967563322226,6.899112021423636,3.856512711462943,8.06814080436306,0.0,12.249842244737584,5.702845313940278,9.656790062703331,8.368566271867474,6.70860218207189,5.837634452297957,5.10244226403528,10.779427177401097,8.131504307895586,6.162785299872589,7.943488679245103,4.738504612445055,4.684924608589732,5.778909315679988,3.8073359049064655,5.707581921767895,5.267818033172575,3.8438085097158603,6.336193192364957,6.730455220636679,6.019565509495702,9.885168589074802,6.117527500057875,8.035929425618479,7.423599949652589,9.47086736704906,6.728554581358214,6.248457362611753,10.993249003758988,5.795183300131822,7.841822149444767,4.847819194872953,8.357237921237251,8.499777250023067,4.89953439126948,4.6306123156319785,6.792860149837515,8.581328242795637,8.032438650032061,8.47479922796991,5.962258295373984,6.605169831283971,5.1117364007529,6.557300029423834,6.617916892857647,4.659820212234157,7.304039369107475,9.626585135902175,6.3413166814329855,5.133194630746189,7.927465776984483,6.982315912288015,11.807276720064825,9.43214285549019,5.8451666136437606,9.544637788839824,8.78783141097867,4.5001277315016965,5.7488102691768885,6.02397188308621,7.661996645311586,7.86568299664621
AMB09,11.497456282284752,11.674056110435863,14.064145151341927,8.723170279584577,12.711820227880404,11.46766245338897,8.011415843187322,11.482967765743322,12.338567754237959,13.261284029170316,11.915058038389237,12.350319760460424,13.735300494746243,12.713714719831502,11.705950226257176,12.25250838037991,9.020834968711071,12.249842244737584,0.0,14.054147603715325,9.011442210322791,10.83277541579167,12.65839784044439,12.927073491179538,10.31570178605615,12.61531161640078,12.562212702549859,13.407662328538493,10.052003150742935,13.231749673877326,12.940274012038087,9.94787383979144,10.744100224853637,9.136315671873684,11.34624152579385,11.771549933358479,8.99345080781647,13.91400364460363,13.709121005874003,12.049526713057796,10.289158938121526,11.704849370984476,11.197135115662189,9.867171695756317,9.62827313529124,10.71809625737857,11.409492873775658,10.84907134539789,9.572345957400204,10.561048374057707,13.092198429984983,10.807336638330217,10.884760609357015,9.848412743517382,12.098847998472401,11.025680546239908,9.749981668013897,7.070099378920815,11.87892437802852,12.314031147522277,10.42036977054291,10.909491502339133,11.717437118073956,10.90018972909409,12.087436691536794,11.922412769727963,12.43557303559291,11.55796780146377,10.842745249865297,11.211955847850563,7.836270250346436,7.474330869384195,12.39975403762951,11.135771791655934,11.44806589545985,12.560868496657669,12.073822669172058,11.721279876255142,10.904869664205643,11.670813886235296
AMB10,6.607425542999971,6.512360077313809,5.554680096503375,8.931465393556097,6.7847580849552855,7.137232279120415,8.052605981254782,9.220748884661134,5.604685246090898,7.297705592863889,6.423240546103245,5.327440807175747,5.999206118831478,4.3038821637434355,7.053134695783311,4.905935716014752,10.70046709652958,5.702845313940278,14.054147603715325,0.0,11.329061719810726,10.038824691210651,6.62105717321972,4.253321448156844,6.691883654594347,11.881154099658763,8.167754447170088,4.13578979922585,10.28595939545089,5.278695446591891,4.463787382965203,7.663259076504282,5.520340461600866,7.491342033707869,6.339132669190195,4.799953066431284,8.71076151019116,4.66476033471435,4.311876436042921,12.544426004839723,7.840780828283961,7.343773418365701,6.822805727906112,11.543077074449133,7.577669547688493,7.660957410720229,13.192143041852653,7.928291602071164,9.211438302067187,6.935071328691812,7.62096134595099,8.872523263937586,7.819245540352471,6.369761209127161,6.093614419154727,9.167743429240193,9.665346179901423,10.807677697161935,6.364413172617135,6.2082461688922725,6.30006902432444,7.180689550490414,7.63578966333389,7.463770605435063,8.333227146658842,10.927894696334471,7.574652321672172,7.179703470222284,9.181118095446813,8.001518449879834,14.485010955928802,11.70195510339131,5.489156254546321,10.570510041469038,10.533199493407029,4.217967983896708,6.472063299671718,6.952569632412891,8.031227806263352,8.311283533886861
CHP01,7.936929348680015,8.780458352809392,12.187661814793309,7.577548204809358,9.372492088648185,8.252208007147159,6.434411096039308,8.784118059193515,10.458957509558928,9.933456760342018,9.859493469162539,8.598184791275443,11.776786656533108,9.950092546413076,9.791344369748042,8.938977295071892,7.026021748489787,9.656790062703331,9.011442210322791,11.329061719810726,0.0,8.891974249954746,10.864106848068172,10.953178734631148,8.531205726132624,12.004381819985026,9.258417371593916,10.520012941712626,6.7428597957574805,10.920922935856545,11.712603019558534,6.549607864484846,8.876531662221826,7.794947299408832,8.495959519677228,9.670409711810388,7.723984408440982,11.155691797135754,10.903418649071346,10.480535724791443,5.957145263882871,9.339201693851951,10.61130374626883,8.80677611693286,6.6395934645316395,9.114338759185392,12.145089068267968,8.827736189404316,9.290343578247167,7.627313278517133,11.14258156915027,9.824527302548896,8.599200306311282,8.72106698846688,9.523720351149192,9.357433741110562,7.29851141243771,7.523594546522066,8.343633843023186,9.374647928411049,8.292528120967544,8.252020801550405,9.956737850530573,7.794262778768369,10.326366328146605,11.220330939445502,9.258735901399177,8.45682424816241,9.232160623214538,8.519456438381061,9.909982366681689,8.385577161627499,10.044955931839844,10.370628933452668,10.619111096659466,10.212324746145317,10.056644419811986,8.868472040059023,8.959379551599824,9.023280351076005
CHP02,9.72518509618781,6.152872216373229,10.509872283004054,7.023007775718204,8.085741025859681,7.934711446228752,7.579458485523167,9.505196563836757,8.71188406330052,8.557068554686222,10.32640564800289,7.600324367028429,10.062224627147794,8.981012741171233,10.595659862384736,8.38547558837291,7.019510367883771,8.368566271867474,10.83277541579167,10.038824691210651,8.891974249954746,0.0,9.497201069812233,9.361206484324331,7.129097302614847,8.213706074556322,9.235350377453448,9.38041070191537,8.509000326248696,8.848148840784107,9.400720163698589,6.335098450128008,7.55398131428335,8.129720158286778,8.43031975378761,8.376770713866183,6.962605891547304,10.713382121068639,9.538355761262173,8.276823437713348,5.980826413970429,6.7677976492852245,7.567649983637695,7.9101083273671895,5.431172267434795,6.850506419550938,9.446692001020718,7.409662032296527,7.654799686269623,6.829266508743413,7.423327795128374,7.1641700543082045,5.898610609526826,6.691376553995527,7.644422323122175,6.99030215265134,7.2477888021224794,7.324482335999052,7.677989424490028,8.635354725162038,7.757100518783209,7.4953201083280705,8.183476342516052,6.886514328868993,6.784894352073553,9.058526312536705,8.486671914799523,6.440209735532372,8.23611242472919,7.452780352373388,12.666631111792139,11.126713037297135,9.295881070691177,8.40902207059141,7.413553839851727,8.691656944223826,8.222596379128015,7.380264463875,11.283814795897257,7.3333069127006185
CHP03,9.30355119187359,6.581099130491284,7.479447352092342,7.287120176288186,5.984020142479379,8.678467730474647,6.715882160529728,8.194425798998015,5.271468330239442,6.034714865567895,8.223894367581371,8.091629522277588,6.1923234298340795,6.340934081770032,10.35819561982072,5.79859139274696,9.322713310737678,6.70860218207189,12.65839784044439,6.62105717321972,10.864106848068172,9.497201069812233,0.0,6.5884602768584335,6.749312065024209,9.156755531464219,7.283125820462918,4.9432355938891925,11.036497746164997,4.345357563835241,6.173138786016064,8.20583422168493,6.510553553624591,8.896909934816868,7.200483402143437,6.045321914155472,9.423970751213332,7.380491332538434,6.186304840759563,8.93634513933872,6.960736838777737,5.973074579244569,7.024886844419633,10.029479670146275,6.992789159805627,5.152598804632678,10.231169477284066,5.655086688920259,8.838291358501099,6.365303686098297,7.1250890299496765,6.259200102367926,8.118357964975724,6.7835942837720635,5.1531844570189005,8.150873551119739,7.980211274590901,10.018510104979633,5.777751932649918,5.954247614046799,7.28509203907905,6.96843536716939,3.7714591749329602,8.23694823623577,5.040947782252592,7.421859944402925,7.160806964854293,6.437190046382166,7.258938460204341,6.515644839254098,14.502477344435118,12.390630913370424,6.2359166436521125,6.462155692445436,7.921019887568352,5.681277050764041,6.9014898635627935,4.313746117081387,10.35560573588326,5.983227381105611
CHP04,7.760864848182583,5.895124870832556,7.565189233302431,7.961830570296501,6.03584963653411,7.199357947367388,7.4379692864484115,9.292912706453217,5.473449689545044,7.55963426999174,5.874169907580447,6.052604951359208,5.7771788249542375,4.3060725778997515,7.238736713673957,5.651289759637665,10.073508734501393,5.837634452297957,12.927073491179538,4.253321448156844,10.953178734631148,9.361206484324331,6.5884602768584335,0.0,6.115417326910205,10.707090060111192,8.194077284317226,5.637391738534471,9.66745633488124,5.48495410125199,4.850297980801401,7.206801858782589,4.6874238391896235,6.862412747758853,5.607763799934448,4.133063009944166,7.517322434680274,6.946784189086502,5.930759768432015,11.84327545494512,7.707176814303256,6.818456565629713,6.794801939074789,10.039670103137457,7.247600023138098,7.042075087553168,11.814169402233514,7.454306951408091,7.862239465253036,6.429800232132793,7.793881960763739,8.12439125051165,7.754285448834488,4.502322724907647,5.186772679988962,8.258262105880029,8.499303560866469,9.322663309070597,7.282058356773276,5.275175318630211,5.365283582967967,6.540883709264353,6.414068489313922,7.4391280142772365,8.238596484791977,9.953213614398456,7.655611530596792,7.397953557787578,8.386926329559095,8.45823009766755,13.96470821290781,10.881186524974398,4.528455827546428,9.522402599288394,10.063308988303637,3.7526764460243145,6.010909479706199,7.3198050896486295,8.13314200370336,7.733857477252543
CHP05,7.530738958170405,3.8143653879753607,8.839132196644034,4.241068426734721,6.231891393719306,5.868996696289835,4.749511293754373,7.114988951220126,5.193349089392448,6.743899746772289,7.085717200992436,5.29365792466138,7.816995445319708,5.7557238941106545,8.143404535800073,4.456048789528175,5.660557176773056,5.10244226403528,10.31570178605615,6.691883654594347,8.531205726132624,7.129097302614847,6.749312065024209,6.115417326910205,0.0,8.645144352729464,6.342551961973133,5.951435893064634,6.97978891780099,6.235125759076415,6.171759597001314,4.2722375771955505,4.566268508634787,5.525338831322297,4.699267948523215,3.7898483665138873,4.68637673613566,7.944492323168217,5.408292321235113,7.874853201971001,4.261099014670005,6.044564861375315,5.924887956914951,7.239847402485416,4.627811458960407,4.101327733405653,9.191107687696016,4.60262745768726,5.905690814067382,3.071586724752913,6.506774567117961,7.031658722227467,6.610283387177971,3.690872877259661,6.38271924509152,5.28465032722327,5.347910632692483,6.565593276471542,5.236620329170079,6.5440125950208925,3.93966018477054,3.663669865625958,5.560972627373514,5.009013796759249,5.760921114644999,7.66469023193822,6.081540928256351,4.881911009459662,6.064013148414429,5.230100527165092,11.84292175836133,9.280899363454099,6.723632779395296,6.820220892906952,6.340392112012134,5.255550362138697,6.473695836081208,4.410688016421951,8.53869529674907,5.777172823840384
CHP06,13.787469603294486,7.9426315168850845,13.065766945092303,7.6566868950534435,8.512370285923723,11.678999679492405,9.658678752868532,12.106314927582272,10.200134506150494,10.575822930251336,12.299003370839067,11.555079475233784,11.994470905098707,11.271245763616086,13.97164907973883,10.493675056383504,8.619144399089588,10.779427177401097,12.61531161640078,11.881154099658763,12.004381819985026,8.213706074556322,9.156755531464219,10.707090060111192,8.645144352729464,0.0,9.68084443068107,10.306197780363046,11.558590145505148,10.332829739195894,11.22473276752226,9.61704801468528,10.488470134562029,11.509845219934126,9.895531930913094,10.181841734254185,9.778590115979153,13.393263397067747,11.18282779101991,7.314405485533472,8.868772570852434,7.59311063473195,8.113958680765009,7.128582094680045,8.128811906718443,6.696091210852449,4.98735315706134,9.148589771703122,7.080585110185029,8.35547413898757,7.414659238860481,7.767327321692405,10.649146056339367,8.959999205102594,8.40502527908152,5.417140345368528,7.180076498192395,8.693582482638579,9.675022558865347,10.446265468183572,9.755297908863684,7.97279250008813,7.653842641641017,11.136268776856637,7.240248750439109,8.899745638067847,10.96299639373467,9.025502461113662,8.398035805553942,9.48621215125415,16.206966624032642,14.168024623510872,10.393994785882324,5.2833079354344115,6.571562205398818,10.045685369595112,11.340370690171351,8.213118329363,14.421352492131623,6.021680302157509
CHP07,8.760622190328732,5.063184856246706,9.297336855522413,6.755813383824522,4.435113576786416,7.822483767804545,5.99785288599935,6.316901369831358,5.579577661175639,4.922318995239453,9.515569816885161,7.41607192235129,7.830618247189387,7.134421228921055,9.748069901657024,5.885562417244726,7.32887229467749,8.131504307895586,12.562212702549859,8.167754447170088,9.258417371593916,9.235350377453448,7.283125820462918,8.194077284317226,6.342551961973133,9.68084443068107,0.0,5.839819821374299,8.858525629703763,6.7239198084339575,7.623507021318388,5.755193940769027,6.907388823961293,7.8612880569578465,5.5394117101867,7.261893937508936,7.894450901824094,8.112430441108659,5.59311055226865,9.575046784054196,6.517636719630526,5.955357058145118,7.601580997501776,10.809812229940102,5.09486764090457,5.309308644340979,11.477629029002934,5.4261943745674035,9.55127049751361,5.384044197499218,6.564125745111248,7.3905374869596505,8.755098425529424,7.184554120549871,7.64909394281714,6.755726365443674,5.940810117600582,9.520838401476508,5.335432677341164,5.412848864328538,5.783213824855576,5.717219439085263,6.125729505738536,6.384484859787488,6.023078895525204,7.539794032624928,4.385562886287119,5.063177717979718,7.0652305571252665,5.6725063546464485,13.336983911137752,11.608303404305605,7.505347909104277,7.617271865093252,6.895533953332713,7.260856451846725,6.808301827045686,5.419319428737303,9.406042796705199,5.530428937089998
CHP08,7.632674419344018,5.208068747490777,6.774507410257755,7.550374956821227,5.337082888847937,7.251132413990368,6.610888194152404,7.301789516537034,3.4759404121768553,5.378683720071122,8.082784471119833,6.354073409097398,5.699556825234925,5.045876364548531,8.50288974765473,4.927725500579385,9.098100015921075,6.162785299872589,13.407662328538493,4.13578979922585,10.520012941712626,9.38041070191537,4.9432355938891925,5.637391738534471,5.951435893064634,10.306197780363046,5.839819821374299,0.0,10.041648822542909,3.7314724089151605,4.60216504071123,6.670483398665847,5.393777581460484,7.497459093757964,5.749273227424884,5.050512403911971,8.4176464715501,5.699744984350856,3.760983980416668,10.385821954279981,6.8898845386681025,5.86559684058332,5.798988036941374,11.041428461105903,6.488917065209672,5.413894438172117,11.741317803274427,5.9521077464890775,8.99969520982151,5.440110297789812,6.562239292326771,7.384634875961297,7.928087074829925,6.173400151170116,5.753048416402907,7.8143735050985645,8.323253045949333,10.327531590026428,4.6962440511745775,4.575608934257051,5.463888515093492,5.89714701053728,5.646383553681618,7.023996070411622,5.750985720230973,8.269318627344207,5.543785506768214,5.403813035201432,6.942554940824747,5.3982800943300875,14.324480353161317,12.071567048696055,5.888983714037377,8.376150520478642,8.325643056974618,4.549516222291894,5.447478522024536,4.7501697838683,8.793006968851676,6.4692269858605
CHP09,8.372102244755828,7.477469254114112,10.771182441953492,7.025810237010515,9.530153511510187,7.299039409715868,6.766854851990848,8.630804612232996,9.254259856871121,9.37571649607674,9.312056025516602,6.995459050777835,10.400322691341854,8.676665499637638,9.74015389749438,7.654258584260493,6.823343329943064,7.943488679245103,10.052003150742935,10.28595939545089,6.7428597957574805,8.509000326248696,11.036497746164997,9.66745633488124,6.97978891780099,11.558590145505148,8.858525629703763,10.041648822542909,0.0,9.971890958826993,9.783095992104093,5.42146242273223,7.543243395585215,7.09344229210325,7.6485939107069925,8.049821329406985,6.429121678346759,10.318330186194238,9.39138470093978,11.038352980020829,7.015240384946425,8.887165275076871,9.49966085561624,9.288976143057846,7.019408649417927,8.468795135388051,11.720204606099129,8.039475376142827,8.569895374168294,6.737777834317703,9.425097266494895,9.929694448860964,6.794905911224885,6.905056257906771,9.256911034983121,8.789152573068725,7.662927109997793,7.156621924285953,8.11448458604194,9.249974921805492,6.912000133284234,7.1090972418698595,9.898760154489372,6.232639127750741,10.167967977504345,11.005807389302326,8.394786074402681,7.033187274378991,8.90379825044144,8.5166798393296,10.535713684128208,9.25820838571508,9.03921897107498,11.08639855154895,9.542505344532113,8.663209573051265,8.522930655639264,8.63213049381632,9.346839627417019,9.210569533445957
CHP10,8.011591024002449,5.404157622332889,7.259461839756545,7.099246366253447,6.134827080150604,6.92819504195824,6.6013056188683565,7.117238331344123,4.180446411416481,4.740658595274377,7.309060363380679,6.7399247149011545,5.683202240137726,4.004505604729023,8.565163722463017,4.80751613592289,9.081355711560079,4.738504612445055,13.231749673877326,5.278695446591891,10.920922935856545,8.848148840784107,4.345357563835241,5.48495410125199,6.235125759076415,10.332829739195894,6.7239198084339575,3.7314724089151605,9.971890958826993,0.0,3.438398660891787,6.941409157493165,4.584391788853826,7.526520793936336,5.74944700080702,4.551378085330611,8.0049404904127,6.398977685245003,5.003395321690934,10.093571353977346,7.197292557640251,6.6929108322141415,6.262452214546783,11.109879638769783,6.793131512388074,5.126374516554213,11.365654047560362,5.287893816750114,9.206799374763385,5.499938902861471,7.385210036047946,7.314998079788364,6.419575894124147,5.360985053690107,6.21570016674068,8.348653175741525,8.451762145805052,10.059951668716032,5.895055959418364,4.498219375146899,5.516932898771542,6.7491393782805185,5.037065772457606,6.449900127166313,5.393873153950152,8.028603515980903,5.264432902389352,5.127385000169341,6.941542045053017,6.27320105479011,13.810510575555071,11.648926530516666,5.70257680846883,8.60343384107211,8.222338951025009,4.49730320098448,4.559001978165796,5.338281917792449,9.063730586761704,7.145345158144207
CLA01,7.296286538572029,6.223911839376441,6.351219585984719,7.956298331221565,7.126293850608187,6.3640594948740565,7.0707329479837835,7.608042306278405,4.680750424021548,5.932574553029005,6.75777905573342,6.377974826307734,5.291075738154335,3.7650277640686705,7.438936046695546,5.2285079106202295,9.528784415269119,4.684924608589732,12.940274012038087,4.463787382965203,11.712603019558534,9.400720163698589,6.173138786016064,4.850297980801401,6.171759597001314,11.22473276752226,7.623507021318388,4.60216504071123,9.783095992104093,3.438398660891787,0.0,7.021663994751144,4.11429383637367,6.733257593942585,5.892683737377475,4.177553455548407,7.6466853159462564,5.712068821115486,5.194841821499651,11.558371625987787,8.222991273602496,7.530811867996035,5.756643529303504,11.401994308369877,7.421119103893815,6.335764071249366,11.786299412482535,6.203642230270766,8.99293370352201,6.094752751932439,8.030066937141727,8.262458570717058,6.60663145680773,5.180872232788479,6.785983612640602,9.040452811033722,9.23100619837095,10.136756951835785,6.673839668274718,5.142839072707126,4.976164660948409,7.339228053437086,6.292303755340887,6.457113531927336,7.163584341827533,8.985467342378245,6.050813947548108,5.9174677643961155,7.525482283793587,7.618592341868962,13.392155714336493,11.109419759780078,5.354772443287204,9.886045073566345,8.914241024049574,3.902898399210943,3.9643189128145107,6.713877011934907,8.06591882890341,8.25654690270664
CLA02,6.4959677976639725,4.016361793111142,9.201485334607659,5.080713571992791,6.003857140600716,4.206252062157918,4.359834625185677,6.179104163177282,5.816440789247723,5.908256004055956,7.354670637725823,5.023474912944478,7.822859655153951,5.829886274219799,7.245804118120202,5.219286674412012,4.681730733640433,5.778909315679988,9.94787383979144,7.663259076504282,6.549607864484846,6.335098450128008,8.20583422168493,7.206801858782589,4.2722375771955505,9.61704801468528,5.755193940769027,6.670483398665847,5.42146242273223,6.941409157493165,7.021663994751144,0.0,4.390853838723521,4.211379153220589,4.056415482649385,5.869506561207675,4.1405287273869185,8.233632532206245,6.40995292458458,8.706258682812553,4.169656241347242,5.931447100749076,6.389519893248097,8.375620895492556,3.8438805396532607,5.040699192531444,10.482476681880067,5.242935708635011,7.191130650640867,3.2034418196707573,7.184368570566342,6.959196587118313,5.661539614038171,4.387145026927884,6.8056544647301624,6.362716745296343,5.48447306662633,6.164396999955108,5.151338149358233,5.9913062911021155,3.7310625664176515,4.346627879537498,6.606114441907717,3.350060020600494,6.665020682283383,8.017067167953574,4.672677403997552,3.642813350798107,6.4324024670788456,4.899804430588173,10.382862124668543,8.365509740161299,6.4600546332076245,8.094334110679192,6.955190343970756,6.208464870614024,5.920596125803026,5.469907614678233,7.13988858514887,6.5512019271640005
CLA03,5.429020228813545,4.847349506717437,7.316756517154804,5.857042763255145,6.315560044706743,3.92863196855878,5.042196425182192,6.193099757957346,4.5384071135018145,5.803970999747562,5.493196153010462,4.994344048914304,5.800883079328123,3.4219580693317675,5.5577016715366465,4.534229252661803,7.030761110460097,3.8073359049064655,10.744100224853637,5.520340461600866,8.876531662221826,7.55398131428335,6.510553553624591,4.6874238391896235,4.566268508634787,10.488470134562029,6.907388823961293,5.393777581460484,7.543243395585215,4.584391788853826,4.11429383637367,4.390853838723521,0.0,3.6770384158956877,4.100981926545279,3.6879232057235085,4.874642707335257,6.103210746211537,5.377955270504945,10.093349832944925,5.835659030224109,6.63579413651732,6.249914698813695,9.398067944554406,5.230683209697502,5.463833158902644,11.010263072555885,5.13814159000213,7.537554894029878,3.88034730792765,7.572921443658733,7.665704958668029,5.0270897983150435,3.001237538904244,6.403606822052837,7.651888214982413,7.424699722976618,7.551880967088933,5.573812447031708,4.5135133056374315,3.0711818790601506,5.772882506402336,5.781944321419853,3.9802345934969106,6.551765261246664,8.390857029699694,4.975456310300999,4.693924265096179,6.49528241411635,6.015118341929814,10.619767092607955,8.109146464420562,5.5858179261153165,8.788733468884939,7.901974748702361,4.6364980647499765,3.7866657431101456,5.751006613587464,6.109648666052989,7.396333970138295
CLA04,5.1508852544456,6.37972354681703,8.895650556012926,6.455814342007023,7.566397501730907,4.002735029551117,5.098743322016047,7.16164525147216,6.871635213625273,7.361200756565189,6.054428666704164,5.536462101402306,7.985148786700509,5.4203614020017525,4.55914553118942,6.214677232720169,6.9388386281034355,5.707581921767895,9.136315671873684,7.491342033707869,7.794947299408832,8.129720158286778,8.896909934816868,6.862412747758853,5.525338831322297,11.509845219934126,7.8612880569578465,7.497459093757964,7.09344229210325,7.526520793936336,6.733257593942585,4.211379153220589,3.6770384158956877,0.0,4.781014351577242,5.780683948801367,3.9612414766337443,7.8162850451213135,7.449360241890218,10.64876586561906,6.461436179427204,8.040421734910174,7.606365501418884,9.398904296621454,5.748285003650728,6.980954260172168,11.66442822855184,6.758700347346428,7.546444765423212,5.136692495823009,9.295662159797878,8.668199350069521,6.517970204809347,4.523892294993764,7.858870310339593,8.40467714036103,7.664033309332751,6.510681984202759,6.657277202579765,6.517745555494563,3.8720658107486163,6.638927714385535,7.8883567307246105,4.270738419816178,8.547471293998461,9.622561692599303,6.1044416827551,6.060950812366678,7.603242473678671,6.990191370308891,8.204353714484387,5.909826129003921,6.818138544071315,9.907146129380166,9.201696208530626,6.405984375904503,6.071658028148088,7.350218598355545,4.374585507705684,8.593529234736035
CLA05,6.947682638537452,3.998507048992667,9.390696640431763,5.6097710630461215,4.790959558657265,5.335545336371184,5.375396438002245,7.4990230711100025,5.4151185929914565,5.951025607296408,6.120300290555252,5.597620316305843,7.580490499209122,3.7688729036019755,6.346043737554316,4.776817801560008,7.329062954377364,5.267818033172575,11.34624152579385,6.339132669190195,8.495959519677228,8.43031975378761,7.200483402143437,5.607763799934448,4.699267948523215,9.895531930913094,5.5394117101867,5.749273227424884,7.6485939107069925,5.74944700080702,5.892683737377475,4.056415482649385,4.100981926545279,4.781014351577242,0.0,4.521926455987365,5.29647115355055,8.079953123480792,5.540035677636657,10.057342901418759,5.899316161230825,6.089776846523969,6.129166909416302,9.2889676596316,4.884045339197391,4.960778903284903,11.071949545302372,6.421231506880148,7.238813506240724,3.781080735802539,7.41718882172921,7.069764567490398,6.89547717804457,4.192093017255168,6.445859710191426,6.254697746511156,6.078994960588566,6.872915400976162,6.168209202841189,5.575484703614012,3.7131973359706505,4.785569737519997,6.234874463056054,5.166511386088858,7.138802138827702,9.185239058663292,4.697684126251612,5.074046076702163,7.2866394446287845,6.398147568234644,11.70247996317242,8.882127719031802,4.995471459377065,8.296430442449303,8.295902361377383,5.03412606791888,6.249065681821906,5.992686286724476,6.632589012575758,6.590470214965859
CLA06,6.757525939339633,4.808507576079737,7.632354274485359,6.117755417287369,6.28544279288241,5.982713630143299,5.833245619386155,7.718243337802138,5.087983405625722,6.502328570875589,6.191547305013412,4.841203377406177,6.673176108435642,3.5486287858995627,7.339645265800471,4.197549099934615,8.28702044713147,3.8438085097158603,11.771549933358479,4.799953066431284,9.670409711810388,8.376770713866183,6.045321914155472,4.133063009944166,3.7898483665138873,10.181841734254185,7.261893937508936,5.050512403911971,8.049821329406985,4.551378085330611,4.177553455548407,5.869506561207675,3.6879232057235085,5.780683948801367,4.521926455987365,0.0,6.075362204318556,6.754305796005796,5.082400722936125,9.958766116383833,6.19059497289823,6.721299337202362,6.256672501676246,9.000812884657474,5.986756117089504,5.346256640935547,10.55517968502278,5.731207646189785,7.015625773549197,4.423195544757903,7.545211550451954,7.953656425081252,6.457480226697975,3.6663486579233706,5.915690645249388,7.146990913512468,7.4293132592220195,8.164093097204859,5.822931857206473,5.589444677761951,4.073174347205819,5.631236942110777,5.8302277590924,5.727677658158196,6.988858577791783,8.975360418152503,6.219446026585718,5.780698528451935,6.838519572335704,7.02358769639582,12.601302286138505,9.921279628606015,5.5399982492746425,8.697392516270659,8.384844065446792,3.2680790414351706,5.152006050152098,5.537842853730822,7.9124198287157705,7.000915161423039
CLA07,7.417247468804352,5.517516699693478,10.5627160716282,4.956026498507119,7.897484128559084,5.612775690778244,5.45193380708815,7.588500565796812,7.4929305013562395,8.267966823550243,7.212925141818011,6.6918613452685065,9.664367246128856,6.750983844283626,6.974616880069821,6.819870556381919,5.274587537417557,6.336193192364957,8.99345080781647,8.71076151019116,7.723984408440982,6.962605891547304,9.423970751213332,7.517322434680274,4.68637673613566,9.778590115979153,7.894450901824094,8.4176464715501,6.429121678346759,8.0049404904127,7.6466853159462564,4.1405287273869185,4.874642707335257,3.9612414766337443,5.29647115355055,6.075362204318556,0.0,9.505801588104747,8.182283879848688,9.29649828674359,6.049175856986131,8.010650109457398,7.224155520895464,7.772517264894668,5.445781520342999,6.098869343006559,9.806380356542647,6.581104270595244,6.520581625079434,4.599011503757639,8.923414685954995,8.627211645949227,6.658832624308482,4.126268200814232,8.44763776000289,6.530381911303315,6.364580372415413,5.366541438808651,7.565395790335052,7.364726682290211,3.8124152976289145,5.794048072946161,7.789247491907787,5.019705323010284,8.015907197376077,8.94667511038916,6.833649070714106,6.313696552211424,6.433130308978944,7.2863260313081275,9.537804405513661,6.89005756372532,8.017279980780376,8.839220179026844,7.822966822696903,7.281558653800147,7.108400832450527,7.4789496738725445,7.401776607221973,8.09607979864827
CLA08,5.26169110123971,8.258573608297556,3.9368158848906525,9.795831951486367,8.256286370645865,7.184317302878732,8.031927094065656,7.398741500800151,6.241847815438063,7.050274363057844,7.342484954423247,6.221320852414965,5.37784350190438,6.118640153600403,7.408100136015987,5.3953159964140225,10.405222968427736,6.730455220636679,13.91400364460363,4.66476033471435,11.155691797135754,10.713382121068639,7.380491332538434,6.946784189086502,7.944492323168217,13.393263397067747,8.112430441108659,5.699744984350856,10.318330186194238,6.398977685245003,5.712068821115486,8.233632532206245,6.103210746211537,7.8162850451213135,8.079953123480792,6.754305796005796,9.505801588104747,0.0,5.285666824505053,12.885171102037592,8.25681258467321,8.587198456355074,9.117704268302392,12.817756637722715,8.011346914815086,8.965025987526358,14.389670682244414,7.4180156809021245,11.280054560002036,7.993479340698912,8.72758233077478,10.0474803589728,7.83579452558835,7.942166171047454,8.090179682994847,10.962320831129293,10.450632457877825,12.057968119783288,6.064728615874543,6.396089624686876,7.162578291408922,8.588275514498774,8.46962546783651,6.942488215303321,8.81833553956625,10.53124230490237,7.376463649151349,7.39406025354056,9.473144035844985,8.091723701518104,13.485052768211682,11.479090675687228,7.617584727053968,11.466739436129048,10.478646695451788,6.67662218624318,5.9085558218772,7.393168626496432,7.5537772487748125,9.54897344958756
CLA09,7.365331294443546,5.111585768782409,6.556946055844793,7.638703545865657,5.839193126597403,7.015716827029665,7.093681725629763,7.532212620312685,3.686295795347875,5.741221691030633,7.724208066339657,5.340032489410212,5.8514850507643015,5.020010708276903,8.337392560916369,3.851118148797753,9.039939884356421,6.019565509495702,13.709121005874003,4.311876436042921,10.903418649071346,9.538355761262173,6.186304840759563,5.930759768432015,5.408292321235113,11.18282779101991,5.59311055226865,3.760983980416668,9.39138470093978,5.003395321690934,5.194841821499651,6.40995292458458,5.377955270504945,7.449360241890218,5.540035677636657,5.082400722936125,8.182283879848688,5.285666824505053,0.0,10.880467511725307,6.630927704776372,6.048913745867098,7.0534041471336755,11.453544895562004,6.523178467666272,6.114380398958249,12.861666357374451,6.18438791346107,9.68781301739843,5.608492539396102,5.8095757028284725,7.920232197704365,7.674731368288677,6.282681479628001,6.794831610651188,7.840398505583088,8.24804352655538,10.240799882485673,4.777079847494553,6.061417689340975,5.93464431987655,5.611519115233971,6.678907442258982,6.219560391932987,6.434715198857744,9.1072881205167,5.5591806326809285,5.532983275851404,8.417589561519858,5.638914023240217,14.054392067578883,11.704864787480616,6.636365765244888,9.056546243443124,8.337910803942336,5.470052282541721,6.258161264624417,5.031403374290034,8.852281718371968,7.206237815637028
CLA10,12.645102437172644,8.51733450870744,13.124319507124692,7.430352838729381,9.689556419399961,10.529648605236801,8.34844231429737,9.682727977298573,9.833387341615474,9.204701323667452,12.093179142804265,10.74518652725295,11.838139864265852,11.229667135083679,13.89021595608616,9.63458549661166,6.607436508871229,9.885168589074802,12.049526713057796,12.544426004839723,10.480535724791443,8.276823437713348,8.93634513933872,11.84327545494512,7.874853201971001,7.314405485533472,9.575046784054196,10.385821954279981,11.038352980020829,10.093571353977346,11.558371625987787,8.706258682812553,10.093349832944925,10.64876586561906,10.057342901418759,9.958766116383833,9.29649828674359,12.885171102037592,10.880467511725307,0.0,7.20037138676202,8.690527901595944,10.204769065353739,7.85008942313691,8.320150978175251,6.609171114121656,7.631155001489375,7.1111839774633285,9.253585463459515,7.92694257840308,9.474013826864711,8.44059032452027,10.389434216156415,9.374305303699021,9.521382722065601,7.828355519108753,7.550052944619667,9.291673458818451,8.13644137944072,10.515227794471643,9.728816510207068,7.922965352817554,7.4453720447159215,9.43570428513855,6.7472724884118565,6.266342831884967,9.613336842733764,8.197011243486736,7.603018600299131,7.52524022904461,14.503194317628973,13.304583117551548,11.27039883325469,5.486279570267263,5.923730605332365,10.4861010059648,10.833454338407698,6.61559620793652,13.589770077825404,7.875354397621316
FNK01,7.020833248066581,4.895584801470827,9.170446365287344,4.841606119493351,6.218672870122475,5.834133669723029,4.769040188089985,7.060524363607842,6.5955843241628065,6.5729478778854205,7.587219941549025,5.427478810775012,8.449524427522125,6.924342452810105,8.707146336836612,4.954641323519356,5.16959098703026,6.117527500057875,10.289158938121526,7.840780828283961,5.957145263882871,5.980826413970429,6.960736838777737,7.707176814303256,4.261099014670005,8.868772570852434,6.517636719630526,6.8898845386681025,7.015240384946425,7.197292557640251,8.222991273602496,4.169656241347242,5.835659030224109,6.461436179427204,5.899316161230825,6.19059497289823,6.049175856986131,8.25681258467321,6.630927704776372,7.20037138676202,0.0,5.834287852174352,7.465546901591541,6.8716744142344055,3.7084420205758306,5.232883808346645,9.867807402011469,4.9702031751223545,7.030624599558007,4.050182597834717,6.842305187574422,6.63762763333371,5.999909062162179,5.640966670898717,6.2061453722010365,6.1414419995872445,4.791357680057466,6.774784249521282,4.5358438005301505,6.904239112569833,5.9044425673227705,4.634407749720228,6.016167336434836,4.954757009225853,5.691794166384582,8.126278722822878,6.543900532239504,4.796081622990009,7.144747409915912,4.583494748503461,11.515192073626606,9.24355671074967,7.4628138422031105,6.753134456420744,6.895149209519635,6.9249810271173455,7.4950357837956245,4.233602694163122,8.87447389599809,5.357524165544159
FNK02,9.39563651807801,4.206107131651606,8.574303813822388,6.70828206241912,3.946786159274817,8.488201261261109,6.411737683061972,8.665580372602852,4.891195082787529,6.614586198730166,9.204228653269391,7.076368431495545,6.641865243378882,7.01306412055768,10.162930071967516,6.136773938652069,7.87094599146097,8.035929425618479,11.704849370984476,7.343773418365701,9.339201693851951,6.7677976492852245,5.973074579244569,6.818456565629713,6.044564861375315,7.59311063473195,5.955357058145118,5.86559684058332,8.887165275076871,6.6929108322141415,7.530811867996035,5.931447100749076,6.63579413651732,8.040421734910174,6.089776846523969,6.721299337202362,8.010650109457398,8.587198456355074,6.048913745867098,8.690527901595944,5.834287852174352,0.0,5.8550639221732945,9.108082112838664,4.8670315510823565,4.665720816146171,10.165993968227026,6.6036669786118685,8.088462268568508,5.6538562234154845,3.8950628424010327,3.7441396310387125,7.563659753394226,5.973832302662263,4.262840907868908,5.323296213676326,5.8084563890248555,7.777964115801257,5.489990360544264,6.466037712126297,6.584114102095476,4.4936440924958845,5.680165528977988,7.4507428635400315,5.454704860287622,7.39977098992361,6.652275480241504,5.620148905416267,7.489910815189526,5.712297885554737,14.249787249221802,12.088504866476802,6.282200202762346,5.982262420796702,6.680207192818156,6.300300288632505,7.170340909822251,4.711160972779797,10.307534708442292,4.737619446012689
FNK03,9.436110871186164,5.0251860612096015,9.082437921342729,6.73644587138822,6.497848357887927,7.97476564847483,6.846037222755934,9.016858038721882,6.021181236634544,7.7550709977417505,8.94179596524596,7.911490159547067,8.42261466043766,6.851255260821449,9.32635586327781,7.180474749336861,8.239254791066955,7.423599949652589,11.197135115662189,6.822805727906112,10.61130374626883,7.567649983637695,7.024886844419633,6.794801939074789,5.924887956914951,8.113958680765009,7.601580997501776,5.798988036941374,9.49966085561624,6.262452214546783,5.756643529303504,6.389519893248097,6.249914698813695,7.606365501418884,6.129166909416302,6.256672501676246,7.224155520895464,9.117704268302392,7.0534041471336755,10.204769065353739,7.465546901591541,5.8550639221732945,0.0,9.116540641499133,6.025566502022092,4.775575174329703,9.18457886613823,7.111449662834177,6.47542879698441,5.633592560499158,6.715733993310025,6.2652129983382725,7.486904873928343,5.539214247771236,6.083860443725682,6.157430628970101,7.485584982269868,8.035102234872712,7.387940999412301,6.686695250624767,5.723064842543972,6.144739277004945,6.20188133011542,7.881958536058587,6.207811867348288,8.71291123496379,7.431822340598279,6.10478500856836,6.651521664791446,7.041674031674959,13.856619947325344,11.46997436265906,6.213282886258788,7.629290407777341,7.644553882511923,5.789492808499389,6.88270793478185,6.528097886635917,9.909622307269895,6.283956171408314
FNK04,11.323317689285693,8.602222746728284,12.89082467759879,6.982926076710818,9.670455574210711,9.654910143942766,8.379960466205253,11.447092368046452,10.857343251228839,11.234738660871393,10.191044738154744,9.775095263593837,12.409832069950898,10.709762453648237,11.97239384063073,9.734119288873469,7.445884876833657,9.47086736704906,9.867171695756317,11.543077074449133,8.80677611693286,7.9101083273671895,10.029479670146275,10.039670103137457,7.239847402485416,7.128582094680045,10.809812229940102,11.041428461105903,9.288976143057846,11.109879638769783,11.401994308369877,8.375620895492556,9.398067944554406,9.398904296621454,9.2889676596316,9.000812884657474,7.772517264894668,12.817756637722715,11.453544895562004,7.85008942313691,6.8716744142344055,9.108082112838664,9.116540641499133,0.0,7.744264176318135,7.981438208512437,6.03471105246139,8.81125402686852,4.581251792547873,7.657213030985498,10.023457130459954,9.3007262036259,9.627536346051773,8.101700617386163,8.412639881074396,6.969181993603092,6.769302781670355,6.454094109193036,9.422702950124394,10.5606087267817,8.87579626124322,8.012542450756266,8.219985689158111,9.667375649802228,9.183460339917483,10.359864175924592,11.256184051018158,9.37222860733779,8.516569627956283,9.78663811108202,13.186150794263908,10.729365136685912,10.031754762025937,7.331504191634264,8.84643560822342,9.570006056936151,11.14160381006607,8.51899817758622,12.150492212917946,7.395281494465942
FNK05,7.018157577841537,3.7005566705271105,8.750599764630788,4.468833652164645,4.752051379816532,6.101098992050415,4.111853690588435,6.644434439784562,6.120162477222184,6.17268537185633,8.021678696517471,5.808643798862494,8.126178415732825,6.46130207378592,8.022567919235474,5.490031817440427,5.363866004526401,6.728554581358214,9.62827313529124,7.577669547688493,6.6395934645316395,5.431172267434795,6.992789159805627,7.247600023138098,4.627811458960407,8.128811906718443,5.09486764090457,6.488917065209672,7.019408649417927,6.793131512388074,7.421119103893815,3.8438805396532607,5.230683209697502,5.748285003650728,4.884045339197391,5.986756117089504,5.445781520342999,8.011346914815086,6.523178467666272,8.320150978175251,3.7084420205758306,4.8670315510823565,6.025566502022092,7.744264176318135,0.0,4.433163900922443,9.564395349343023,5.173659277987102,6.560291633267693,3.8144355595594837,5.901308439571587,6.01928621548113,5.948635487994016,4.874776820404487,6.1405529344365295,5.074791335506363,4.481975219032353,6.3838033348027805,4.962301886952402,5.690437561933122,4.752908511361185,4.843191035228532,5.87020397349612,4.8798753376919874,5.385089934595214,7.982486335261466,5.52881512600302,4.311979712857478,6.322445365729715,5.16946420222017,11.132974139056696,9.03583880613836,6.920858047862945,6.709223345173346,6.285186033680726,6.57582628218612,6.3726588948555865,4.812922973808516,8.189549080293148,4.714440373505842
FNK06,9.230141109043823,3.3118418003975676,9.343740607610464,4.087142879842486,4.971770897117819,7.202737082990446,4.822294576586105,7.034293792665487,4.878720108969714,5.532756777861553,8.613184108824555,7.20361134557746,7.830666911361317,6.2371782254105606,9.773780806553873,5.666472472180289,5.827359782505095,6.248457362611753,10.71809625737857,7.660957410720229,9.114338759185392,6.850506419550938,5.152598804632678,7.042075087553168,4.101327733405653,6.696091210852449,5.309308644340979,5.413894438172117,8.468795135388051,5.126374516554213,6.335764071249366,5.040699192531444,5.463833158902644,6.980954260172168,4.960778903284903,5.346256640935547,6.098869343006559,8.965025987526358,6.114380398958249,6.609171114121656,5.232883808346645,4.665720816146171,4.775575174329703,7.981438208512437,4.433163900922443,0.0,7.867348095944273,4.236157520532593,6.518862531515376,3.235437304988048,5.769202638895405,5.19872377125563,7.026465703403517,4.64777323651202,5.820452791225267,4.452839581142874,5.146293085866413,6.994164480506499,5.252334759561741,5.8211957147416005,4.858302181755,4.2814366007155975,3.7221436336246074,6.253320043902946,3.4467329691257778,5.808315223550987,5.250597700899289,4.080913559558388,4.728438395801685,4.600115825306999,12.81570296861277,10.821630244018001,6.52038059154952,4.710403895226139,4.726383142063409,5.687273948141502,6.3704831459513125,3.456590917982077,9.882700194200313,4.345989366077917
FNK07,14.082280668455992,9.79732975949308,13.912190898603745,8.038842112789188,10.791796536660664,11.814918820417226,9.834015523416957,12.343510795475707,11.66659462258403,11.706505987299222,12.880135174343142,12.410676849839115,13.296963399980976,12.183203504060673,14.606743382387254,11.698985483717816,8.712566281042708,10.993249003758988,11.409492873775658,13.192143041852653,12.145089068267968,9.446692001020718,10.231169477284066,11.814169402233514,9.191107687696016,4.98735315706134,11.477629029002934,11.741317803274427,11.720204606099129,11.365654047560362,11.786299412482535,10.482476681880067,11.010263072555885,11.66442822855184,11.071949545302372,10.55517968502278,9.806380356542647,14.389670682244414,12.861666357374451,7.631155001489375,9.867807402011469,10.165993968227026,9.18457886613823,6.03471105246139,9.564395349343023,7.867348095944273,0.0,9.428430796580775,6.532545377252347,8.963719869902096,10.604516871428835,9.963571967776291,11.264178975456769,9.606134292815092,10.022136994333433,7.7159403991154,8.6480828048151,8.889078989948581,10.771609290078427,11.409612455607709,10.16591091751228,9.839109052815513,8.335639351752965,11.710992215071228,8.91823296140457,9.397631866173398,11.984996044244927,10.092875443877467,7.936426116227341,10.891238741390524,15.206473108667529,13.618690949651576,11.46488783558787,6.862712859991832,7.663685917753555,10.68885716752369,11.705840480456187,9.409064538408979,14.709575484328063,8.011543400522456
FNK08,7.920170703415446,5.320341359480334,8.059037771963887,5.450553603389054,6.453767139470252,6.104023410725525,4.467387796676212,4.524651548683929,5.159908266545815,4.372299434094506,8.358440543870172,6.55323498432514,6.84382160918951,6.583753009236006,9.540752881115536,5.157421975709854,5.541418813573252,5.795183300131822,10.84907134539789,7.928291602071164,8.827736189404316,7.409662032296527,5.655086688920259,7.454306951408091,4.60262745768726,9.148589771703122,5.4261943745674035,5.9521077464890775,8.039475376142827,5.287893816750114,6.203642230270766,5.242935708635011,5.13814159000213,6.758700347346428,6.421231506880148,5.731207646189785,6.581104270595244,7.4180156809021245,6.18438791346107,7.1111839774633285,4.9702031751223545,6.6036669786118685,7.111449662834177,8.81125402686852,5.173659277987102,4.236157520532593,9.428430796580775,0.0,8.108457255252459,4.272384922267059,7.351444421653298,7.174272150765515,6.517542748012295,5.478974469683578,6.864381749070082,7.4670833462903055,6.379360151591552,8.694826650490628,4.360112267950573,5.035996582470375,5.05603360640002,5.906576825710933,4.0118252023911225,4.727776248918324,4.322661104587117,5.139007876586032,4.7513247078344225,3.7795042953840516,4.9968806705834945,4.592818591804925,11.7389561650045,10.387921345257892,7.216039956145855,6.778393236444195,5.447004702543208,6.123508219727792,5.037624607592031,3.7878549323546413,9.19663843552789,5.9470761941669545
FNK09,10.052944262236613,6.848489277206265,11.020520116914305,5.782180810508523,8.09126707044904,8.16861759421951,7.129145482794823,10.715981188132801,9.248193169915833,9.870928966521506,8.86999247099295,8.168464718430066,10.935236030674751,8.483090202375863,9.899465724147262,8.564912277581366,7.795281882937075,7.841822149444767,9.572345957400204,9.211438302067187,9.290343578247167,7.654799686269623,8.838291358501099,7.862239465253036,5.905690814067382,7.080585110185029,9.55127049751361,8.99969520982151,8.569895374168294,9.206799374763385,8.99293370352201,7.191130650640867,7.537554894029878,7.546444765423212,7.238813506240724,7.015625773549197,6.520581625079434,11.280054560002036,9.68781301739843,9.253585463459515,7.030624599558007,8.088462268568508,6.47542879698441,4.581251792547873,6.560291633267693,6.518862531515376,6.532545377252347,8.108457255252459,0.0,6.200037237302359,8.693442655202476,8.429497967813122,8.434911637390174,5.926683321971729,7.0665495027133165,5.916631193403361,6.983127687022609,5.8236429067109095,8.334982251104073,8.829644620097204,6.924042787978144,7.075555137327836,7.317102322269417,8.596964707637838,8.270288484830088,10.331153027865916,9.67998930211121,7.846837731143607,7.583500796006213,8.803164292422084,12.309625793636746,9.814833093009415,7.798296368767442,7.636850666266121,8.669207976144158,7.218293257045346,9.423470668878048,7.730167312281639,10.339488925505844,6.591563873806633
FNK10,7.214843430167396,3.155216478095932,8.879365470756287,3.890515121154069,5.277903315771386,4.832018404711526,4.362522087154335,6.359158768921099,5.060359532452371,5.537812573554297,7.387765127224865,5.497316333186613,7.56949980132202,5.162800229022948,7.971136819617837,4.725426595758357,5.095435991041538,4.847819194872953,10.561048374057707,6.935071328691812,7.627313278517133,6.829266508743413,6.365303686098297,6.429800232132793,3.071586724752913,8.35547413898757,5.384044197499218,5.440110297789812,6.737777834317703,5.499938902861471,6.094752751932439,3.2034418196707573,3.88034730792765,5.136692495823009,3.781080735802539,4.423195544757903,4.599011503757639,7.993479340698912,5.608492539396102,7.92694257840308,4.050182597834717,5.6538562234154845,5.633592560499158,7.657213030985498,3.8144355595594837,3.235437304988048,8.963719869902096,4.272384922267059,6.200037237302359,0.0,6.531362212643059,6.854789355554706,5.93629677355129,3.764276683814888,6.210621887488078,5.236330330055288,5.211889238379915,6.453456046597037,4.700108677449955,5.392469191742845,3.26109206231035,4.171918601128421,4.844494853781056,4.424020750952957,5.04007282851713,7.450530029054037,4.65337777599661,3.3186215640339807,5.184335492976676,4.525697746197572,11.335651803542003,9.095780074492119,6.34103579990588,6.682183997486138,5.92439358081213,5.248375074079509,5.644521723010117,3.9756945230594107,8.237664395900529,4.994923655548095
HOU01,10.371830688669286,4.981179298674788,8.60902703447085,7.12861461328608,5.834092064968183,9.25878169365014,7.923572181126163,9.71467702078482,5.929035787551977,7.736524248343576,9.96467217629058,7.644242284678733,7.677156567959744,8.003108912215442,10.986780338623587,6.539741038297146,8.537021340830588,8.357237921237251,13.092198429984983,7.62096134595099,11.14258156915027,7.423327795128374,7.1250890299496765,7.793881960763739,6.506774567117961,7.414659238860481,6.564125745111248,6.562239292326771,9.425097266494895,7.385210036047946,8.030066937141727,7.184368570566342,7.572921443658733,9.295662159797878,7.41718882172921,7.545211550451954,8.923414685954995,8.72758233077478,5.8095757028284725,9.474013826864711,6.842305187574422,3.8950628424010327,6.715733993310025,10.023457130459954,5.901308439571587,5.769202638895405,10.604516871428835,7.351444421653298,8.693442655202476,6.531362212643059,0.0,5.929637781483265,7.833056901184862,6.907178503788309,6.266254887960313,5.522116681287141,6.858158694909354,9.004104547346738,6.211014427604057,7.974200919339289,7.717589943440724,5.205917038540505,7.108172417134132,8.070721534353028,5.564236904828934,8.808472424748205,7.925211156207725,6.181846061149944,8.861964953959667,6.214299951866441,15.15511647021662,13.030358343392427,8.066352496614023,7.031970470671512,6.4778027824363855,7.5311367161675085,8.336969871161699,5.6169530492751205,11.728132565782479,5.346165244342144
HOU02,10.48899379783497,5.910188553933946,9.922060487718195,6.68237906777903,5.818376898217353,9.30783627261757,6.369727559816165,9.670435592092584,6.301253716282688,7.453753034121054,9.145172322075078,8.49845617590643,7.799631050710549,7.866627116135287,10.72485017419452,7.012459704302139,8.419914979248894,8.499777250023067,10.807336638330217,8.872523263937586,9.824527302548896,7.1641700543082045,6.259200102367926,8.12439125051165,7.031658722227467,7.767327321692405,7.3905374869596505,7.384634875961297,9.929694448860964,7.314998079788364,8.262458570717058,6.959196587118313,7.665704958668029,8.668199350069521,7.069764567490398,7.953656425081252,8.627211645949227,10.0474803589728,7.920232197704365,8.44059032452027,6.63762763333371,3.7441396310387125,6.2652129983382725,9.3007262036259,6.01928621548113,5.19872377125563,9.963571967776291,7.174272150765515,8.429497967813122,6.854789355554706,5.929637781483265,0.0,7.6786884940695375,6.651294884003994,5.0071844785468365,6.552922534281999,5.6796750665443385,7.3209354041013635,7.158265960588263,7.8520174300711405,7.720159951823137,5.625354431145207,6.291428322437008,8.238313976173803,5.931105059537162,7.608750970819701,7.801029354971017,6.5711419159158835,8.541951651643751,6.379271905405139,14.080077975637048,12.042185664886855,6.6054513063317675,5.764448428665653,7.563518051486449,7.384472758791577,8.378995303688978,5.950165762657196,10.85438711887788,5.55990467241284
HOU03,6.849320069208961,6.443873339722153,8.123474200648376,6.485488862436602,8.357303155296512,5.42015341991801,6.397245906129725,8.011736756310395,7.349435379457517,7.179806857485373,7.090631633047321,5.874733788010802,7.837560292084847,5.993579426956685,7.896564782310604,5.823910578008381,7.569754112461872,4.89953439126948,10.884760609357015,7.819245540352471,8.599200306311282,5.898610609526826,8.118357964975724,7.754285448834488,6.610283387177971,10.649146056339367,8.755098425529424,7.928087074829925,6.794905911224885,6.419575894124147,6.60663145680773,5.661539614038171,5.0270897983150435,6.517970204809347,6.89547717804457,6.457480226697975,6.658832624308482,7.83579452558835,7.674731368288677,10.389434216156415,5.999909062162179,7.563659753394226,7.486904873928343,9.627536346051773,5.948635487994016,7.026465703403517,11.264178975456769,6.517542748012295,8.434911637390174,5.93629677355129,7.833056901184862,7.6786884940695375,0.0,5.3351022839600315,7.358260135253048,8.660079532453992,7.87218627055986,7.641451786048691,6.9003792405138,7.43220908065809,6.476885237227779,7.311846913404945,7.887207210182475,4.854792230987209,7.278142488730666,10.031251550293442,7.177153823839716,5.1508512637064925,8.701454933944843,7.054217293451705,11.007228613086637,9.19785529432724,7.370964385893581,9.968597043859646,8.596984864200456,6.981217409904894,6.143435205662461,7.102256004403981,8.737437164080491,8.105867412855227
HOU04,7.318235379791218,3.8907956699665225,8.550409186551,4.476041153403274,6.065436737475543,5.512915301016717,4.6755137871768895,7.5877759378431895,5.069538347318561,6.794576390367598,6.122230044808243,5.485348469225446,6.901225221432595,4.471686610965666,6.903877663444283,5.128905443200926,6.761950024619271,4.6306123156319785,9.848412743517382,6.369761209127161,8.72106698846688,6.691376553995527,6.7835942837720635,4.502322724907647,3.690872877259661,8.959999205102594,7.184554120549871,6.173400151170116,6.905056257906771,5.360985053690107,5.180872232788479,4.387145026927884,3.001237538904244,4.523892294993764,4.192093017255168,3.6663486579233706,4.126268200814232,7.942166171047454,6.282681479628001,9.374305303699021,5.640966670898717,5.973832302662263,5.539214247771236,8.101700617386163,4.874776820404487,4.64777323651202,9.606134292815092,5.478974469683578,5.926683321971729,3.764276683814888,6.907178503788309,6.651294884003994,5.3351022839600315,0.0,5.793237696245644,6.137549360992259,6.216441641341842,6.008387981114769,6.330084197528449,5.535080969690928,3.1890126570725243,4.718572188910151,5.7959626850807515,5.021780692412906,6.475299997581014,8.25041482618411,6.021334163294588,5.100021650963518,6.368057496434394,6.272054879861433,11.10522487483392,8.474792448245681,5.469457934171912,7.867827056339622,7.489520497696129,4.544650382406918,5.271907994983795,5.927025967009102,7.601185044526506,6.586452153092787
HOU05,8.798070969930604,5.5733152504402765,7.479431163557246,7.53034538036667,4.774941488914417,7.882269034833397,6.7832452600441036,9.620183250018266,6.05702373676128,6.720993328944714,7.527897422553867,6.236446244382457,6.126017011237934,6.019509027310451,9.524524288816984,5.692946676036614,9.296449129918054,6.792860149837515,12.098847998472401,6.093614419154727,9.523720351149192,7.644422323122175,5.1531844570189005,5.186772679988962,6.38271924509152,8.40502527908152,7.64909394281714,5.753048416402907,9.256911034983121,6.21570016674068,6.785983612640602,6.8056544647301624,6.403606822052837,7.858870310339593,6.445859710191426,5.915690645249388,8.44763776000289,8.090179682994847,6.794831610651188,9.521382722065601,6.2061453722010365,4.262840907868908,6.083860443725682,8.412639881074396,6.1405529344365295,5.820452791225267,10.022136994333433,6.864381749070082,7.0665495027133165,6.210621887488078,6.266254887960313,5.0071844785468365,7.358260135253048,5.793237696245644,0.0,7.261888684064184,6.8726435188372506,8.27363425819406,5.855292866420336,6.118038793436746,6.700787343409277,5.8352014224462465,5.286877072656685,7.67380956311914,6.750654582810573,8.731643423428125,7.748459390318926,6.277287965055877,8.04534261974731,7.15891111766642,14.30695163196558,11.96927022144841,4.016015891611355,7.31600377565055,8.915823841150178,4.3021556993346985,7.1055153229146315,5.377983439013525,9.68359357656281,5.1225327079621055
HOU06,10.668628717409627,4.456615616626817,11.454960140591766,4.820163172637139,6.0149041117789235,9.141491522587277,7.007968579511334,9.723867696729549,7.391767099704102,8.803450534250816,9.92174556339181,8.523887117896356,10.35820132218207,8.447444936697922,10.720440329578354,7.664027910685561,6.578430820687841,8.581328242795637,11.025680546239908,9.167743429240193,9.357433741110562,6.99030215265134,8.150873551119739,8.258262105880029,5.28465032722327,5.417140345368528,6.755726365443674,7.8143735050985645,8.789152573068725,8.348653175741525,9.040452811033722,6.362716745296343,7.651888214982413,8.40467714036103,6.254697746511156,7.146990913512468,6.530381911303315,10.962320831129293,7.840398505583088,7.828355519108753,6.1414419995872445,5.323296213676326,6.157430628970101,6.969181993603092,5.074791335506363,4.452839581142874,7.7159403991154,7.4670833462903055,5.916631193403361,5.236330330055288,5.522116681287141,6.552922534281999,8.660079532453992,6.137549360992259,7.261888684064184,0.0,4.643596430144102,6.196283729225874,7.401141338722228,8.3073174338094,6.648331341531877,4.477192243014641,6.771662437637479,8.320200959363127,6.060164019101568,8.523309417953277,8.168292879958846,6.87895876487308,7.036056931332073,6.940881035018696,13.899277298635033,11.257779663063367,8.601727928695936,5.254277338586865,5.868467360700325,7.963611497625523,9.192252710137236,6.249260954227451,11.355400196490724,4.81036172101992
HOU07,9.610146530016399,5.35125230877344,11.314176566469156,4.4988871243481645,6.021157579656707,8.28337377497975,5.392921850723963,8.74380405753631,7.504920244457465,7.950511500608002,8.534252535659723,7.990087429684085,9.64209450641871,8.191383318893552,10.041986883598296,6.446220048979985,5.772115870228318,8.032438650032061,9.749981668013897,9.665346179901423,7.29851141243771,7.2477888021224794,7.980211274590901,8.499303560866469,5.347910632692483,7.180076498192395,5.940810117600582,8.323253045949333,7.662927109997793,8.451762145805052,9.23100619837095,5.48447306662633,7.424699722976618,7.664033309332751,6.078994960588566,7.4293132592220195,6.364580372415413,10.450632457877825,8.24804352655538,7.550052944619667,4.791357680057466,5.8084563890248555,7.485584982269868,6.769302781670355,4.481975219032353,5.146293085866413,8.6480828048151,6.379360151591552,6.983127687022609,5.211889238379915,6.858158694909354,5.6796750665443385,7.87218627055986,6.216441641341842,6.8726435188372506,4.643596430144102,0.0,5.549363570522381,7.1196803577789955,7.886478160721933,6.31927988344342,4.366003421449316,6.547388690103128,6.9421978836595,6.61584033155521,8.151321508932364,7.66722069151505,6.422017045755443,7.615856239748451,6.6239782258676945,12.449438922831469,9.990970295622194,7.903304063468598,5.596728749404507,6.70233016747909,7.971719418624957,8.766270265547272,6.158423022624756,10.207207769108663,4.357041993378399
HOU08,9.84291820601212,7.170918662820183,12.37515710001211,5.2059743901146955,8.656616186622175,8.303137858697704,6.4498783722860145,10.574663526985342,9.343929083373666,10.258002976560055,8.648084714497319,8.719355553067077,11.177146107750094,8.810569066401065,9.342491570411783,8.594026044574441,6.7594356369080355,8.47479922796991,7.070099378920815,10.807677697161935,7.523594546522066,7.324482335999052,10.018510104979633,9.322663309070597,6.565593276471542,8.693582482638579,9.520838401476508,10.327531590026428,7.156621924285953,10.059951668716032,10.136756951835785,6.164396999955108,7.551880967088933,6.510681984202759,6.872915400976162,8.164093097204859,5.366541438808651,12.057968119783288,10.240799882485673,9.291673458818451,6.774784249521282,7.777964115801257,8.035102234872712,6.454094109193036,6.3838033348027805,6.994164480506499,8.889078989948581,8.694826650490628,5.8236429067109095,6.453456046597037,9.004104547346738,7.3209354041013635,7.641451786048691,6.008387981114769,8.27363425819406,6.196283729225874,5.549363570522381,0.0,9.090456605421503,9.84618718237389,7.195515460361693,6.503403088851677,8.767543057269455,7.852466595539339,8.972289932485483,10.40466591918375,9.430800686564309,8.048178298872722,8.922283979602387,8.41476858176934,9.862705878457982,7.440438915878405,8.772612743063572,8.07700271340519,8.787383549254331,8.952880805410137,9.908137183903019,8.48416354847714,9.607395247926782,7.706328436386964
HOU09,6.662199931185334,5.358667901647252,6.3584214317034595,6.535663575875445,5.593280806394521,5.861145551384497,5.269716912926257,6.087324327545433,5.156835491941797,4.421961884463887,8.318121900061492,4.831995194026607,6.280544706394155,6.11436341745848,8.929693184510091,4.606912304967938,6.858785977730521,5.962258295373984,11.87892437802852,6.364413172617135,8.343633843023186,7.677989424490028,5.777751932649918,7.282058356773276,5.236620329170079,9.675022558865347,5.335432677341164,4.6962440511745775,8.11448458604194,5.895055959418364,6.673839668274718,5.151338149358233,5.573812447031708,6.657277202579765,6.168209202841189,5.822931857206473,7.565395790335052,6.064728615874543,4.777079847494553,8.13644137944072,4.5358438005301505,5.489990360544264,7.387940999412301,9.422702950124394,4.962301886952402,5.252334759561741,10.771609290078427,4.360112267950573,8.334982251104073,4.700108677449955,6.211014427604057,7.158265960588263,6.9003792405138,6.330084197528449,5.855292866420336,7.401141338722228,7.1196803577789955,9.090456605421503,0.0,5.563442247416334,5.841331118171113,5.55947994550512,5.513289794214106,5.232850447467566,5.382301644471392,7.229543849761459,5.093591597699656,3.848518123469711,6.692153142339466,4.121132533350125,12.33054281543139,10.853590325411536,6.763640667289862,7.511475378585311,6.710318433390083,5.66765481171589,5.916986623112108,2.918523463109506,8.576732891940743,5.8510076240012046
HOU10,7.05024121674206,5.448065926108398,7.448806827196627,7.458530462122652,4.8326530993816705,6.330318146090879,5.8690630423113666,5.657503952160456,4.7413059133391435,4.566012093981333,7.914347838293448,6.666893340635336,5.541279137754816,5.238390489220029,7.898194784399668,5.961702455463598,8.250006217376958,6.605169831283971,12.314031147522277,6.2082461688922725,9.374647928411049,8.635354725162038,5.954247614046799,5.275175318630211,6.5440125950208925,10.446265468183572,5.412848864328538,4.575608934257051,9.249974921805492,4.498219375146899,5.142839072707126,5.9913062911021155,4.5135133056374315,6.517745555494563,5.575484703614012,5.589444677761951,7.364726682290211,6.396089624686876,6.061417689340975,10.515227794471643,6.904239112569833,6.466037712126297,6.686695250624767,10.5606087267817,5.690437561933122,5.8211957147416005,11.409612455607709,5.035996582470375,8.829644620097204,5.392469191742845,7.974200919339289,7.8520174300711405,7.43220908065809,5.535080969690928,6.118038793436746,8.3073174338094,7.886478160721933,9.84618718237389,5.563442247416334,0.0,4.440390349324003,6.880418554936565,4.800804471289827,6.081287614324002,6.299750297893808,7.4686077999383285,4.636813396366103,5.267089076362478,5.862926129470821,6.569038611184466,12.777661005725962,10.779015059470689,5.585698761816388,8.673165812923608,8.3048425244081,5.0769382551396225,3.5258113918969793,5.9633136419053,7.670189057731868,6.749138017361206
JAZ01,6.3666542862219675,4.1160707533211465,8.446532110318861,5.3138083227787885,5.75902145857127,4.8487117577183865,4.49475780569131,6.078430743790417,4.891717932168243,6.004974216922524,6.586760777058435,5.521314835282144,6.968133843316228,4.558671407949431,6.389885883421642,4.993960392588425,6.253865714417711,5.1117364007529,10.42036977054291,6.30006902432444,8.292528120967544,7.757100518783209,7.28509203907905,5.365283582967967,3.93966018477054,9.755297908863684,5.783213824855576,5.463888515093492,6.912000133284234,5.516932898771542,4.976164660948409,3.7310625664176515,3.0711818790601506,3.8720658107486163,3.7131973359706505,4.073174347205819,3.8124152976289145,7.162578291408922,5.93464431987655,9.728816510207068,5.9044425673227705,6.584114102095476,5.723064842543972,8.87579626124322,4.752908511361185,4.858302181755,10.16591091751228,5.05603360640002,6.924042787978144,3.26109206231035,7.717589943440724,7.720159951823137,6.476885237227779,3.1890126570725243,6.700787343409277,6.648331341531877,6.31927988344342,7.195515460361693,5.841331118171113,4.440390349324003,0.0,5.007930861702818,5.923767098734801,4.382552220752203,6.79200041171923,7.891644712536426,4.639094494066498,4.720853697467042,5.200975117764652,6.152955930872142,10.986710409868115,8.54382927199789,5.80498079537523,8.358033107275038,7.429451542469938,4.685213522089672,4.3548511095755105,5.87952477897712,6.543114636952382,6.692922124852076
JAZ02,8.572482010095204,3.6259342597112565,9.634717838566786,4.644313427266163,5.57487703427781,7.324481037351112,5.226659663744341,7.8742718442378346,4.913705415446635,7.204448429400155,7.484528961394447,6.400771471271858,7.838988622684033,6.505436274164581,8.854366077298971,4.806667064795929,5.946051888500034,6.557300029423834,10.909491502339133,7.180689550490414,8.252020801550405,7.4953201083280705,6.96843536716939,6.540883709264353,3.663669865625958,7.97279250008813,5.717219439085263,5.89714701053728,7.1090972418698595,6.7491393782805185,7.339228053437086,4.346627879537498,5.772882506402336,6.638927714385535,4.785569737519997,5.631236942110777,5.794048072946161,8.588275514498774,5.611519115233971,7.922965352817554,4.634407749720228,4.4936440924958845,6.144739277004945,8.012542450756266,4.843191035228532,4.2814366007155975,9.839109052815513,5.906576825710933,7.075555137327836,4.171918601128421,5.205917038540505,5.625354431145207,7.311846913404945,4.718572188910151,5.8352014224462465,4.477192243014641,4.366003421449316,6.503403088851677,5.55947994550512,6.880418554936565,5.007930861702818,0.0,6.186882280294963,6.180180054531936,6.022234650429689,7.578206913353169,6.54079936908268,5.409162870543244,6.824747544513788,4.873546603012613,13.06355490560169,10.350461576742944,6.652378108816593,6.127929002343824,6.480261780656857,6.219766983957611,7.47306975589768,4.803653496969247,9.179928053557736,5.409404524703524
JAZ03,9.294710399092812,5.423460001345678,8.677210975618497,6.26099235078933,5.093660812009628,7.450246555108007,6.005210874369783,7.046406870460656,5.3421738061593995,5.144538616060047,8.459806260732678,7.807847791180111,6.731889371960714,6.530149859983839,10.206640230132164,6.182203422275502,7.295121315773634,6.617916892857647,11.717437118073956,7.63578966333389,9.956737850530573,8.183476342516052,3.7714591749329602,6.414068489313922,5.560972627373514,7.653842641641017,6.125729505738536,5.646383553681618,9.898760154489372,5.037065772457606,6.292303755340887,6.606114441907717,5.781944321419853,7.8883567307246105,6.234874463056054,5.8302277590924,7.789247491907787,8.46962546783651,6.678907442258982,7.4453720447159215,6.016167336434836,5.680165528977988,6.20188133011542,8.219985689158111,5.87020397349612,3.7221436336246074,8.335639351752965,4.0118252023911225,7.317102322269417,4.844494853781056,7.108172417134132,6.291428322437008,7.887207210182475,5.7959626850807515,5.286877072656685,6.771662437637479,6.547388690103128,8.767543057269455,5.513289794214106,4.800804471289827,5.923767098734801,6.186882280294963,0.0,7.1462648532589945,4.143013386953164,5.667314566126907,6.091986940781178,5.271314898279102,5.33653934519465,6.069202501956951,13.532587148938477,11.491908825067854,6.042069901652142,5.1698973479860815,6.141202573893781,5.511204016008921,6.1005481948507825,4.023560314238663,10.041765939743543,4.833778480336751
JAZ04,5.485081693113553,5.311179924313954,8.107667637414426,6.197643517396768,7.07374144932002,3.3517306897381505,5.081390958587935,5.670891600232007,6.236411428011811,5.265224288674346,6.7376220075060775,4.218500249963521,7.326651640211417,5.307695756970236,6.769005118989508,4.411460553326809,6.043852987340943,4.659820212234157,10.90018972909409,7.463770605435063,7.794262778768369,6.886514328868993,8.23694823623577,7.4391280142772365,5.009013796759249,11.136268776856637,6.384484859787488,7.023996070411622,6.232639127750741,6.449900127166313,6.457113531927336,3.350060020600494,3.9802345934969106,4.270738419816178,5.166511386088858,5.727677658158196,5.019705323010284,6.942488215303321,6.219560391932987,9.43570428513855,4.954757009225853,7.4507428635400315,7.881958536058587,9.667375649802228,4.8798753376919874,6.253320043902946,11.710992215071228,4.727776248918324,8.596964707637838,4.424020750952957,8.070721534353028,8.238313976173803,4.854792230987209,5.021780692412906,7.67380956311914,8.320200959363127,6.9421978836595,7.852466595539339,5.232850447467566,6.081287614324002,4.382552220752203,6.180180054531936,7.1462648532589945,0.0,7.0405458267794865,8.639387997475447,4.462727694092052,3.7983436965202655,7.411551893996936,5.650502546895114,9.893496547464768,8.35798800568438,7.034020467472047,9.528396887249029,7.867768645519401,6.3243946986264215,5.182721386876764,5.886365713789212,6.780956832615544,7.683399829095503
JAZ05,9.908448514282394,4.952078800811027,9.150783010502934,5.797935488872066,5.9644501735604605,8.060297395413457,6.4468592950011,7.19772019145888,5.365496282878434,5.658816377488866,9.836767988096398,8.180630745469616,7.878046084201506,7.612457934463494,10.843176970905716,6.547451951787534,6.797478344987635,7.304039369107475,12.087436691536794,8.333227146658842,10.326366328146605,6.784894352073553,5.040947782252592,8.238596484791977,5.760921114644999,7.240248750439109,6.023078895525204,5.750985720230973,10.167967977504345,5.393873153950152,7.163584341827533,6.665020682283383,6.551765261246664,8.547471293998461,7.138802138827702,6.988858577791783,8.015907197376077,8.81833553956625,6.434715198857744,6.7472724884118565,5.691794166384582,5.454704860287622,6.207811867348288,9.183460339917483,5.385089934595214,3.4467329691257778,8.91823296140457,4.322661104587117,8.270288484830088,5.04007282851713,5.564236904828934,5.931105059537162,7.278142488730666,6.475299997581014,6.750654582810573,6.060164019101568,6.61584033155521,8.972289932485483,5.382301644471392,6.299750297893808,6.79200041171923,6.022234650429689,4.143013386953164,7.0405458267794865,0.0,5.838986272630232,6.146421196057233,4.601672379412356,6.123790502553612,4.213392373703481,13.7966545435534,12.071969306616348,8.172451899784727,5.104688359483695,4.696430643491902,7.289110506610251,6.935875221665617,3.655784747492255,11.22295864256963,4.817134862936044
JAZ06,11.499392769246413,7.7126684590596035,10.901517260037357,7.913621653489113,8.237628953674466,9.843966301901826,7.133661615791751,6.661053074598538,6.841761618388342,7.128768001067467,11.563423239327266,10.347995767803372,8.616824330633202,9.8746844125617,12.682716318056382,8.864223331947,6.878534413779355,9.626585135902175,11.922412769727963,10.927894696334471,11.220330939445502,9.058526312536705,7.421859944402925,9.953213614398456,7.66469023193822,8.899745638067847,7.539794032624928,8.269318627344207,11.005807389302326,8.028603515980903,8.985467342378245,8.017067167953574,8.390857029699694,9.622561692599303,9.185239058663292,8.975360418152503,8.94667511038916,10.53124230490237,9.1072881205167,6.266342831884967,8.126278722822878,7.39977098992361,8.71291123496379,10.359864175924592,7.982486335261466,5.808315223550987,9.397631866173398,5.139007876586032,10.331153027865916,7.450530029054037,8.808472424748205,7.608750970819701,10.031251550293442,8.25041482618411,8.731643423428125,8.523309417953277,8.151321508932364,10.40466591918375,7.229543849761459,7.4686077999383285,7.891644712536426,7.578206913353169,5.667314566126907,8.639387997475447,5.838986272630232,0.0,7.290909581710047,7.169783104680808,5.377823647203759,6.689941482354731,14.27112419858733,13.200322806986717,9.668713050936047,6.057438178707681,5.1035168469978665,9.0093938702747,7.653718004432339,6.227074333805523,12.003852204362769,7.984997821690468
JAZ07,7.406219412998014,4.913115824099056,8.564049993743296,6.955544526905364,5.424813922511021,5.589397637555671,5.599855348764597,4.879579789359854,4.861965140822737,3.1811439210030845,8.656388022350198,6.2510471479208665,6.722776622865681,5.315674705110406,8.330170048258815,5.53515647989196,7.149525508277144,6.3413166814329855,12.43557303559291,7.574652321672172,9.258735901399177,8.486671914799523,7.160806964854293,7.655611530596792,6.081540928256351,10.96299639373467,4.385562886287119,5.543785506768214,8.394786074402681,5.264432902389352,6.050813947548108,4.672677403997552,4.975456310300999,6.1044416827551,4.697684126251612,6.219446026585718,6.833649070714106,7.376463649151349,5.5591806326809285,9.613336842733764,6.543900532239504,6.652275480241504,7.431822340598279,11.256184051018158,5.52881512600302,5.250597700899289,11.984996044244927,4.7513247078344225,9.67998930211121,4.65337777599661,7.925211156207725,7.801029354971017,7.177153823839716,6.021334163294588,7.748459390318926,8.168292879958846,7.66722069151505,9.430800686564309,5.093591597699656,4.636813396366103,4.639094494066498,6.54079936908268,6.091986940781178,4.462727694092052,6.146421196057233,7.290909581710047,0.0,3.574260922002655,6.383156276049844,5.286788310818356,12.017962956842226,10.668846759997324,6.68456509701062,8.865308584987329,7.369880642769702,6.174309499511566,4.672729294874338,5.324100282906651,7.8176281552598255,7.388403609489632
JAZ08,7.407206157429952,3.969481447654622,7.74211441492202,5.555304866709582,5.462602815997878,4.76655003225915,5.056242438310185,5.820631070486611,5.1059170101582,3.5920744337775177,8.183449397738853,5.274048687898385,6.688025537025605,5.433818686827561,8.678096948417567,4.719157891118423,5.892755691630938,5.133194630746189,11.55796780146377,7.179703470222284,8.45682424816241,6.440209735532372,6.437190046382166,7.397953557787578,4.881911009459662,9.025502461113662,5.063177717979718,5.403813035201432,7.033187274378991,5.127385000169341,5.9174677643961155,3.642813350798107,4.693924265096179,6.060950812366678,5.074046076702163,5.780698528451935,6.313696552211424,7.39406025354056,5.532983275851404,8.197011243486736,4.796081622990009,5.620148905416267,6.10478500856836,9.37222860733779,4.311979712857478,4.080913559558388,10.092875443877467,3.7795042953840516,7.846837731143607,3.3186215640339807,6.181846061149944,6.5711419159158835,5.1508512637064925,5.100021650963518,6.277287965055877,6.87895876487308,6.422017045755443,8.048178298872722,3.848518123469711,5.267089076362478,4.720853697467042,5.409162870543244,5.271314898279102,3.7983436965202655,4.601672379412356,7.169783104680808,3.574260922002655,0.0,6.163017218998143,4.044335656075562,11.791317349740451,10.416866401617426,6.212302673335149,7.651684546224606,6.005831609780692,5.511611451596515,5.028989820202881,3.8483047884717334,8.690768837989008,5.593694483484377
JAZ09,9.47808798560839,6.082897865826494,10.088753429734327,6.210303552772518,7.439693265407334,7.987498707856832,5.827490530778647,5.894629109680076,6.708725721729179,7.173963970061752,10.142218567989973,8.799495114815706,9.108001808924056,8.185513252719678,10.5961417190819,7.964426421644935,5.773761692826173,7.927465776984483,10.842745249865297,9.181118095446813,9.232160623214538,8.23611242472919,7.258938460204341,8.386926329559095,6.064013148414429,8.398035805553942,7.0652305571252665,6.942554940824747,8.90379825044144,6.941542045053017,7.525482283793587,6.4324024670788456,6.49528241411635,7.603242473678671,7.2866394446287845,6.838519572335704,6.433130308978944,9.473144035844985,8.417589561519858,7.603018600299131,7.144747409915912,7.489910815189526,6.651521664791446,8.516569627956283,6.322445365729715,4.728438395801685,7.936426116227341,4.9968806705834945,7.583500796006213,5.184335492976676,8.861964953959667,8.541951651643751,8.701454933944843,6.368057496434394,8.04534261974731,7.036056931332073,7.615856239748451,8.922283979602387,6.692153142339466,5.862926129470821,5.200975117764652,6.824747544513788,5.33653934519465,7.411551893996936,6.123790502553612,5.377823647203759,6.383156276049844,6.163017218998143,0.0,6.781938966296654,12.834627154495898,11.261564007193433,8.459177727245288,6.839754749987118,5.833563810053536,7.232256629287599,6.187799726073948,5.886538866175973,10.07161502178024,7.145246567807397
JAZ10,8.309299006663782,5.025110013378623,8.977338994957298,5.49098980481416,6.511784412161082,6.793310783029046,5.013127056406303,6.190574488521198,4.759042119242507,5.74156209763845,9.186389275297822,6.843143164154516,7.643950225934508,7.298539586255453,9.508584821921524,5.741358370003973,5.949385782204264,6.982315912288015,11.211955847850563,8.001518449879834,8.519456438381061,7.452780352373388,6.515644839254098,8.45823009766755,5.230100527165092,9.48621215125415,5.6725063546464485,5.3982800943300875,8.5166798393296,6.27320105479011,7.618592341868962,4.899804430588173,6.015118341929814,6.990191370308891,6.398147568234644,7.02358769639582,7.2863260313081275,8.091723701518104,5.638914023240217,7.52524022904461,4.583494748503461,5.712297885554737,7.041674031674959,9.78663811108202,5.16946420222017,4.600115825306999,10.891238741390524,4.592818591804925,8.803164292422084,4.525697746197572,6.214299951866441,6.379271905405139,7.054217293451705,6.272054879861433,7.15891111766642,6.940881035018696,6.6239782258676945,8.41476858176934,4.121132533350125,6.569038611184466,6.152955930872142,4.873546603012613,6.069202501956951,5.650502546895114,4.213392373703481,6.689941482354731,5.286788310818356,4.044335656075562,6.781938966296654,0.0,12.162667275509826,10.680236629358001,8.088461685256487,6.778740871422536,6.105667895912622,7.415443546544849,6.9409756372142395,3.667642658221482,9.493241321486023,6.129151612071135
SYN01,9.932801432418623,13.096592843868802,14.087813178451825,10.882857882141732,14.03588604891698,9.810170125013153,9.771570220666614,11.255494781579902,13.620778500710468,12.983346262786853,11.720769689031545,11.922820321151926,14.189504149132095,12.37490420265306,10.016811909504119,12.646097263429407,10.507209301986594,11.807276720064825,7.836270250346436,14.485010955928802,9.909982366681689,12.666631111792139,14.502477344435118,13.96470821290781,11.84292175836133,16.206966624032642,13.336983911137752,14.324480353161317,10.535713684128208,13.810510575555071,13.392155714336493,10.382862124668543,10.619767092607955,8.204353714484387,11.70247996317242,12.601302286138505,9.537804405513661,13.485052768211682,14.054392067578883,14.503194317628973,11.515192073626606,14.249787249221802,13.856619947325344,13.186150794263908,11.132974139056696,12.81570296861277,15.206473108667529,11.7389561650045,12.309625793636746,11.335651803542003,15.15511647021662,14.080077975637048,11.007228613086637,11.10522487483392,14.30695163196558,13.899277298635033,12.449438922831469,9.862705878457982,12.33054281543139,12.777661005725962,10.986710409868115,13.06355490560169,13.532587148938477,9.893496547464768,13.7966545435534,14.27112419858733,12.017962956842226,11.791317349740451,12.834627154495898,12.162667275509826,0.0,4.966944872410483,13.498228092677202,14.733981434261025,13.639742158935348,13.458943909552994,12.202543058776676,13.149575443748786,9.050981392843374,14.008337265960614
SYN02,7.701278251794157,10.747988092049045,12.743271261946397,8.610084740707968,11.76115288239348,7.890838292304756,8.07578556642065,10.249311284925964,11.39276029121573,11.770235517123096,8.229761220092113,9.92469264369088,12.39462474477009,9.793867714378237,6.714817720520699,10.192535711446626,8.970761485048845,9.43214285549019,7.474330869384195,11.70195510339131,8.385577161627499,11.126713037297135,12.390630913370424,10.881186524974398,9.280899363454099,14.168024623510872,11.608303404305605,12.071567048696055,9.25820838571508,11.648926530516666,11.109419759780078,8.365509740161299,8.109146464420562,5.909826129003921,8.882127719031802,9.921279628606015,6.89005756372532,11.479090675687228,11.704864787480616,13.304583117551548,9.24355671074967,12.088504866476802,11.46997436265906,10.729365136685912,9.03583880613836,10.821630244018001,13.618690949651576,10.387921345257892,9.814833093009415,9.095780074492119,13.030358343392427,12.042185664886855,9.19785529432724,8.474792448245681,11.96927022144841,11.257779663063367,9.990970295622194,7.440438915878405,10.853590325411536,10.779015059470689,8.54382927199789,10.350461576742944,11.491908825067854,8.35798800568438,12.071969306616348,13.200322806986717,10.668846759997324,10.416866401617426,11.261564007193433,10.680236629358001,4.966944872410483,0.0,11.0697057382781,12.603681655077578,12.257402334682236,11.155804075223598,10.649128458195236,11.39263494221702,6.624806880018141,11.919050173674856
SYN03,7.895177151923127,6.064536727866448,7.544885123862818,8.041298654824288,5.2861791225037225,6.684677908146468,6.800649815764132,9.110364249363183,6.136372377546471,6.050484095794123,5.96030121243372,5.996930193434464,5.822400759467294,4.143169254278039,7.769902781448524,5.398486433670191,9.751637716940317,5.8451666136437606,12.39975403762951,5.489156254546321,10.044955931839844,9.295881070691177,6.2359166436521125,4.528455827546428,6.723632779395296,10.393994785882324,7.505347909104277,5.888983714037377,9.03921897107498,5.70257680846883,5.354772443287204,6.4600546332076245,5.5858179261153165,6.818138544071315,4.995471459377065,5.5399982492746425,8.017279980780376,7.617584727053968,6.636365765244888,11.27039883325469,7.4628138422031105,6.282200202762346,6.213282886258788,10.031754762025937,6.920858047862945,6.52038059154952,11.46488783558787,7.216039956145855,7.798296368767442,6.34103579990588,8.066352496614023,6.6054513063317675,7.370964385893581,5.469457934171912,4.016015891611355,8.601727928695936,7.903304063468598,8.772612743063572,6.763640667289862,5.585698761816388,5.80498079537523,6.652378108816593,6.042069901652142,7.034020467472047,8.172451899784727,9.668713050936047,6.68456509701062,6.212302673335149,8.459177727245288,8.088461685256487,13.498228092677202,11.0697057382781,0.0,9.205638372597912,10.048215305721678,3.235772923326283,6.369549129733041,6.768101031149137,7.670620784137922,7.100510214334323
SYN04,11.926947648029351,6.825811930687049,11.73212446795047,6.0321996065773,7.015205502022316,10.318700927140224,7.165490665851965,9.50459919431987,7.6327581145485555,8.657591555617847,10.741678563836194,10.322489974692619,10.017638062006487,9.822923814488012,12.5201709001097,8.545612376356845,6.974768981015314,9.544637788839824,11.135771791655934,10.570510041469038,10.370628933452668,8.40902207059141,6.462155692445436,9.522402599288394,6.820220892906952,5.2833079354344115,7.617271865093252,8.376150520478642,11.08639855154895,8.60343384107211,9.886045073566345,8.094334110679192,8.788733468884939,9.907146129380166,8.296430442449303,8.697392516270659,8.839220179026844,11.466739436129048,9.056546243443124,5.486279570267263,6.753134456420744,5.982262420796702,7.629290407777341,7.331504191634264,6.709223345173346,4.710403895226139,6.862712859991832,6.778393236444195,7.636850666266121,6.682183997486138,7.031970470671512,5.764448428665653,9.968597043859646,7.867827056339622,7.31600377565055,5.254277338586865,5.596728749404507,8.07700271340519,7.511475378585311,8.673165812923608,8.358033107275038,6.127929002343824,5.1698973479860815,9.528396887249029,5.104688359483695,6.057438178707681,8.865308584987329,7.651684546224606,6.839754749987118,6.778740871422536,14.733981434261025,12.603681655077578,9.205638372597912,0.0,5.223186883551485,8.969643262859913,9.759847898051312,5.540563811867959,12.503619949473489,5.076990527073546
SYN05,11.046226006307206,6.369476043022206,10.837983690562364,6.01848317972169,7.891034841986385,8.98862734085883,7.048582523706517,7.389108950377921,7.181302974633616,7.6138743528380575,11.31046849050341,9.576536907073095,9.507885577833092,9.544315840917918,12.157063078211555,8.257795910560299,4.9782883345372495,8.78783141097867,11.44806589545985,10.533199493407029,10.619111096659466,7.413553839851727,7.921019887568352,10.063308988303637,6.340392112012134,6.571562205398818,6.895533953332713,8.325643056974618,9.542505344532113,8.222338951025009,8.914241024049574,6.955190343970756,7.901974748702361,9.201696208530626,8.295902361377383,8.384844065446792,7.822966822696903,10.478646695451788,8.337910803942336,5.923730605332365,6.895149209519635,6.680207192818156,7.644553882511923,8.84643560822342,6.285186033680726,4.726383142063409,7.663685917753555,5.447004702543208,8.669207976144158,5.92439358081213,6.4778027824363855,7.563518051486449,8.596984864200456,7.489520497696129,8.915823841150178,5.868467360700325,6.70233016747909,8.787383549254331,6.710318433390083,8.3048425244081,7.429451542469938,6.480261780656857,6.141202573893781,7.867768645519401,4.696430643491902,5.1035168469978665,7.369880642769702,6.005831609780692,5.833563810053536,6.105667895912622,13.639742158935348,12.257402334682236,10.048215305721678,5.223186883551485,0.0,9.083394608395855,8.119846185408983,5.568923908709247,12.18137806691887,6.469409708439112
SYN06,7.389760759005886,5.1721915590620196,6.599596270602094,7.413600445886162,5.454140335021134,6.153409523942079,6.49290324828368,8.444202946174158,5.251073696743331,5.6209161262840635,6.43130820747647,4.811650434273891,5.544644110291323,3.3977031578054344,7.887863855604291,4.5497906223436155,9.248366101070909,4.5001277315016965,12.560868496657669,4.217967983896708,10.212324746145317,8.691656944223826,5.681277050764041,3.7526764460243145,5.255550362138697,10.045685369595112,7.260856451846725,4.549516222291894,8.663209573051265,4.49730320098448,3.902898399210943,6.208464870614024,4.6364980647499765,6.405984375904503,5.03412606791888,3.2680790414351706,7.281558653800147,6.67662218624318,5.470052282541721,10.4861010059648,6.9249810271173455,6.300300288632505,5.789492808499389,9.570006056936151,6.57582628218612,5.687273948141502,10.68885716752369,6.123508219727792,7.218293257045346,5.248375074079509,7.5311367161675085,7.384472758791577,6.981217409904894,4.544650382406918,4.3021556993346985,7.963611497625523,7.971719418624957,8.952880805410137,5.66765481171589,5.0769382551396225,4.685213522089672,6.219766983957611,5.511204016008921,6.3243946986264215,7.289110506610251,9.0093938702747,6.174309499511566,5.511611451596515,7.232256629287599,7.415443546544849,13.458943909552994,11.155804075223598,3.235772923326283,8.969643262859913,9.083394608395855,0.0,5.134791105276723,5.666340251632015,8.107256830283932,6.671449011464627
SYN07,6.5732375093098145,6.0166826234281965,6.740806576111642,7.749249934777222,6.7927500816564805,5.704389651834594,6.037075668969937,5.406593422226273,4.752656848539834,5.021008506170015,8.062790017166751,6.225697732170644,4.9979363505051255,5.066700074260149,7.846618294619941,5.886566248610813,8.190929844100529,5.7488102691768885,12.073822669172058,6.472063299671718,10.056644419811986,8.222596379128015,6.9014898635627935,6.010909479706199,6.473695836081208,11.340370690171351,6.808301827045686,5.447478522024536,8.522930655639264,4.559001978165796,3.9643189128145107,5.920596125803026,3.7866657431101456,6.071658028148088,6.249065681821906,5.152006050152098,7.108400832450527,5.9085558218772,6.258161264624417,10.833454338407698,7.4950357837956245,7.170340909822251,6.88270793478185,11.14160381006607,6.3726588948555865,6.3704831459513125,11.705840480456187,5.037624607592031,9.423470668878048,5.644521723010117,8.336969871161699,8.378995303688978,6.143435205662461,5.271907994983795,7.1055153229146315,9.192252710137236,8.766270265547272,9.908137183903019,5.916986623112108,3.5258113918969793,4.3548511095755105,7.47306975589768,6.1005481948507825,5.182721386876764,6.935875221665617,7.653718004432339,4.672729294874338,5.028989820202881,6.187799726073948,6.9409756372142395,12.202543058776676,10.649128458195236,6.369549129733041,9.759847898051312,8.119846185408983,5.134791105276723,0.0,6.437193568830683,7.705207438308385,8.105016818924428
SYN08,8.25697833710865,4.497933542392197,7.688287555641813,5.609782708646528,5.21867032528848,6.849484705464465,5.246005341020568,6.61144354340724,4.69058679324746,4.814280582953968,8.553501325062628,6.098779444630287,6.794229700416246,6.358471183074975,9.920171731190562,4.6262140312204805,6.474790663713438,6.02397188308621,11.721279876255142,6.952569632412891,8.868472040059023,7.380264463875,4.313746117081387,7.3198050896486295,4.410688016421951,8.213118329363,5.419319428737303,4.7501697838683,8.63213049381632,5.338281917792449,6.713877011934907,5.469907614678233,5.751006613587464,7.350218598355545,5.992686286724476,5.537842853730822,7.4789496738725445,7.393168626496432,5.031403374290034,6.61559620793652,4.233602694163122,4.711160972779797,6.528097886635917,8.51899817758622,4.812922973808516,3.456590917982077,9.409064538408979,3.7878549323546413,7.730167312281639,3.9756945230594107,5.6169530492751205,5.950165762657196,7.102256004403981,5.927025967009102,5.377983439013525,6.249260954227451,6.158423022624756,8.48416354847714,2.918523463109506,5.9633136419053,5.87952477897712,4.803653496969247,4.023560314238663,5.886365713789212,3.655784747492255,6.227074333805523,5.324100282906651,3.8483047884717334,5.886538866175973,3.667642658221482,13.149575443748786,11.39263494221702,6.768101031149137,5.540563811867959,5.568923908709247,5.666340251632015,6.437193568830683,0.0,9.775325866829238,4.623569176841096
SYN09,4.37048307752018,9.214821287855479,9.372713478740037,9.459903331789741,9.242329712455652,5.968279066912828,7.2744710231866,8.18767889014109,8.740092948779283,8.849729339622714,6.068657164987254,7.354386341637605,8.850326071176143,6.5904293754498315,3.2457955779115872,7.729542459726056,9.755437047784987,7.661996645311586,10.904869664205643,8.031227806263352,8.959379551599824,11.283814795897257,10.35560573588326,8.13314200370336,8.53869529674907,14.421352492131623,9.406042796705199,8.793006968851676,9.346839627417019,9.063730586761704,8.06591882890341,7.13988858514887,6.109648666052989,4.374585507705684,6.632589012575758,7.9124198287157705,7.401776607221973,7.5537772487748125,8.852281718371968,13.589770077825404,8.87447389599809,10.307534708442292,9.909622307269895,12.150492212917946,8.189549080293148,9.882700194200313,14.709575484328063,9.19663843552789,10.339488925505844,8.237664395900529,11.728132565782479,10.85438711887788,8.737437164080491,7.601185044526506,9.68359357656281,11.355400196490724,10.207207769108663,9.607395247926782,8.576732891940743,7.670189057731868,6.543114636952382,9.179928053557736,10.041765939743543,6.780956832615544,11.22295864256963,12.003852204362769,7.8176281552598255,8.690768837989008,10.07161502178024,9.493241321486023,9.050981392843374,6.624806880018141,7.670620784137922,12.503619949473489,12.18137806691887,8.107256830283932,7.705207438308385,9.775325866829238,0.0,11.130021958306855
SYN10,9.966127271789643,4.872384795605935,9.59475420896023,5.763045844818536,4.406762374080369,8.42893577794276,6.414961724221239,9.095672688046669,6.761398047638939,6.762443095338303,9.436791202571026,7.689665684035388,8.48153172428684,7.744259945545784,10.83266992445783,6.43548615751691,7.501059125050877,7.86568299664621,11.670813886235296,8.311283533886861,9.023280351076005,7.3333069127006185,5.983227381105611,7.733857477252543,5.777172823840384,6.021680302157509,5.530428937089998,6.4692269858605,9.210569533445957,7.145345158144207,8.25654690270664,6.5512019271640005,7.396333970138295,8.593529234736035,6.590470214965859,7.000915161423039,8.09607979864827,9.54897344958756,7.206237815637028,7.875354397621316,5.357524165544159,4.737619446012689,6.283956171408314,7.395281494465942,4.714440373505842,4.345989366077917,8.011543400522456,5.9470761941669545,6.591563873806633,4.994923655548095,5.346165244342144,5.55990467241284,8.105867412855227,6.586452153092787,5.1225327079621055,4.81036172101992,4.357041993378399,7.706328436386964,5.8510076240012046,6.749138017361206,6.692922124852076,5.409404524703524,4.833778480336751,7.683399829095503,4.817134862936044,7.984997821690468,7.388403609489632,5.593694483484377,7.145246567807397,6.129151612071135,14.008337265960614,11.919050173674856,7.100510214334323,5.076990527073546,6.469409708439112,6.671449011464627,8.105016818924428,4.623569176841096,11.130021958306855,0.0
