id,control,rep,metric,original,control_value,delta
J1,shuffle,0,self_retention,0.7310934407207699,0.242432355250946,0.4886610854698239
J1,shuffle,0,transition_entropy_norm,0.3586040617407086,0.6597002118452683,-0.3010961501045597
J1,shuffle,0,irreversibility,0.07310650012513367,0.10939173270507602,-0.036285232579942345
J1,shuffle,0,metastability_slem,0.8333333333333334,0.11070877809909604,0.7226245552342373
J1,shuffle,0,phase_jump_count,4,8,-4
J1,shuffle,1,self_retention,0.7310934407207699,0.25021666907410084,0.48087677164666903
J1,shuffle,1,transition_entropy_norm,0.3586040617407086,0.6587753199719546,-0.300171258231246
J1,shuffle,1,irreversibility,0.07310650012513367,0.09110934565939621,-0.01800284553426254
J1,shuffle,1,metastability_slem,0.8333333333333334,0.1286213408937036,0.7047119924396298
J1,shuffle,1,phase_jump_count,4,8,-4
J1,shuffle,2,self_retention,0.7310934407207699,0.24600141059768393,0.48509203012308594
J1,shuffle,2,transition_entropy_norm,0.3586040617407086,0.6590394758200029,-0.3004354140792943
J1,shuffle,2,irreversibility,0.07310650012513367,0.1319818897458649,-0.05887538962073122
J1,shuffle,2,metastability_slem,0.8333333333333334,0.08799847983258023,0.7453348535007531
J1,shuffle,2,phase_jump_count,4,3,1
J1,shuffle,3,self_retention,0.7310934407207699,0.24911268855368235,0.4819807521670875
J1,shuffle,3,transition_entropy_norm,0.3586040617407086,0.6545615532997046,-0.295957491558996
J1,shuffle,3,irreversibility,0.07310650012513367,0.12280731690669579,-0.049700816781562115
J1,shuffle,3,metastability_slem,0.8333333333333334,0.15008696338747401,0.6832463699458593
J1,shuffle,3,phase_jump_count,4,8,-4
J1,shuffle,4,self_retention,0.7310934407207699,0.2164471139626419,0.5146463267581279
J1,shuffle,4,transition_entropy_norm,0.3586040617407086,0.6568999144517501,-0.29829585271104153
J1,shuffle,4,irreversibility,0.07310650012513367,0.10574932314062749,-0.032642823015493816
J1,shuffle,4,metastability_slem,0.8333333333333334,0.12628008196368254,0.7070532513696508
J1,shuffle,4,phase_jump_count,4,3,1
J1,shuffle,5,self_retention,0.7310934407207699,0.24557633973710818,0.4855171009836617
J1,shuffle,5,transition_entropy_norm,0.3586040617407086,0.6595542172482929,-0.3009501555075843
J1,shuffle,5,irreversibility,0.07310650012513367,0.09546078289758778,-0.022354282772454104
J1,shuffle,5,metastability_slem,0.8333333333333334,0.1300799054372664,0.7032534278960669
J1,shuffle,5,phase_jump_count,4,3,1
J1,shuffle,6,self_retention,0.7310934407207699,0.254943956593132,0.47614948412763786
J1,shuffle,6,transition_entropy_norm,0.3586040617407086,0.662477589608664,-0.3038735278679554
J1,shuffle,6,irreversibility,0.07310650012513367,0.07953166274005855,-0.006425162614924873
J1,shuffle,6,metastability_slem,0.8333333333333334,0.134737239512007,0.6985960938213264
J1,shuffle,6,phase_jump_count,4,0,4
J1,shuffle,7,self_retention,0.7310934407207699,0.24753145405319318,0.48356198666757666
J1,shuffle,7,transition_entropy_norm,0.3586040617407086,0.6594310573268658,-0.3008269955861572
J1,shuffle,7,irreversibility,0.07310650012513367,0.09982822560462311,-0.026721725479489436
J1,shuffle,7,metastability_slem,0.8333333333333334,0.09853201246770288,0.7348013208656305
J1,shuffle,7,phase_jump_count,4,5,-1
J1,shuffle,8,self_retention,0.7310934407207699,0.22219413549039438,0.5088993052303755
J1,shuffle,8,transition_entropy_norm,0.3586040617407086,0.6625862650297738,-0.3039822032890652
J1,shuffle,8,irreversibility,0.07310650012513367,0.10237613751263902,-0.02926963738750535
J1,shuffle,8,metastability_slem,0.8333333333333334,0.10630017483660635,0.727033158496727
J1,shuffle,8,phase_jump_count,4,5,-1
J1,shuffle,9,self_retention,0.7310934407207699,0.2237809666595274,0.5073124740612425
J1,shuffle,9,transition_entropy_norm,0.3586040617407086,0.6604773714928176,-0.301873309752109
J1,shuffle,9,irreversibility,0.07310650012513367,0.07678303705290215,-0.003676536927768481
J1,shuffle,9,metastability_slem,0.8333333333333334,0.13780238356964342,0.6955309497636899
J1,shuffle,9,phase_jump_count,4,7,-3
J1,shuffle,10,self_retention,0.7310934407207699,0.24716524628051423,0.48392819444025564
J1,shuffle,10,transition_entropy_norm,0.3586040617407086,0.6618656400940305,-0.3032615783533219
J1,shuffle,10,irreversibility,0.07310650012513367,0.06602990033222593,0.007076599792907742
J1,shuffle,10,metastability_slem,0.8333333333333334,0.1598677135249871,0.6734656198083463
J1,shuffle,10,phase_jump_count,4,1,3
J1,shuffle,11,self_retention,0.7310934407207699,0.2568766637089619,0.474216777011808
J1,shuffle,11,transition_entropy_norm,0.3586040617407086,0.6521276357337833,-0.2935235739930747
J1,shuffle,11,irreversibility,0.07310650012513367,0.10556731053625462,-0.03246081041112095
J1,shuffle,11,metastability_slem,0.8333333333333334,0.14392497243032024,0.6894083609030132
J1,shuffle,11,phase_jump_count,4,3,1
J1,shuffle,12,self_retention,0.7310934407207699,0.23930490613441277,0.4917885345863571
J1,shuffle,12,transition_entropy_norm,0.3586040617407086,0.658099983422167,-0.29949592168145844
J1,shuffle,12,irreversibility,0.07310650012513367,0.0914578826156745,-0.01835138249054083
J1,shuffle,12,metastability_slem,0.8333333333333334,0.14873537233853484,0.6845979609947985
J1,shuffle,12,phase_jump_count,4,2,2
J1,shuffle,13,self_retention,0.7310934407207699,0.25063135622141836,0.4804620844993515
J1,shuffle,13,transition_entropy_norm,0.3586040617407086,0.6572289235880004,-0.29862486184729187
J1,shuffle,13,irreversibility,0.07310650012513367,0.09039200964666803,-0.017285509521534362
J1,shuffle,13,metastability_slem,0.8333333333333334,0.10586137318930847,0.7274719601440249
J1,shuffle,13,phase_jump_count,4,5,-1
J1,shuffle,14,self_retention,0.7310934407207699,0.24091795464394053,0.49017548607682937
J1,shuffle,14,transition_entropy_norm,0.3586040617407086,0.6601304236504424,-0.3015263619097338
J1,shuffle,14,irreversibility,0.07310650012513367,0.10611367904087825,-0.033007178915744576
J1,shuffle,14,metastability_slem,0.8333333333333334,0.0946261872318514,0.738707146101482
J1,shuffle,14,phase_jump_count,4,2,2
J1,shuffle,15,self_retention,0.7310934407207699,0.24602416217323053,0.48506927854753934
J1,shuffle,15,transition_entropy_norm,0.3586040617407086,0.6626025609078572,-0.3039984991671486
J1,shuffle,15,irreversibility,0.07310650012513367,0.08282711077742136,-0.009720610652287687
J1,shuffle,15,metastability_slem,0.8333333333333334,0.13490498813990254,0.6984283451934308
J1,shuffle,15,phase_jump_count,4,2,2
J1,shuffle,16,self_retention,0.7310934407207699,0.24716524628051426,0.4839281944402556
J1,shuffle,16,transition_entropy_norm,0.3586040617407086,0.6610746352327252,-0.30247057349201667
J1,shuffle,16,irreversibility,0.07310650012513367,0.11275819731330347,-0.0396516971881698
J1,shuffle,16,metastability_slem,0.8333333333333334,0.08605536366031404,0.7472779696730193
J1,shuffle,16,phase_jump_count,4,4,0
J1,shuffle,17,self_retention,0.7310934407207699,0.2268302044804243,0.5042632362403456
J1,shuffle,17,transition_entropy_norm,0.3586040617407086,0.6592463711601493,-0.3006423094194407
J1,shuffle,17,irreversibility,0.07310650012513367,0.13764044943820225,-0.06453394931306858
J1,shuffle,17,metastability_slem,0.8333333333333334,0.11433399396045427,0.7189993393728791
J1,shuffle,17,phase_jump_count,4,1,3
J1,shuffle,18,self_retention,0.7310934407207699,0.24132596182285623,0.4897674788979136
J1,shuffle,18,transition_entropy_norm,0.3586040617407086,0.663050025315521,-0.30444596357481246
J1,shuffle,18,irreversibility,0.07310650012513367,0.09950401565308395,-0.026397515527950277
J1,shuffle,18,metastability_slem,0.8333333333333334,0.08469945497180942,0.748633878361524
J1,shuffle,18,phase_jump_count,4,2,2
J1,shuffle,19,self_retention,0.7310934407207699,0.23044502081769164,0.5006484199030783
J1,shuffle,19,transition_entropy_norm,0.3586040617407086,0.6544148491107605,-0.29581078737005195
J1,shuffle,19,irreversibility,0.07310650012513367,0.09517552840534207,-0.022069028280208403
J1,shuffle,19,metastability_slem,0.8333333333333334,0.12196128318272921,0.7113720501506041
J1,shuffle,19,phase_jump_count,4,4,0
J1,shuffle,20,self_retention,0.7310934407207699,0.25844652242167765,0.4726469182990922
J1,shuffle,20,transition_entropy_norm,0.3586040617407086,0.6577571278849783,-0.29915306614426973
J1,shuffle,20,irreversibility,0.07310650012513367,0.16317429982026255,-0.09006779969512888
J1,shuffle,20,metastability_slem,0.8333333333333334,0.14006291911868518,0.6932704142146482
J1,shuffle,20,phase_jump_count,4,5,-1
J1,shuffle,21,self_retention,0.7310934407207699,0.2600277569221669,0.471065683798603
J1,shuffle,21,transition_entropy_norm,0.3586040617407086,0.6587637663073065,-0.3001597045665979
J1,shuffle,21,irreversibility,0.07310650012513367,0.15252656246445068,-0.079420062339317
J1,shuffle,21,metastability_slem,0.8333333333333334,0.1292050322684168,0.7041283010649166
J1,shuffle,21,phase_jump_count,4,1,3
J1,shuffle,22,self_retention,0.7310934407207699,0.2298136645962733,0.5012797761244966
J1,shuffle,22,transition_entropy_norm,0.3586040617407086,0.6624157245611725,-0.3038116628204639
J1,shuffle,22,irreversibility,0.07310650012513367,0.06191770186335405,0.011188798261779626
J1,shuffle,22,metastability_slem,0.8333333333333334,0.09133622737741853,0.7419971059559148
J1,shuffle,22,phase_jump_count,4,4,0
J1,shuffle,23,self_retention,0.7310934407207699,0.23667895251746185,0.494414488203308
J1,shuffle,23,transition_entropy_norm,0.3586040617407086,0.6576589084140193,-0.2990548466733107
J1,shuffle,23,irreversibility,0.07310650012513367,0.09793984483425477,-0.024833344709121102
J1,shuffle,23,metastability_slem,0.8333333333333334,0.10324872868752975,0.7300846046458036
J1,shuffle,23,phase_jump_count,4,2,2
J1,shuffle,24,self_retention,0.7310934407207699,0.2284876823225626,0.5026057583982073
J1,shuffle,24,transition_entropy_norm,0.3586040617407086,0.6539119028996667,-0.29530784115895814
J1,shuffle,24,irreversibility,0.07310650012513367,0.12094354107055623,-0.04783704094542256
J1,shuffle,24,metastability_slem,0.8333333333333334,0.1101987014869427,0.7231346318463907
J1,shuffle,24,phase_jump_count,4,2,2
J1,shuffle,25,self_retention,0.7310934407207699,0.24443723977885473,0.48665620094191514
J1,shuffle,25,transition_entropy_norm,0.3586040617407086,0.6609948599884407,-0.3023907982477321
J1,shuffle,25,irreversibility,0.07310650012513367,0.1028428093645485,-0.029736309239414824
J1,shuffle,25,metastability_slem,0.8333333333333334,0.11760252599397068,0.7157308073393627
J1,shuffle,25,phase_jump_count,4,3,1
J1,shuffle,26,self_retention,0.7310934407207699,0.250654107796965,0.48043933292380486
J1,shuffle,26,transition_entropy_norm,0.3586040617407086,0.6603519185437259,-0.3017478568030173
J1,shuffle,26,irreversibility,0.07310650012513367,0.10894591950492573,-0.035839419379792056
J1,shuffle,26,metastability_slem,0.8333333333333334,0.22904287889701028,0.6042904544363231
J1,shuffle,26,phase_jump_count,4,3,1
J1,shuffle,27,self_retention,0.7310934407207699,0.24916387959866224,0.4819295611221076
J1,shuffle,27,transition_entropy_norm,0.3586040617407086,0.6605673525837694,-0.30196329084306084
J1,shuffle,27,irreversibility,0.07310650012513367,0.08529565672422816,-0.012189156599094489
J1,shuffle,27,metastability_slem,0.8333333333333334,0.10861770170415032,0.7247156316291831
J1,shuffle,27,phase_jump_count,4,2,2
J1,shuffle,28,self_retention,0.7310934407207699,0.2579733407774444,0.4731200999433255
J1,shuffle,28,transition_entropy_norm,0.3586040617407086,0.6611813582001856,-0.30257729645947706
J1,shuffle,28,irreversibility,0.07310650012513367,0.10157722102030846,-0.028470720895174786
J1,shuffle,28,metastability_slem,0.8333333333333334,0.09626362368394309,0.7370697096493903
J1,shuffle,28,phase_jump_count,4,4,0
J1,shuffle,29,self_retention,0.7310934407207699,0.25848064978499763,0.47261279093577224
J1,shuffle,29,transition_entropy_norm,0.3586040617407086,0.6572417919939276,-0.29863773025321905
J1,shuffle,29,irreversibility,0.07310650012513367,0.12938821013355173,-0.05628171000841806
J1,shuffle,29,metastability_slem,0.8333333333333334,0.1111279208569007,0.7222054124764327
J1,shuffle,29,phase_jump_count,4,1,3
J1,block_shuffle,0,self_retention,0.7310934407207699,0.7122529644268775,0.018840476293892405
J1,block_shuffle,0,transition_entropy_norm,0.3586040617407086,0.3874173316030861,-0.028813269862377533
J1,block_shuffle,0,irreversibility,0.07310650012513367,0.07035573122529645,0.0027507688998372193
J1,block_shuffle,0,metastability_slem,0.8333333333333334,0.832065536925992,0.001267796407341315
J1,block_shuffle,0,phase_jump_count,4,7,-3
J1,block_shuffle,1,self_retention,0.7310934407207699,0.7093060612550868,0.0217873794656831
J1,block_shuffle,1,transition_entropy_norm,0.3586040617407086,0.3911594217044838,-0.03255535996377523
J1,block_shuffle,1,irreversibility,0.07310650012513367,0.0760512600842436,-0.0029447599591099216
J1,block_shuffle,1,metastability_slem,0.8333333333333334,0.8329830563930183,0.00035027694031508627
J1,block_shuffle,1,phase_jump_count,4,3,1
J1,block_shuffle,2,self_retention,0.7310934407207699,0.7042710586921628,0.026822382028607095
J1,block_shuffle,2,transition_entropy_norm,0.3586040617407086,0.39333564880940947,-0.034731587068700887
J1,block_shuffle,2,irreversibility,0.07310650012513367,0.06811361574429478,0.004992884380838891
J1,block_shuffle,2,metastability_slem,0.8333333333333334,0.8312705525781543,0.0020627807551790722
J1,block_shuffle,2,phase_jump_count,4,8,-4
J1,block_shuffle,3,self_retention,0.7310934407207699,0.7046561099356131,0.026437330785156754
J1,block_shuffle,3,transition_entropy_norm,0.3586040617407086,0.39259105238051006,-0.033986990639801484
J1,block_shuffle,3,irreversibility,0.07310650012513367,0.07775919732441472,-0.004652697199281047
J1,block_shuffle,3,metastability_slem,0.8333333333333334,0.8322622395350908,0.0010710937982425506
J1,block_shuffle,3,phase_jump_count,4,7,-3
J1,block_shuffle,4,self_retention,0.7310934407207699,0.7077673878916115,0.02332605282915834
J1,block_shuffle,4,transition_entropy_norm,0.3586040617407086,0.3895919866486438,-0.030987924907935227
J1,block_shuffle,4,irreversibility,0.07310650012513367,0.06842536345641938,0.004681136668714295
J1,block_shuffle,4,metastability_slem,0.8333333333333334,0.8327220561801816,0.0006112771531517902
J1,block_shuffle,4,phase_jump_count,4,0,4
J1,block_shuffle,5,self_retention,0.7310934407207699,0.7077711144427787,0.023322326277991134
J1,block_shuffle,5,transition_entropy_norm,0.3586040617407086,0.38976669177289663,-0.031162630032188054
J1,block_shuffle,5,irreversibility,0.07310650012513367,0.07765759977154281,-0.0045510996464091374
J1,block_shuffle,5,metastability_slem,0.8333333333333334,0.8316922552743669,0.0016410780589665164
J1,block_shuffle,5,phase_jump_count,4,2,2
J1,block_shuffle,6,self_retention,0.7310934407207699,0.7046561099356132,0.026437330785156643
J1,block_shuffle,6,transition_entropy_norm,0.3586040617407086,0.3966536724289522,-0.03804961068824364
J1,block_shuffle,6,irreversibility,0.07310650012513367,0.06534821286374083,0.0077582872613928405
J1,block_shuffle,6,metastability_slem,0.8333333333333334,0.847497555970273,-0.014164222636939616
J1,block_shuffle,6,phase_jump_count,4,3,1
J1,block_shuffle,7,self_retention,0.7310934407207699,0.7089294437853304,0.022163996935439467
J1,block_shuffle,7,transition_entropy_norm,0.3586040617407086,0.39070333411609814,-0.032099272375389565
J1,block_shuffle,7,irreversibility,0.07310650012513367,0.06666550352432131,0.006440996600812363
J1,block_shuffle,7,metastability_slem,0.8333333333333334,0.8326777671627248,0.0006555661706085791
J1,block_shuffle,7,phase_jump_count,4,3,1
J1,block_shuffle,8,self_retention,0.7310934407207699,0.713978568015835,0.017114872704934836
J1,block_shuffle,8,transition_entropy_norm,0.3586040617407086,0.3869736795205136,-0.028369617779805012
J1,block_shuffle,8,irreversibility,0.07310650012513367,0.06535390075762748,0.007752599367506191
J1,block_shuffle,8,metastability_slem,0.8333333333333334,0.8318044607352159,0.0015288725981175144
J1,block_shuffle,8,phase_jump_count,4,7,-3
J1,block_shuffle,9,self_retention,0.7310934407207699,0.7062145928605557,0.024878847860214215
J1,block_shuffle,9,transition_entropy_norm,0.3586040617407086,0.39019814168446465,-0.03159407994375607
J1,block_shuffle,9,irreversibility,0.07310650012513367,0.07621209018724547,-0.0031055900621117932
J1,block_shuffle,9,metastability_slem,0.8333333333333334,0.8221386774021284,0.011194655931204944
J1,block_shuffle,9,phase_jump_count,4,4,0
J1,block_shuffle,10,self_retention,0.7310934407207699,0.7046617978294998,0.02643164289127009
J1,block_shuffle,10,transition_entropy_norm,0.3586040617407086,0.39279648289724545,-0.03419242115653687
J1,block_shuffle,10,irreversibility,0.07310650012513367,0.08084772370486655,-0.007741223579732878
J1,block_shuffle,10,metastability_slem,0.8333333333333334,0.8284116011376125,0.004921732195720896
J1,block_shuffle,10,phase_jump_count,4,2,2
J1,block_shuffle,11,self_retention,0.7310934407207699,0.7074425826953634,0.02365085802540645
J1,block_shuffle,11,transition_entropy_norm,0.3586040617407086,0.3879866397377838,-0.02938257799707522
J1,block_shuffle,11,irreversibility,0.07310650012513367,0.07812725696952189,-0.005020756844388213
J1,block_shuffle,11,metastability_slem,0.8333333333333334,0.8318161802750741,0.0015171530582592796
J1,block_shuffle,11,phase_jump_count,4,1,3
J1,block_shuffle,12,self_retention,0.7310934407207699,0.6984278661297296,0.03266557459104025
J1,block_shuffle,12,transition_entropy_norm,0.3586040617407086,0.3983832899123226,-0.039779228171614
J1,block_shuffle,12,irreversibility,0.07310650012513367,0.06528564603098766,0.007820854094146013
J1,block_shuffle,12,metastability_slem,0.8333333333333334,0.8328992873044087,0.0004340460289247172
J1,block_shuffle,12,phase_jump_count,4,4,0
J1,block_shuffle,13,self_retention,0.7310934407207699,0.7062089049666691,0.024884535754100767
J1,block_shuffle,13,transition_entropy_norm,0.3586040617407086,0.39197246023228954,-0.033368398491580964
J1,block_shuffle,13,irreversibility,0.07310650012513367,0.06067845198279981,0.012428048142333864
J1,block_shuffle,13,metastability_slem,0.8333333333333334,0.8336851821538381,-0.0003518488205047632
J1,block_shuffle,13,phase_jump_count,4,4,0
J1,block_shuffle,14,self_retention,0.7310934407207699,0.7062145928605557,0.024878847860214215
J1,block_shuffle,14,transition_entropy_norm,0.3586040617407086,0.3875880828021686,-0.02898402106146003
J1,block_shuffle,14,irreversibility,0.07310650012513367,0.06691807157645668,0.0061884285486769885
J1,block_shuffle,14,metastability_slem,0.8333333333333334,0.8199997988815505,0.013333534451782869
J1,block_shuffle,14,phase_jump_count,4,2,2
J1,block_shuffle,15,self_retention,0.7310934407207699,0.7077673878916115,0.02332605282915834
J1,block_shuffle,15,transition_entropy_norm,0.3586040617407086,0.3940918225140149,-0.03548776077330634
J1,block_shuffle,15,irreversibility,0.07310650012513367,0.06841398766864606,0.0046925124564876075
J1,block_shuffle,15,metastability_slem,0.8333333333333334,0.8318508609832144,0.0014824723501190018
J1,block_shuffle,15,phase_jump_count,4,5,-1
J1,block_shuffle,16,self_retention,0.7310934407207699,0.7108767045048905,0.020216736215879383
J1,block_shuffle,16,transition_entropy_norm,0.3586040617407086,0.3882544695847674,-0.029650407844058813
J1,block_shuffle,16,irreversibility,0.07310650012513367,0.07451631327193546,-0.0014098131468017888
J1,block_shuffle,16,metastability_slem,0.8333333333333334,0.8294019827080253,0.003931350625308028
J1,block_shuffle,16,phase_jump_count,4,6,-2
J1,block_shuffle,17,self_retention,0.7310934407207699,0.7030948811308633,0.027998559589906602
J1,block_shuffle,17,transition_entropy_norm,0.3586040617407086,0.3926168289514786,-0.03401276721077001
J1,block_shuffle,17,irreversibility,0.07310650012513367,0.07919254658385094,-0.00608604645871727
J1,block_shuffle,17,metastability_slem,0.8333333333333334,0.8317400989444462,0.0015932343888871436
J1,block_shuffle,17,phase_jump_count,4,1,3
J1,block_shuffle,18,self_retention,0.7310934407207699,0.6999920369485588,0.031101403772211045
J1,block_shuffle,18,transition_entropy_norm,0.3586040617407086,0.39847959495079716,-0.039875533210088576
J1,block_shuffle,18,irreversibility,0.07310650012513367,0.07622346597501878,-0.003116965849885106
J1,block_shuffle,18,metastability_slem,0.8333333333333334,0.8310956735581377,0.002237659775195633
J1,block_shuffle,18,phase_jump_count,4,3,1
J1,block_shuffle,19,self_retention,0.7310934407207699,0.7077711144427787,0.023322326277991134
J1,block_shuffle,19,transition_entropy_norm,0.3586040617407086,0.38730911123080364,-0.028705049490095058
J1,block_shuffle,19,irreversibility,0.07310650012513367,0.07451631327193547,-0.0014098131468018027
J1,block_shuffle,19,metastability_slem,0.8333333333333334,0.815911194439356,0.017422138893977368
J1,block_shuffle,19,phase_jump_count,4,4,0
J1,block_shuffle,20,self_retention,0.7310934407207699,0.7030976270106706,0.027995813710099293
J1,block_shuffle,20,transition_entropy_norm,0.3586040617407086,0.39342300198494456,-0.034818940244235985
J1,block_shuffle,20,irreversibility,0.07310650012513367,0.06687256842536346,0.006233931699770212
J1,block_shuffle,20,metastability_slem,0.8333333333333334,0.8327159179633006,0.0006174153700327922
J1,block_shuffle,20,phase_jump_count,4,6,-2
J1,block_shuffle,21,self_retention,0.7310934407207699,0.7062089049666691,0.024884535754100767
J1,block_shuffle,21,transition_entropy_norm,0.3586040617407086,0.3902153583786761,-0.03161129663796752
J1,block_shuffle,21,irreversibility,0.07310650012513367,0.07620640229335882,-0.0030999021682251438
J1,block_shuffle,21,metastability_slem,0.8333333333333334,0.8323658219508322,0.0009675113825011739
J1,block_shuffle,21,phase_jump_count,4,8,-4
J1,block_shuffle,22,self_retention,0.7310934407207699,0.7093239094738346,0.02176953124693526
J1,block_shuffle,22,transition_entropy_norm,0.3586040617407086,0.3902015601362652,-0.031597498395556645
J1,block_shuffle,22,irreversibility,0.07310650012513367,0.06700221317912472,0.006104286946008952
J1,block_shuffle,22,metastability_slem,0.8333333333333334,0.8315383168645262,0.001795016468807198
J1,block_shuffle,22,phase_jump_count,4,5,-1
J1,block_shuffle,23,self_retention,0.7310934407207699,0.7072981366459627,0.023795304074807122
J1,block_shuffle,23,transition_entropy_norm,0.3586040617407086,0.3876475469267977,-0.029043485186089124
J1,block_shuffle,23,irreversibility,0.07310650012513367,0.06579968944099379,0.0073068106841398806
J1,block_shuffle,23,metastability_slem,0.8333333333333334,0.820191936164086,0.013141397169247337
J1,block_shuffle,23,phase_jump_count,4,3,1
J1,block_shuffle,24,self_retention,0.7310934407207699,0.7015505198735013,0.029542920847268617
J1,block_shuffle,24,transition_entropy_norm,0.3586040617407086,0.39725914568938653,-0.03865508394867795
J1,block_shuffle,24,irreversibility,0.07310650012513367,0.07144563511023137,0.001660865014902299
J1,block_shuffle,24,metastability_slem,0.8333333333333334,0.8329046245658397,0.0004287087674936796
J1,block_shuffle,24,phase_jump_count,4,2,2
J1,block_shuffle,25,self_retention,0.7310934407207699,0.7077730757854983,0.023320364935271565
J1,block_shuffle,25,transition_entropy_norm,0.3586040617407086,0.3906390313157136,-0.03203496957500501
J1,block_shuffle,25,irreversibility,0.07310650012513367,0.08399312902418492,-0.010886628899051246
J1,block_shuffle,25,metastability_slem,0.8333333333333334,0.8255122116616831,0.007821121671650277
J1,block_shuffle,25,phase_jump_count,4,6,-2
J1,block_shuffle,26,self_retention,0.7310934407207699,0.7074425826953634,0.02365085802540645
J1,block_shuffle,26,transition_entropy_norm,0.3586040617407086,0.3887705995033987,-0.030166537762690127
J1,block_shuffle,26,irreversibility,0.07310650012513367,0.06877437527083635,0.00433212485429732
J1,block_shuffle,26,metastability_slem,0.8333333333333334,0.8306757787556871,0.0026575545776462706
J1,block_shuffle,26,phase_jump_count,4,6,-2
J1,block_shuffle,27,self_retention,0.7310934407207699,0.7030976270106706,0.027995813710099293
J1,block_shuffle,27,transition_entropy_norm,0.3586040617407086,0.3966996767475494,-0.03809561500684083
J1,block_shuffle,27,irreversibility,0.07310650012513367,0.07001228585079516,0.003094214274338508
J1,block_shuffle,27,metastability_slem,0.8333333333333334,0.829505055274155,0.0038282780591784027
J1,block_shuffle,27,phase_jump_count,4,2,2
J1,block_shuffle,28,self_retention,0.7310934407207699,0.7139899438036084,0.01710349691716151
J1,block_shuffle,28,transition_entropy_norm,0.3586040617407086,0.3818643674451616,-0.023260305704453033
J1,block_shuffle,28,irreversibility,0.07310650012513367,0.07463654358064295,-0.001530043455509278
J1,block_shuffle,28,metastability_slem,0.8333333333333334,0.8330585031733833,0.0002748301599501124
J1,block_shuffle,28,phase_jump_count,4,4,0
J1,block_shuffle,29,self_retention,0.7310934407207699,0.7077711144427787,0.023322326277991134
J1,block_shuffle,29,transition_entropy_norm,0.3586040617407086,0.3898294586883672,-0.031225396947658635
J1,block_shuffle,29,irreversibility,0.07310650012513367,0.0807631898336546,-0.007656689708520931
J1,block_shuffle,29,metastability_slem,0.8333333333333334,0.8304787970268569,0.002854536306476474
J1,block_shuffle,29,phase_jump_count,4,4,0
J1,reverse,0,self_retention,0.7310934407207699,0.7313664596273293,-0.00027301890655939687
J1,reverse,0,transition_entropy_norm,0.3586040617407086,0.36059477944108004,-0.0019907177003714582
J1,reverse,0,irreversibility,0.07310650012513367,0.07298136645962733,0.00012513366550634397
J1,reverse,0,metastability_slem,0.8333333333333334,0.9984271769444407,-0.16509384361110735
J1,reverse,0,phase_jump_count,4,13,-9
J2,shuffle,0,self_retention,0.3748194424382493,0.1647374364765669,0.21008200596168236
J2,shuffle,0,transition_entropy_norm,0.6226457282484572,0.7504987183607447,-0.12785299011228746
J2,shuffle,0,irreversibility,0.2241080456449516,0.13742236024844723,0.08668568539650437
J2,shuffle,0,metastability_slem,0.5565710943062877,0.10703702805433014,0.4495340662519576
J2,shuffle,0,phase_jump_count,5,1,4
J2,shuffle,1,self_retention,0.3748194424382493,0.19601919819311125,0.17880024424513802
J2,shuffle,1,transition_entropy_norm,0.6226457282484572,0.7493984116933936,-0.1267526834449364
J2,shuffle,1,irreversibility,0.2241080456449516,0.08514963297571995,0.13895841266923165
J2,shuffle,1,metastability_slem,0.5565710943062877,0.12292096288623593,0.43365013142005177
J2,shuffle,1,phase_jump_count,5,3,2
J2,shuffle,2,self_retention,0.3748194424382493,0.20503105590062115,0.16978838653762812
J2,shuffle,2,transition_entropy_norm,0.6226457282484572,0.7498163610196555,-0.12717063277119833
J2,shuffle,2,irreversibility,0.2241080456449516,0.11385093167701862,0.11025711396793297
J2,shuffle,2,metastability_slem,0.5565710943062877,0.11587717360090356,0.44069392070538416
J2,shuffle,2,phase_jump_count,5,5,0
J2,shuffle,3,self_retention,0.3748194424382493,0.1803460514640639,0.19447339097418537
J2,shuffle,3,transition_entropy_norm,0.6226457282484572,0.7516202338865792,-0.12897450563812196
J2,shuffle,3,irreversibility,0.2241080456449516,0.11385314995563442,0.11025489568931718
J2,shuffle,3,metastability_slem,0.5565710943062877,0.12665005015831116,0.42992104414797655
J2,shuffle,3,phase_jump_count,5,3,2
J2,shuffle,4,self_retention,0.3748194424382493,0.18331299911268856,0.19150644332556072
J2,shuffle,4,transition_entropy_norm,0.6226457282484572,0.7515682468162245,-0.12892251856776726
J2,shuffle,4,irreversibility,0.2241080456449516,0.12231033717834963,0.10179770846660197
J2,shuffle,4,metastability_slem,0.5565710943062877,0.10460191073220299,0.4519691835740847
J2,shuffle,4,phase_jump_count,5,4,1
J2,shuffle,5,self_retention,0.3748194424382493,0.16190596562184023,0.21291347681640904
J2,shuffle,5,transition_entropy_norm,0.6226457282484572,0.7452713869681038,-0.12262565871964659
J2,shuffle,5,irreversibility,0.2241080456449516,0.1541058789542106,0.070002166690741
J2,shuffle,5,metastability_slem,0.5565710943062877,0.1162433760384275,0.4403277182678602
J2,shuffle,5,phase_jump_count,5,2,3
J2,shuffle,6,self_retention,0.3748194424382493,0.19571428571428573,0.17910515672396354
J2,shuffle,6,transition_entropy_norm,0.6226457282484572,0.748140125880866,-0.12549439763240877
J2,shuffle,6,irreversibility,0.2241080456449516,0.16055900621118013,0.06354903943377146
J2,shuffle,6,metastability_slem,0.5565710943062877,0.11543979318325635,0.44113130112303134
J2,shuffle,6,phase_jump_count,5,3,2
J2,shuffle,7,self_retention,0.3748194424382493,0.1757058159232072,0.19911362651504208
J2,shuffle,7,transition_entropy_norm,0.6226457282484572,0.7469002814032086,-0.12425455315475142
J2,shuffle,7,irreversibility,0.2241080456449516,0.1425889328063241,0.0815191128386275
J2,shuffle,7,metastability_slem,0.5565710943062877,0.11646443375010013,0.4401066605561876
J2,shuffle,7,phase_jump_count,5,2,3
J2,shuffle,8,self_retention,0.3748194424382493,0.1696238544064631,0.20519558803178617
J2,shuffle,8,transition_entropy_norm,0.6226457282484572,0.7447379005423745,-0.12209217229391733
J2,shuffle,8,irreversibility,0.2241080456449516,0.13680884333058246,0.08729920231436913
J2,shuffle,8,metastability_slem,0.5565710943062877,0.12646098489720603,0.4301101094090817
J2,shuffle,8,phase_jump_count,5,6,-1
J2,shuffle,9,self_retention,0.3748194424382493,0.18979933110367894,0.18502011133457033
J2,shuffle,9,transition_entropy_norm,0.6226457282484572,0.7455782107694302,-0.122932482520973
J2,shuffle,9,irreversibility,0.2241080456449516,0.16660513399643836,0.05750291164851323
J2,shuffle,9,metastability_slem,0.5565710943062877,0.16040780709895688,0.39616328720733085
J2,shuffle,9,phase_jump_count,5,5,0
J2,shuffle,10,self_retention,0.3748194424382493,0.16806297847753862,0.20675646396071065
J2,shuffle,10,transition_entropy_norm,0.6226457282484572,0.7521252588085658,-0.12947953056010864
J2,shuffle,10,irreversibility,0.2241080456449516,0.12575834175935288,0.09834970388559872
J2,shuffle,10,metastability_slem,0.5565710943062877,0.10813922739177405,0.44843186691451364
J2,shuffle,10,phase_jump_count,5,3,2
J2,shuffle,11,self_retention,0.3748194424382493,0.16014963297571994,0.21466980946252934
J2,shuffle,11,transition_entropy_norm,0.6226457282484572,0.7441969963309502,-0.12155126808249295
J2,shuffle,11,irreversibility,0.2241080456449516,0.15230095990965553,0.07180708573529607
J2,shuffle,11,metastability_slem,0.5565710943062877,0.1480570681575258,0.40851402614876187
J2,shuffle,11,phase_jump_count,5,4,1
J2,shuffle,12,self_retention,0.3748194424382493,0.16647482951830778,0.2083446129199415
J2,shuffle,12,transition_entropy_norm,0.6226457282484572,0.7434460983788694,-0.12080037013041223
J2,shuffle,12,irreversibility,0.2241080456449516,0.15220648916301088,0.07190155648194071
J2,shuffle,12,metastability_slem,0.5565710943062877,0.11578039293653854,0.4407907013697492
J2,shuffle,12,phase_jump_count,5,1,4
J2,shuffle,13,self_retention,0.3748194424382493,0.15869999565651738,0.2161194467817319
J2,shuffle,13,transition_entropy_norm,0.6226457282484572,0.7431680693820808,-0.12052234113362359
J2,shuffle,13,irreversibility,0.2241080456449516,0.10093167701863351,0.12317636862631809
J2,shuffle,13,metastability_slem,0.5565710943062877,0.17496653677074675,0.38160455753554096
J2,shuffle,13,phase_jump_count,5,5,0
J2,shuffle,14,self_retention,0.3748194424382493,0.16498447204968944,0.20983497038855983
J2,shuffle,14,transition_entropy_norm,0.6226457282484572,0.7453593063265463,-0.12271357807808914
J2,shuffle,14,irreversibility,0.2241080456449516,0.13797306081178679,0.08613498483316481
J2,shuffle,14,metastability_slem,0.5565710943062877,0.11391422328519146,0.44265687102109624
J2,shuffle,14,phase_jump_count,5,2,3
J2,shuffle,15,self_retention,0.3748194424382493,0.19452368915210172,0.18029575328614755
J2,shuffle,15,transition_entropy_norm,0.6226457282484572,0.739598640455851,-0.11695291220739379
J2,shuffle,15,irreversibility,0.2241080456449516,0.13049797775530841,0.09361006788964318
J2,shuffle,15,metastability_slem,0.5565710943062877,0.16797982643054887,0.38859126787573883
J2,shuffle,15,phase_jump_count,5,2,3
J2,shuffle,16,self_retention,0.3748194424382493,0.1618247147190524,0.21299472771919686
J2,shuffle,16,transition_entropy_norm,0.6226457282484572,0.7479782485851798,-0.1253325203367226
J2,shuffle,16,irreversibility,0.2241080456449516,0.1253701430015889,0.09873790264336268
J2,shuffle,16,metastability_slem,0.5565710943062877,0.15782508778414875,0.398746006522139
J2,shuffle,16,phase_jump_count,5,4,1
J2,shuffle,17,self_retention,0.3748194424382493,0.19454458584893367,0.1802748565893156
J2,shuffle,17,transition_entropy_norm,0.6226457282484572,0.747486429451047,-0.12484070120258983
J2,shuffle,17,irreversibility,0.2241080456449516,0.12116144724840378,0.10294659839654782
J2,shuffle,17,metastability_slem,0.5565710943062877,0.1075735649522594,0.4489975293540283
J2,shuffle,17,phase_jump_count,5,4,1
J2,shuffle,18,self_retention,0.3748194424382493,0.16332580463015245,0.21149363780809682
J2,shuffle,18,transition_entropy_norm,0.6226457282484572,0.7511635373764136,-0.1285178091279564
J2,shuffle,18,irreversibility,0.2241080456449516,0.07555053642010164,0.14855750922484995
J2,shuffle,18,metastability_slem,0.5565710943062877,0.13409311281301417,0.42247798149327354
J2,shuffle,18,phase_jump_count,5,3,2
J2,shuffle,19,self_retention,0.3748194424382493,0.14940494288320377,0.2254144995550455
J2,shuffle,19,transition_entropy_norm,0.6226457282484572,0.7503425795789542,-0.12769685133049702
J2,shuffle,19,irreversibility,0.2241080456449516,0.13858967119836685,0.08551837444658475
J2,shuffle,19,metastability_slem,0.5565710943062877,0.12040350385895454,0.43616759044733316
J2,shuffle,19,phase_jump_count,5,1,4
J2,shuffle,20,self_retention,0.3748194424382493,0.17253670242800676,0.20228274001024252
J2,shuffle,20,transition_entropy_norm,0.6226457282484572,0.7502014593917414,-0.12755573114328422
J2,shuffle,20,irreversibility,0.2241080456449516,0.09433229813664595,0.12977574750830564
J2,shuffle,20,metastability_slem,0.5565710943062877,0.11283457371481578,0.44373652059147195
J2,shuffle,20,phase_jump_count,5,3,2
J2,shuffle,21,self_retention,0.3748194424382493,0.14759871339840283,0.22722072903984644
J2,shuffle,21,transition_entropy_norm,0.6226457282484572,0.7528858618317673,-0.1302401335833101
J2,shuffle,21,irreversibility,0.2241080456449516,0.11221716947648624,0.11189087616846535
J2,shuffle,21,metastability_slem,0.5565710943062877,0.1190397734605063,0.4375313208457814
J2,shuffle,21,phase_jump_count,5,2,3
J2,shuffle,22,self_retention,0.3748194424382493,0.19143899578682189,0.1833804466514274
J2,shuffle,22,transition_entropy_norm,0.6226457282484572,0.7498795349109074,-0.1272338066624502
J2,shuffle,22,irreversibility,0.2241080456449516,0.1494375190027364,0.07467052664221518
J2,shuffle,22,metastability_slem,0.5565710943062877,0.1215733560524983,0.4349977382537894
J2,shuffle,22,phase_jump_count,5,4,1
J2,shuffle,23,self_retention,0.3748194424382493,0.17590820453560596,0.1989112379026433
J2,shuffle,23,transition_entropy_norm,0.6226457282484572,0.7479506987233189,-0.12530497047486167
J2,shuffle,23,irreversibility,0.2241080456449516,0.09310450671674128,0.13100353892821032
J2,shuffle,23,metastability_slem,0.5565710943062877,0.11862335303599132,0.4379477412702964
J2,shuffle,23,phase_jump_count,5,2,3
J2,shuffle,24,self_retention,0.3748194424382493,0.1961577350859454,0.17866170735230388
J2,shuffle,24,transition_entropy_norm,0.6226457282484572,0.7493318416658926,-0.1266861134174354
J2,shuffle,24,irreversibility,0.2241080456449516,0.13196952188357644,0.09213852376137516
J2,shuffle,24,metastability_slem,0.5565710943062877,0.10798044832168595,0.44859064598460174
J2,shuffle,24,phase_jump_count,5,2,3
J2,shuffle,25,self_retention,0.3748194424382493,0.1820832731474794,0.19273616929076987
J2,shuffle,25,transition_entropy_norm,0.6226457282484572,0.7450422229862629,-0.12239649473780567
J2,shuffle,25,irreversibility,0.2241080456449516,0.14004947277191968,0.08405857287303192
J2,shuffle,25,metastability_slem,0.5565710943062877,0.13092612814033489,0.4256449661659528
J2,shuffle,25,phase_jump_count,5,4,1
J2,shuffle,26,self_retention,0.3748194424382493,0.18944099378881984,0.18537844864942943
J2,shuffle,26,transition_entropy_norm,0.6226457282484572,0.7476473892381509,-0.12500166098969367
J2,shuffle,26,irreversibility,0.2241080456449516,0.09937888198757766,0.12472916365737394
J2,shuffle,26,metastability_slem,0.5565710943062877,0.13092852637030944,0.42564256793597827
J2,shuffle,26,phase_jump_count,5,3,2
J2,shuffle,27,self_retention,0.3748194424382493,0.1555477131564088,0.21927172928184047
J2,shuffle,27,transition_entropy_norm,0.6226457282484572,0.7498411589123788,-0.12719543066392158
J2,shuffle,27,irreversibility,0.2241080456449516,0.12564935064935068,0.09845869499560092
J2,shuffle,27,metastability_slem,0.5565710943062877,0.08831124683656008,0.4682598474697276
J2,shuffle,27,phase_jump_count,5,5,0
J2,shuffle,28,self_retention,0.3748194424382493,0.16812617362415136,0.2066932688140979
J2,shuffle,28,transition_entropy_norm,0.6226457282484572,0.744585192879876,-0.1219394646314188
J2,shuffle,28,irreversibility,0.2241080456449516,0.16352195579950887,0.060586089845442725
J2,shuffle,28,metastability_slem,0.5565710943062877,0.1103586961562223,0.4462123981500654
J2,shuffle,28,phase_jump_count,5,3,2
J2,shuffle,29,self_retention,0.3748194424382493,0.1649654693132954,0.20985397312495388
J2,shuffle,29,transition_entropy_norm,0.6226457282484572,0.7456229587224501,-0.1229772304739929
J2,shuffle,29,irreversibility,0.2241080456449516,0.18177474699213828,0.04233329865281332
J2,shuffle,29,metastability_slem,0.5565710943062877,0.14501410103673149,0.4115569932695562
J2,shuffle,29,phase_jump_count,5,3,2
J2,block_shuffle,0,self_retention,0.3748194424382493,0.3717138523761375,0.0031055900621117516
J2,block_shuffle,0,transition_entropy_norm,0.6226457282484572,0.630542656232211,-0.007896927983753743
J2,block_shuffle,0,irreversibility,0.2241080456449516,0.2148454427271414,0.009262602917810198
J2,block_shuffle,0,metastability_slem,0.5565710943062877,0.551596783593185,0.004974310713102725
J2,block_shuffle,0,phase_jump_count,5,5,0
J2,block_shuffle,1,self_retention,0.3748194424382493,0.3702167397819571,0.004602702656292146
J2,block_shuffle,1,transition_entropy_norm,0.6226457282484572,0.6323676360619594,-0.00972190781350224
J2,block_shuffle,1,irreversibility,0.2241080456449516,0.2160013899144334,0.008106655730518192
J2,block_shuffle,1,metastability_slem,0.5565710943062877,0.5468915071660323,0.009679587140255408
J2,block_shuffle,1,phase_jump_count,5,3,2
J2,block_shuffle,2,self_retention,0.3748194424382493,0.3686748034574121,0.006144638980837169
J2,block_shuffle,2,transition_entropy_norm,0.6226457282484572,0.6266212573486759,-0.0039755291002187
J2,block_shuffle,2,irreversibility,0.2241080456449516,0.22994396907440384,-0.005835923429452244
J2,block_shuffle,2,metastability_slem,0.5565710943062877,0.5560768404514926,0.0004942538547950681
J2,block_shuffle,2,phase_jump_count,5,2,3
J2,block_shuffle,3,self_retention,0.3748194424382493,0.3702428006775832,0.004576641760666078
J2,block_shuffle,3,transition_entropy_norm,0.6226457282484572,0.6313638008484938,-0.008718072600036542
J2,block_shuffle,3,irreversibility,0.2241080456449516,0.21883116883116885,0.005276876813782749
J2,block_shuffle,3,metastability_slem,0.5565710943062877,0.549720286002612,0.006850808303675682
J2,block_shuffle,3,phase_jump_count,5,1,4
J2,block_shuffle,4,self_retention,0.3748194424382493,0.3732666474071934,0.0015527950310558758
J2,block_shuffle,4,transition_entropy_norm,0.6226457282484572,0.6268281696183483,-0.004182441369891099
J2,block_shuffle,4,irreversibility,0.2241080456449516,0.21948577206413405,0.004622273580817543
J2,block_shuffle,4,metastability_slem,0.5565710943062877,0.5531521405742063,0.0034189537320814534
J2,block_shuffle,4,phase_jump_count,5,5,0
J2,block_shuffle,5,self_retention,0.3748194424382493,0.3717803935195239,0.003039048918725362
J2,block_shuffle,5,transition_entropy_norm,0.6226457282484572,0.6296161600282462,-0.006970431779788955
J2,block_shuffle,5,irreversibility,0.2241080456449516,0.2175650436520002,0.006543001992951408
J2,block_shuffle,5,metastability_slem,0.5565710943062877,0.5517208126784423,0.004850281627845399
J2,block_shuffle,5,phase_jump_count,5,6,-1
J2,block_shuffle,6,self_retention,0.3748194424382493,0.36704643940488224,0.007773003033367032
J2,block_shuffle,6,transition_entropy_norm,0.6226457282484572,0.6367023717442708,-0.014056643495813592
J2,block_shuffle,6,irreversibility,0.2241080456449516,0.20705438393759928,0.017053661707352313
J2,block_shuffle,6,metastability_slem,0.5565710943062877,0.5539100631630804,0.0026610311432072598
J2,block_shuffle,6,phase_jump_count,5,4,1
J2,block_shuffle,7,self_retention,0.3748194424382493,0.3686639447509012,0.006155497687348077
J2,block_shuffle,7,transition_entropy_norm,0.6226457282484572,0.6312414107689998,-0.008595682520542547
J2,block_shuffle,7,irreversibility,0.2241080456449516,0.2238739521348217,0.00023409351012990132
J2,block_shuffle,7,metastability_slem,0.5565710943062877,0.5549241764330068,0.001646917873280862
J2,block_shuffle,7,phase_jump_count,5,6,-1
J2,block_shuffle,8,self_retention,0.3748194424382493,0.376109139307897,-0.0012896968696477495
J2,block_shuffle,8,transition_entropy_norm,0.6226457282484572,0.6281431568252768,-0.005497428576819563
J2,block_shuffle,8,irreversibility,0.2241080456449516,0.22903726708074534,-0.004929221435793746
J2,block_shuffle,8,metastability_slem,0.5565710943062877,0.5550738916527062,0.001497202653581553
J2,block_shuffle,8,phase_jump_count,5,3,2
J2,block_shuffle,9,self_retention,0.3748194424382493,0.36711114971984526,0.007708292718404008
J2,block_shuffle,9,transition_entropy_norm,0.6226457282484572,0.6327952682731869,-0.010149540024729675
J2,block_shuffle,9,irreversibility,0.2241080456449516,0.20976849237718803,0.014339553267763566
J2,block_shuffle,9,metastability_slem,0.5565710943062877,0.5447920919653905,0.011779002340897238
J2,block_shuffle,9,phase_jump_count,5,2,3
J2,block_shuffle,10,self_retention,0.3748194424382493,0.3683174356699201,0.006502006768329183
J2,block_shuffle,10,transition_entropy_norm,0.6226457282484572,0.6287813840199273,-0.006135655771470128
J2,block_shuffle,10,irreversibility,0.2241080456449516,0.21852817213842057,0.0055798735065310245
J2,block_shuffle,10,metastability_slem,0.5565710943062877,0.5513746160073985,0.005196478298889251
J2,block_shuffle,10,phase_jump_count,5,6,-1
J2,block_shuffle,11,self_retention,0.3748194424382493,0.3683174356699201,0.006502006768329183
J2,block_shuffle,11,transition_entropy_norm,0.6226457282484572,0.6336515178004962,-0.011005789552039014
J2,block_shuffle,11,irreversibility,0.2241080456449516,0.21847271517302572,0.005635330471925881
J2,block_shuffle,11,metastability_slem,0.5565710943062877,0.5550652081567901,0.0015058861494976483
J2,block_shuffle,11,phase_jump_count,5,3,2
J2,block_shuffle,12,self_retention,0.3748194424382493,0.3797158960202438,-0.004896453581994531
J2,block_shuffle,12,transition_entropy_norm,0.6226457282484572,0.6262384370784452,-0.0035927088299879673
J2,block_shuffle,12,irreversibility,0.2241080456449516,0.2133367839889579,0.010771261655993708
J2,block_shuffle,12,metastability_slem,0.5565710943062877,0.5569369288641343,-0.00036583455784655605
J2,block_shuffle,12,phase_jump_count,5,0,5
J2,block_shuffle,13,self_retention,0.3748194424382493,0.3670374115267947,0.007782030911454574
J2,block_shuffle,13,transition_entropy_norm,0.6226457282484572,0.6318762237302457,-0.009230495481788448
J2,block_shuffle,13,irreversibility,0.2241080456449516,0.21632601473349702,0.007782030911454574
J2,block_shuffle,13,metastability_slem,0.5565710943062877,0.5548288185909915,0.001742275715296171
J2,block_shuffle,13,phase_jump_count,5,3,2
J2,block_shuffle,14,self_retention,0.3748194424382493,0.3711855252497974,0.0036339171884518517
J2,block_shuffle,14,transition_entropy_norm,0.6226457282484572,0.6291697923440096,-0.006524064095552395
J2,block_shuffle,14,irreversibility,0.2241080456449516,0.22454766405617066,-0.00043961841121906153
J2,block_shuffle,14,metastability_slem,0.5565710943062877,0.5531275953059133,0.0034434990003744392
J2,block_shuffle,14,phase_jump_count,5,2,3
J2,block_shuffle,15,self_retention,0.3748194424382493,0.3671089779785432,0.007710464459706079
J2,block_shuffle,15,transition_entropy_norm,0.6226457282484572,0.6268079892683242,-0.004162261019866942
J2,block_shuffle,15,irreversibility,0.2241080456449516,0.21880293619424052,0.005305109450711082
J2,block_shuffle,15,metastability_slem,0.5565710943062877,0.5561286819181407,0.00044241238814701767
J2,block_shuffle,15,phase_jump_count,5,4,1
J2,block_shuffle,16,self_retention,0.3748194424382493,0.3698979591836734,0.004921483254575865
J2,block_shuffle,16,transition_entropy_norm,0.6226457282484572,0.6265555726255612,-0.003909844377103955
J2,block_shuffle,16,irreversibility,0.2241080456449516,0.21972049689440992,0.0043875487505416755
J2,block_shuffle,16,metastability_slem,0.5565710943062877,0.5514013455168688,0.005169748789418893
J2,block_shuffle,16,phase_jump_count,5,5,0
J2,block_shuffle,17,self_retention,0.3748194424382493,0.3671089779785432,0.007710464459706079
J2,block_shuffle,17,transition_entropy_norm,0.6226457282484572,0.636885637015187,-0.014239908766729759
J2,block_shuffle,17,irreversibility,0.2241080456449516,0.22501411631846413,-0.0009060706735125323
J2,block_shuffle,17,metastability_slem,0.5565710943062877,0.5498919123049345,0.006679182001353201
J2,block_shuffle,17,phase_jump_count,5,3,2
J2,block_shuffle,18,self_retention,0.3748194424382493,0.36676464063886416,0.008054801799385114
J2,block_shuffle,18,transition_entropy_norm,0.6226457282484572,0.6327855609369469,-0.010139832688489725
J2,block_shuffle,18,irreversibility,0.2241080456449516,0.2169199201419698,0.007188125502981785
J2,block_shuffle,18,metastability_slem,0.5565710943062877,0.5519499738491852,0.004621120457102501
J2,block_shuffle,18,phase_jump_count,5,4,1
J2,block_shuffle,19,self_retention,0.3748194424382493,0.36704643940488224,0.007773003033367032
J2,block_shuffle,19,transition_entropy_norm,0.6226457282484572,0.6346664800027475,-0.012020751754290293
J2,block_shuffle,19,irreversibility,0.2241080456449516,0.2195309114545717,0.004577134190379889
J2,block_shuffle,19,metastability_slem,0.5565710943062877,0.5516516192945037,0.004919475011784025
J2,block_shuffle,19,phase_jump_count,5,3,2
J2,block_shuffle,20,self_retention,0.3748194424382493,0.3667419536984754,0.008077488739773875
J2,block_shuffle,20,transition_entropy_norm,0.6226457282484572,0.6353576386837664,-0.01271191043530917
J2,block_shuffle,20,irreversibility,0.2241080456449516,0.21943817052512704,0.004669875119824557
J2,block_shuffle,20,metastability_slem,0.5565710943062877,0.5532160923490825,0.0033550019572051726
J2,block_shuffle,20,phase_jump_count,5,4,1
J2,block_shuffle,21,self_retention,0.3748194424382493,0.3686639447509012,0.006155497687348077
J2,block_shuffle,21,transition_entropy_norm,0.6226457282484572,0.6282309981222369,-0.005585269873779719
J2,block_shuffle,21,irreversibility,0.2241080456449516,0.22374364765669114,0.000364397988260462
J2,block_shuffle,21,metastability_slem,0.5565710943062877,0.5511228438318017,0.005448250474486049
J2,block_shuffle,21,phase_jump_count,5,4,1
J2,block_shuffle,22,self_retention,0.3748194424382493,0.3682947487295313,0.006524693708717999
J2,block_shuffle,22,transition_entropy_norm,0.6226457282484572,0.6328215970709472,-0.010175868822489997
J2,block_shuffle,22,irreversibility,0.2241080456449516,0.21477978543195933,0.009328260212992268
J2,block_shuffle,22,metastability_slem,0.5565710943062877,0.5535137239146497,0.0030573703916380035
J2,block_shuffle,22,phase_jump_count,5,5,0
J2,block_shuffle,23,self_retention,0.3748194424382493,0.36984754376058726,0.004971898677662012
J2,block_shuffle,23,transition_entropy_norm,0.6226457282484572,0.6266170435144418,-0.0039713152659845985
J2,block_shuffle,23,irreversibility,0.2241080456449516,0.22254376058723885,0.0015642850577127498
J2,block_shuffle,23,metastability_slem,0.5565710943062877,0.5519681866096628,0.004602907696624858
J2,block_shuffle,23,phase_jump_count,5,6,-1
J2,block_shuffle,24,self_retention,0.3748194424382493,0.36676464063886416,0.008054801799385114
J2,block_shuffle,24,transition_entropy_norm,0.6226457282484572,0.6300558812266407,-0.007410152978183482
J2,block_shuffle,24,irreversibility,0.2241080456449516,0.23217058562555457,-0.008062539980602967
J2,block_shuffle,24,metastability_slem,0.5565710943062877,0.5504173342125028,0.006153760093784877
J2,block_shuffle,24,phase_jump_count,5,6,-1
J2,block_shuffle,25,self_retention,0.3748194424382493,0.3670374115267947,0.007782030911454574
J2,block_shuffle,25,transition_entropy_norm,0.6226457282484572,0.6325296619693952,-0.009883933720937987
J2,block_shuffle,25,irreversibility,0.2241080456449516,0.22259136212624583,0.0015166835187057637
J2,block_shuffle,25,metastability_slem,0.5565710943062877,0.5508224214118312,0.005748672894456464
J2,block_shuffle,25,phase_jump_count,5,3,2
J2,block_shuffle,26,self_retention,0.3748194424382493,0.36956521739130427,0.005254225046945005
J2,block_shuffle,26,transition_entropy_norm,0.6226457282484572,0.627835338909439,-0.0051896106609817805
J2,block_shuffle,26,irreversibility,0.2241080456449516,0.21273291925465837,0.011375126390293228
J2,block_shuffle,26,metastability_slem,0.5565710943062877,0.5532006846206722,0.0033704096856155275
J2,block_shuffle,26,phase_jump_count,5,4,1
J2,block_shuffle,27,self_retention,0.3748194424382493,0.369870230700976,0.004949211737273251
J2,block_shuffle,27,transition_entropy_norm,0.6226457282484572,0.632846172128225,-0.010200443879767818
J2,block_shuffle,27,irreversibility,0.2241080456449516,0.2134815882874889,0.010626457357462704
J2,block_shuffle,27,metastability_slem,0.5565710943062877,0.5468208750870992,0.009750219219188505
J2,block_shuffle,27,phase_jump_count,5,3,2
J2,block_shuffle,28,self_retention,0.3748194424382493,0.3701610573450816,0.004658385093167683
J2,block_shuffle,28,transition_entropy_norm,0.6226457282484572,0.6323014848229009,-0.00965575657444373
J2,block_shuffle,28,irreversibility,0.2241080456449516,0.21948577206413405,0.004622273580817543
J2,block_shuffle,28,metastability_slem,0.5565710943062877,0.5531959500917286,0.0033751442145590893
J2,block_shuffle,28,phase_jump_count,5,1,4
J2,block_shuffle,29,self_retention,0.3748194424382493,0.37298842461885934,0.0018310178193899351
J2,block_shuffle,29,transition_entropy_norm,0.6226457282484572,0.6305122273580485,-0.007866499109591252
J2,block_shuffle,29,irreversibility,0.2241080456449516,0.22250846979107852,0.0015995758538730753
J2,block_shuffle,29,metastability_slem,0.5565710943062877,0.5472624956682322,0.009308598638055554
J2,block_shuffle,29,phase_jump_count,5,2,3
J2,reverse,0,self_retention,0.3748194424382493,0.37508626639061415,-0.00026682395236488077
J2,reverse,0,transition_entropy_norm,0.6226457282484572,0.6231293509550104,-0.0004836227065532217
J2,reverse,0,irreversibility,0.2241080456449516,0.22360248447204967,0.0005055611729019305
J2,reverse,0,metastability_slem,0.5565710943062877,0.5585003065716324,-0.0019292122653447041
J2,reverse,0,phase_jump_count,5,4,1
R1,shuffle,0,self_retention,0.567632850241546,0.22218619889427343,0.34544665134727254
R1,shuffle,0,transition_entropy_norm,0.46481013232330964,0.6372397102338035,-0.1724295779104939
R1,shuffle,0,irreversibility,0.14341455645803472,0.0628455395536141,0.08056901690442062
R1,shuffle,0,metastability_slem,0.732843657120453,0.20236723910466398,0.530476418015789
R1,shuffle,0,phase_jump_count,3,9,-6
R1,shuffle,1,self_retention,0.567632850241546,0.23821372446306968,0.3294191257784763
R1,shuffle,1,transition_entropy_norm,0.46481013232330964,0.6418276022264031,-0.17701746990309347
R1,shuffle,1,irreversibility,0.14341455645803472,0.07427848038115195,0.06913607607688277
R1,shuffle,1,metastability_slem,0.732843657120453,0.10541213682837389,0.627431520292079
R1,shuffle,1,phase_jump_count,3,10,-7
R1,shuffle,2,self_retention,0.567632850241546,0.2288221207812617,0.33881072946028423
R1,shuffle,2,transition_entropy_norm,0.46481013232330964,0.6484959924913103,-0.18368586016800065
R1,shuffle,2,irreversibility,0.14341455645803472,0.08415650178353166,0.059258054674503055
R1,shuffle,2,metastability_slem,0.732843657120453,0.11071928896055883,0.6221243681598941
R1,shuffle,2,phase_jump_count,3,2,1
R1,shuffle,3,self_retention,0.567632850241546,0.2083040777747772,0.35932877246676875
R1,shuffle,3,transition_entropy_norm,0.46481013232330964,0.6406406916432714,-0.17583055931996178
R1,shuffle,3,irreversibility,0.14341455645803472,0.10125573859033216,0.042158817867702564
R1,shuffle,3,metastability_slem,0.732843657120453,0.12493532948699657,0.6079083276334564
R1,shuffle,3,phase_jump_count,3,9,-6
R1,shuffle,4,self_retention,0.567632850241546,0.2366235126842775,0.33100933755726847
R1,shuffle,4,transition_entropy_norm,0.46481013232330964,0.6468998516242745,-0.1820897193009649
R1,shuffle,4,irreversibility,0.14341455645803472,0.09502606700092298,0.048388489457111744
R1,shuffle,4,metastability_slem,0.732843657120453,0.08946966135808232,0.6433739957623706
R1,shuffle,4,phase_jump_count,3,8,-5
R1,shuffle,5,self_retention,0.567632850241546,0.2381825438399561,0.3294503064015899
R1,shuffle,5,transition_entropy_norm,0.46481013232330964,0.645129535378903,-0.1803194030555934
R1,shuffle,5,irreversibility,0.14341455645803472,0.058918905435406226,0.08449565102262849
R1,shuffle,5,metastability_slem,0.732843657120453,0.1370707562424344,0.5957729008780186
R1,shuffle,5,phase_jump_count,3,2,1
R1,shuffle,6,self_retention,0.567632850241546,0.24096193661411053,0.32667091362743544
R1,shuffle,6,transition_entropy_norm,0.46481013232330964,0.6431734264780617,-0.1783632941547521
R1,shuffle,6,irreversibility,0.14341455645803472,0.1064659977703456,0.03694855868768912
R1,shuffle,6,metastability_slem,0.732843657120453,0.11036750658873135,0.6224761505317216
R1,shuffle,6,phase_jump_count,3,2,1
R1,shuffle,7,self_retention,0.567632850241546,0.25969484201998383,0.30793800822156214
R1,shuffle,7,transition_entropy_norm,0.46481013232330964,0.635318653791029,-0.1705085214677194
R1,shuffle,7,irreversibility,0.14341455645803472,0.09639481501485281,0.04701974144318191
R1,shuffle,7,metastability_slem,0.732843657120453,0.13701519384725966,0.5958284632731933
R1,shuffle,7,phase_jump_count,3,8,-5
R1,shuffle,8,self_retention,0.567632850241546,0.23159600324061572,0.3360368470009303
R1,shuffle,8,transition_entropy_norm,0.46481013232330964,0.6458368251851774,-0.18102669286186773
R1,shuffle,8,irreversibility,0.14341455645803472,0.09721847150958679,0.04619608494844793
R1,shuffle,8,metastability_slem,0.732843657120453,0.07774138898215505,0.6551022681382979
R1,shuffle,8,phase_jump_count,3,0,3
R1,shuffle,9,self_retention,0.567632850241546,0.24696192276532541,0.32067092747622056
R1,shuffle,9,transition_entropy_norm,0.46481013232330964,0.6437903518915732,-0.17898021956826354
R1,shuffle,9,irreversibility,0.14341455645803472,0.06481231433972454,0.07860224211831018
R1,shuffle,9,metastability_slem,0.732843657120453,0.1306985116649709,0.602145145455482
R1,shuffle,9,phase_jump_count,3,3,0
R1,shuffle,10,self_retention,0.567632850241546,0.24068322981366458,0.3269496204278814
R1,shuffle,10,transition_entropy_norm,0.46481013232330964,0.6416560594287575,-0.17684592710544783
R1,shuffle,10,irreversibility,0.14341455645803472,0.09062111801242236,0.052793438445612365
R1,shuffle,10,metastability_slem,0.732843657120453,0.1028082332692249,0.630035423851228
R1,shuffle,10,phase_jump_count,3,5,-2
R1,shuffle,11,self_retention,0.567632850241546,0.2163935244081918,0.35123932583335415
R1,shuffle,11,transition_entropy_norm,0.46481013232330964,0.6414262762566486,-0.17661614393333896
R1,shuffle,11,irreversibility,0.14341455645803472,0.10901993065429419,0.03439462580374053
R1,shuffle,11,metastability_slem,0.732843657120453,0.12347443575969193,0.609369221360761
R1,shuffle,11,phase_jump_count,3,4,-1
R1,shuffle,12,self_retention,0.567632850241546,0.24879227053140096,0.318840579710145
R1,shuffle,12,transition_entropy_norm,0.46481013232330964,0.6405107537880046,-0.17570062146469495
R1,shuffle,12,irreversibility,0.14341455645803472,0.08807134894091416,0.05534320751712056
R1,shuffle,12,metastability_slem,0.732843657120453,0.09107375736332607,0.6417698997571268
R1,shuffle,12,phase_jump_count,3,3,0
R1,shuffle,13,self_retention,0.567632850241546,0.24872591176939002,0.31890693847215595
R1,shuffle,13,transition_entropy_norm,0.46481013232330964,0.6408061968708069,-0.17599606454749722
R1,shuffle,13,irreversibility,0.14341455645803472,0.08569570526092266,0.057718851197112064
R1,shuffle,13,metastability_slem,0.732843657120453,0.09195460382016052,0.6408890533002924
R1,shuffle,13,phase_jump_count,3,5,-2
R1,shuffle,14,self_retention,0.567632850241546,0.21442073994058874,0.3532121103009572
R1,shuffle,14,transition_entropy_norm,0.46481013232330964,0.6391032958581919,-0.17429316353488228
R1,shuffle,14,irreversibility,0.14341455645803472,0.10018903591682422,0.043225520541210496
R1,shuffle,14,metastability_slem,0.732843657120453,0.11740630772197873,0.6154373493984743
R1,shuffle,14,phase_jump_count,3,4,-1
R1,shuffle,15,self_retention,0.567632850241546,0.22533081285444234,0.34230203738710363
R1,shuffle,15,transition_entropy_norm,0.46481013232330964,0.6417329932009452,-0.1769228608776356
R1,shuffle,15,irreversibility,0.14341455645803472,0.10977585741290846,0.03363869904512626
R1,shuffle,15,metastability_slem,0.732843657120453,0.09046684472904407,0.6423768123914089
R1,shuffle,15,phase_jump_count,3,6,-3
R1,shuffle,16,self_retention,0.567632850241546,0.2313664596273292,0.33626639061421676
R1,shuffle,16,transition_entropy_norm,0.46481013232330964,0.6481434163176331,-0.18333328399432341
R1,shuffle,16,irreversibility,0.14341455645803472,0.09472049689440994,0.048694059563624784
R1,shuffle,16,metastability_slem,0.732843657120453,0.0924238772771222,0.6404197798433308
R1,shuffle,16,phase_jump_count,3,4,-1
R1,shuffle,17,self_retention,0.567632850241546,0.24281598443463295,0.32481686580691305
R1,shuffle,17,transition_entropy_norm,0.46481013232330964,0.6405361464565975,-0.17572601413328787
R1,shuffle,17,irreversibility,0.14341455645803472,0.08537878220958367,0.05803577424845105
R1,shuffle,17,metastability_slem,0.732843657120453,0.12314484299729767,0.6096988141231553
R1,shuffle,17,phase_jump_count,3,5,-2
R1,shuffle,18,self_retention,0.567632850241546,0.25,0.31763285024154597
R1,shuffle,18,transition_entropy_norm,0.46481013232330964,0.6385265051691436,-0.1737163728458339
R1,shuffle,18,irreversibility,0.14341455645803472,0.10808803672697816,0.03532651973105656
R1,shuffle,18,metastability_slem,0.732843657120453,0.1198695549798819,0.612974102140571
R1,shuffle,18,phase_jump_count,3,2,1
R1,shuffle,19,self_retention,0.567632850241546,0.20673408716886976,0.3608987630726762
R1,shuffle,19,transition_entropy_norm,0.46481013232330964,0.63955431723756,-0.1747441849142503
R1,shuffle,19,irreversibility,0.14341455645803472,0.09336677814938685,0.05004777830864787
R1,shuffle,19,metastability_slem,0.732843657120453,0.12184471421391516,0.6109989429065378
R1,shuffle,19,phase_jump_count,3,1,2
R1,shuffle,20,self_retention,0.567632850241546,0.23468439772787597,0.33294845251367
R1,shuffle,20,transition_entropy_norm,0.46481013232330964,0.6436134268520092,-0.17880329452869953
R1,shuffle,20,irreversibility,0.14341455645803472,0.09931252322556672,0.044102033232468
R1,shuffle,20,metastability_slem,0.732843657120453,0.08572650563497448,0.6471171514854784
R1,shuffle,20,phase_jump_count,3,3,0
R1,shuffle,21,self_retention,0.567632850241546,0.23969792212327573,0.32793492811827024
R1,shuffle,21,transition_entropy_norm,0.46481013232330964,0.6431376486695243,-0.17832751634621463
R1,shuffle,21,irreversibility,0.14341455645803472,0.11674648906183739,0.02666806739619733
R1,shuffle,21,metastability_slem,0.732843657120453,0.12128095446373266,0.6115627026567203
R1,shuffle,21,phase_jump_count,3,2,1
R1,shuffle,22,self_retention,0.567632850241546,0.23041233256005392,0.3372205176814921
R1,shuffle,22,transition_entropy_norm,0.46481013232330964,0.6424531862581085,-0.1776430539347989
R1,shuffle,22,irreversibility,0.14341455645803472,0.09763276709321758,0.04578178936481714
R1,shuffle,22,metastability_slem,0.732843657120453,0.10155045656126116,0.6312932005591918
R1,shuffle,22,phase_jump_count,3,6,-3
R1,shuffle,23,self_retention,0.567632850241546,0.24566013696448483,0.3219727132770611
R1,shuffle,23,transition_entropy_norm,0.46481013232330964,0.6445826781683833,-0.17977254584507368
R1,shuffle,23,irreversibility,0.14341455645803472,0.10163507989594948,0.041779476562085235
R1,shuffle,23,metastability_slem,0.732843657120453,0.08009306939952836,0.6527505877209246
R1,shuffle,23,phase_jump_count,3,5,-2
R1,shuffle,24,self_retention,0.567632850241546,0.25220758811644095,0.315425262125105
R1,shuffle,24,transition_entropy_norm,0.46481013232330964,0.6464031050777199,-0.18159297275441028
R1,shuffle,24,irreversibility,0.14341455645803472,0.07339295068472648,0.07002160577330824
R1,shuffle,24,metastability_slem,0.732843657120453,0.12038709002599428,0.6124565670944587
R1,shuffle,24,phase_jump_count,3,4,-1
R1,shuffle,25,self_retention,0.567632850241546,0.2506360847115169,0.3169967655300291
R1,shuffle,25,transition_entropy_norm,0.46481013232330964,0.6467393335926951,-0.18192920126938544
R1,shuffle,25,irreversibility,0.14341455645803472,0.07437825837511537,0.06903629808291935
R1,shuffle,25,metastability_slem,0.732843657120453,0.13165899574667667,0.6011846613737764
R1,shuffle,25,phase_jump_count,3,1,2
R1,shuffle,26,self_retention,0.567632850241546,0.24074534161490685,0.3268875086266391
R1,shuffle,26,transition_entropy_norm,0.46481013232330964,0.6446530639599929,-0.17984293163668325
R1,shuffle,26,irreversibility,0.14341455645803472,0.10285714285714287,0.04055741360089185
R1,shuffle,26,metastability_slem,0.732843657120453,0.12468557222275921,0.6081580848976937
R1,shuffle,26,phase_jump_count,3,2,1
R1,shuffle,27,self_retention,0.567632850241546,0.2580369940618388,0.3095958561797072
R1,shuffle,27,transition_entropy_norm,0.46481013232330964,0.6439794511058764,-0.17916931878256676
R1,shuffle,27,irreversibility,0.14341455645803472,0.09483994266602964,0.048574613792005075
R1,shuffle,27,metastability_slem,0.732843657120453,0.08845027029464494,0.644393386825808
R1,shuffle,27,phase_jump_count,3,4,-1
R1,shuffle,28,self_retention,0.567632850241546,0.23310695515664462,0.3345258950849014
R1,shuffle,28,transition_entropy_norm,0.46481013232330964,0.6430524512660125,-0.17824231894270287
R1,shuffle,28,irreversibility,0.14341455645803472,0.1259811616954474,0.017433394762587318
R1,shuffle,28,metastability_slem,0.732843657120453,0.11588761127651287,0.61695604584394
R1,shuffle,28,phase_jump_count,3,3,0
R1,shuffle,29,self_retention,0.567632850241546,0.240939778557926,0.32669307168361994
R1,shuffle,29,transition_entropy_norm,0.46481013232330964,0.6419789039093335,-0.1771687715860239
R1,shuffle,29,irreversibility,0.14341455645803472,0.08633540372670806,0.05707915273132666
R1,shuffle,29,metastability_slem,0.732843657120453,0.10904420608777532,0.6237994510326776
R1,shuffle,29,phase_jump_count,3,8,-5
R1,block_shuffle,0,self_retention,0.567632850241546,0.5455259026687598,0.022106947572786195
R1,block_shuffle,0,transition_entropy_norm,0.46481013232330964,0.4826246000909093,-0.01781446776759965
R1,block_shuffle,0,irreversibility,0.14341455645803472,0.14893181352808682,-0.005517257070052101
R1,block_shuffle,0,metastability_slem,0.732843657120453,0.7002769049742786,0.03256675214617433
R1,block_shuffle,0,phase_jump_count,3,2,1
R1,block_shuffle,1,self_retention,0.567632850241546,0.5532676208479611,0.014365229393584866
R1,block_shuffle,1,transition_entropy_norm,0.46481013232330964,0.47896962590099096,-0.014159493577681315
R1,block_shuffle,1,irreversibility,0.14341455645803472,0.1290170132325142,0.014397543225520532
R1,block_shuffle,1,metastability_slem,0.732843657120453,0.7232544999421706,0.009589157178282348
R1,block_shuffle,1,phase_jump_count,3,7,-4
R1,block_shuffle,2,self_retention,0.567632850241546,0.5477500062361247,0.019882844005421285
R1,block_shuffle,2,transition_entropy_norm,0.46481013232330964,0.48216035906884047,-0.017350226745530828
R1,block_shuffle,2,irreversibility,0.14341455645803472,0.13848561949662003,0.004928936961414693
R1,block_shuffle,2,metastability_slem,0.732843657120453,0.7119324453626866,0.020911211757766335
R1,block_shuffle,2,phase_jump_count,3,3,0
R1,block_shuffle,3,self_retention,0.567632850241546,0.5493028012671806,0.01833004897436541
R1,block_shuffle,3,transition_entropy_norm,0.46481013232330964,0.4791981967284053,-0.014388064405095657
R1,block_shuffle,3,irreversibility,0.14341455645803472,0.1276035820299833,0.015810974428051433
R1,block_shuffle,3,metastability_slem,0.732843657120453,0.7251122237898244,0.007731433330628534
R1,block_shuffle,3,phase_jump_count,3,2,1
R1,block_shuffle,4,self_retention,0.567632850241546,0.5477624784853701,0.019870371756175897
R1,block_shuffle,4,transition_entropy_norm,0.46481013232330964,0.4858998656260472,-0.021089733302737557
R1,block_shuffle,4,irreversibility,0.14341455645803472,0.12915637706103916,0.014258179396995557
R1,block_shuffle,4,metastability_slem,0.732843657120453,0.7126538781956211,0.02018977892483187
R1,block_shuffle,4,phase_jump_count,3,6,-3
R1,block_shuffle,5,self_retention,0.567632850241546,0.546583850931677,0.02104899930986892
R1,block_shuffle,5,transition_entropy_norm,0.46481013232330964,0.4811698363053493,-0.016359703982039675
R1,block_shuffle,5,irreversibility,0.14341455645803472,0.13625776397515527,0.007156792482879454
R1,block_shuffle,5,metastability_slem,0.732843657120453,0.7204812723290008,0.01236238479145213
R1,block_shuffle,5,phase_jump_count,3,8,-5
R1,block_shuffle,6,self_retention,0.567632850241546,0.5508618324228591,0.01677101781868684
R1,block_shuffle,6,transition_entropy_norm,0.46481013232330964,0.47892695444842515,-0.014116822125115502
R1,block_shuffle,6,irreversibility,0.14341455645803472,0.1384793833719973,0.004935173086037414
R1,block_shuffle,6,metastability_slem,0.732843657120453,0.7121011917568958,0.020742465363557172
R1,block_shuffle,6,phase_jump_count,3,0,3
R1,block_shuffle,7,self_retention,0.567632850241546,0.5485714285714286,0.019061421670117373
R1,block_shuffle,7,transition_entropy_norm,0.46481013232330964,0.4850176894942128,-0.020207557170903168
R1,block_shuffle,7,irreversibility,0.14341455645803472,0.1284472049689441,0.014967351489090619
R1,block_shuffle,7,metastability_slem,0.732843657120453,0.7136800003495594,0.0191636567708936
R1,block_shuffle,7,phase_jump_count,3,0,3
R1,block_shuffle,8,self_retention,0.567632850241546,0.5393147225445363,0.0283181276970097
R1,block_shuffle,8,transition_entropy_norm,0.46481013232330964,0.4920421139716576,-0.027231981648347947
R1,block_shuffle,8,irreversibility,0.14341455645803472,0.13650945327963965,0.006905103178395072
R1,block_shuffle,8,metastability_slem,0.732843657120453,0.6924742139199395,0.0403694432005135
R1,block_shuffle,8,phase_jump_count,3,0,3
R1,block_shuffle,9,self_retention,0.567632850241546,0.5470186335403727,0.02061421670117325
R1,block_shuffle,9,transition_entropy_norm,0.46481013232330964,0.4841139055170498,-0.01930377319374016
R1,block_shuffle,9,irreversibility,0.14341455645803472,0.14080745341614906,0.002607103041885661
R1,block_shuffle,9,metastability_slem,0.732843657120453,0.7020688019701495,0.030774855150303426
R1,block_shuffle,9,phase_jump_count,3,8,-5
R1,block_shuffle,10,self_retention,0.567632850241546,0.5458539045495568,0.021778945691989127
R1,block_shuffle,10,transition_entropy_norm,0.46481013232330964,0.48223678045703555,-0.017426648133725908
R1,block_shuffle,10,irreversibility,0.14341455645803472,0.1341110580241015,0.009303498433933216
R1,block_shuffle,10,metastability_slem,0.732843657120453,0.7228795965163781,0.009964060604074843
R1,block_shuffle,10,phase_jump_count,3,6,-3
R1,block_shuffle,11,self_retention,0.567632850241546,0.5489727663640708,0.018660083877475198
R1,block_shuffle,11,transition_entropy_norm,0.46481013232330964,0.4828524163769502,-0.018042284053640556
R1,block_shuffle,11,irreversibility,0.14341455645803472,0.13096565270478314,0.012448903753251583
R1,block_shuffle,11,metastability_slem,0.732843657120453,0.7207718758049658,0.01207178131548714
R1,block_shuffle,11,phase_jump_count,3,2,1
R1,block_shuffle,12,self_retention,0.567632850241546,0.5489727663640707,0.01866008387747531
R1,block_shuffle,12,transition_entropy_norm,0.46481013232330964,0.4816514375733336,-0.016841305250023975
R1,block_shuffle,12,irreversibility,0.14341455645803472,0.14028242289111856,0.003132133566916162
R1,block_shuffle,12,metastability_slem,0.732843657120453,0.7068213352019913,0.026022321918461655
R1,block_shuffle,12,phase_jump_count,3,3,0
R1,block_shuffle,13,self_retention,0.567632850241546,0.5430791488937116,0.02455370134783441
R1,block_shuffle,13,transition_entropy_norm,0.46481013232330964,0.4899707582210421,-0.025160625897732436
R1,block_shuffle,13,irreversibility,0.14341455645803472,0.1338147621542069,0.009599794303827819
R1,block_shuffle,13,metastability_slem,0.732843657120453,0.7040262518834977,0.028817405236955307
R1,block_shuffle,13,phase_jump_count,3,6,-3
R1,block_shuffle,14,self_retention,0.567632850241546,0.5473534971644612,0.020279353077084727
R1,block_shuffle,14,transition_entropy_norm,0.46481013232330964,0.4829187406906331,-0.018108608367323475
R1,block_shuffle,14,irreversibility,0.14341455645803472,0.14756953821226032,-0.004154981754225601
R1,block_shuffle,14,metastability_slem,0.732843657120453,0.6899770725436254,0.04286658457682757
R1,block_shuffle,14,phase_jump_count,3,1,2
R1,block_shuffle,15,self_retention,0.567632850241546,0.5512422360248448,0.016390614216701183
R1,block_shuffle,15,transition_entropy_norm,0.46481013232330964,0.4813493438605199,-0.016539211537210274
R1,block_shuffle,15,irreversibility,0.14341455645803472,0.12538819875776397,0.01802635770027075
R1,block_shuffle,15,metastability_slem,0.732843657120453,0.722306981095272,0.010536676025180935
R1,block_shuffle,15,phase_jump_count,3,4,-1
R1,block_shuffle,16,self_retention,0.567632850241546,0.5477437701115019,0.01988908013004409
R1,block_shuffle,16,transition_entropy_norm,0.46481013232330964,0.48615294785500046,-0.021342815531690817
R1,block_shuffle,16,irreversibility,0.14341455645803472,0.13226820324777372,0.011146353210261
R1,block_shuffle,16,metastability_slem,0.732843657120453,0.7025051101050382,0.03033854701541472
R1,block_shuffle,16,phase_jump_count,3,1,2
R1,block_shuffle,17,self_retention,0.567632850241546,0.5446506522986356,0.022982197942910343
R1,block_shuffle,17,transition_entropy_norm,0.46481013232330964,0.48629808133264724,-0.021487949009337592
R1,block_shuffle,17,irreversibility,0.14341455645803472,0.1415849734341091,0.0018295830239256072
R1,block_shuffle,17,metastability_slem,0.732843657120453,0.7037709864880279,0.029072670632425024
R1,block_shuffle,17,phase_jump_count,3,5,-2
R1,block_shuffle,18,self_retention,0.567632850241546,0.5419254658385094,0.02570738440303655
R1,block_shuffle,18,transition_entropy_norm,0.46481013232330964,0.48993411280405613,-0.02512398048074649
R1,block_shuffle,18,irreversibility,0.14341455645803472,0.1440217391304348,-0.0006071826724000917
R1,block_shuffle,18,metastability_slem,0.732843657120453,0.693788441716592,0.03905521540386092
R1,block_shuffle,18,phase_jump_count,3,3,0
R1,block_shuffle,19,self_retention,0.567632850241546,0.5477500062361247,0.019882844005421285
R1,block_shuffle,19,transition_entropy_norm,0.46481013232330964,0.4814125248664379,-0.01660239254312823
R1,block_shuffle,19,irreversibility,0.14341455645803472,0.13538002943450822,0.0080345270235265
R1,block_shuffle,19,metastability_slem,0.732843657120453,0.7108669996180853,0.021976657502367658
R1,block_shuffle,19,phase_jump_count,3,7,-4
R1,block_shuffle,20,self_retention,0.567632850241546,0.546190975080446,0.021441875161099966
R1,block_shuffle,20,transition_entropy_norm,0.46481013232330964,0.4885826426523951,-0.02377251032908545
R1,block_shuffle,20,irreversibility,0.14341455645803472,0.13070293596747234,0.012711620490562375
R1,block_shuffle,20,metastability_slem,0.732843657120453,0.7090260632769138,0.02381759384353921
R1,block_shuffle,20,phase_jump_count,3,4,-1
R1,block_shuffle,21,self_retention,0.567632850241546,0.5430791488937116,0.02455370134783441
R1,block_shuffle,21,transition_entropy_norm,0.46481013232330964,0.49043106626215005,-0.025620933938840407
R1,block_shuffle,21,irreversibility,0.14341455645803472,0.14005088677692135,0.0033636696811133737
R1,block_shuffle,21,metastability_slem,0.732843657120453,0.6941426035900728,0.038701053530380114
R1,block_shuffle,21,phase_jump_count,3,2,1
R1,block_shuffle,22,self_retention,0.567632850241546,0.550552104899931,0.017080745341614967
R1,block_shuffle,22,transition_entropy_norm,0.46481013232330964,0.48130484313283667,-0.016494710809527025
R1,block_shuffle,22,irreversibility,0.14341455645803472,0.13872962786006265,0.004684928597972066
R1,block_shuffle,22,metastability_slem,0.732843657120453,0.7116711750374614,0.021172482082991606
R1,block_shuffle,22,phase_jump_count,3,11,-8
R1,block_shuffle,23,self_retention,0.567632850241546,0.5524083913292923,0.015224458912253658
R1,block_shuffle,23,transition_entropy_norm,0.46481013232330964,0.48131804524608957,-0.01650791292277992
R1,block_shuffle,23,irreversibility,0.14341455645803472,0.12447304746938063,0.018941508988654085
R1,block_shuffle,23,metastability_slem,0.732843657120453,0.7210708745475548,0.011772782572898155
R1,block_shuffle,23,phase_jump_count,3,3,0
R1,block_shuffle,24,self_retention,0.567632850241546,0.5450310559006211,0.022601794340924908
R1,block_shuffle,24,transition_entropy_norm,0.46481013232330964,0.4874644693234683,-0.022654337000158675
R1,block_shuffle,24,irreversibility,0.14341455645803472,0.13198757763975152,0.011426978818283196
R1,block_shuffle,24,metastability_slem,0.732843657120453,0.708844429953972,0.023999227166480952
R1,block_shuffle,24,phase_jump_count,3,1,2
R1,block_shuffle,25,self_retention,0.567632850241546,0.5504590872265731,0.017173763014972865
R1,block_shuffle,25,transition_entropy_norm,0.46481013232330964,0.4842941061811815,-0.019483973857871872
R1,block_shuffle,25,irreversibility,0.14341455645803472,0.12577639751552794,0.017638158942506782
R1,block_shuffle,25,metastability_slem,0.732843657120453,0.7157190729715457,0.017124584148907274
R1,block_shuffle,25,phase_jump_count,3,5,-2
R1,block_shuffle,26,self_retention,0.567632850241546,0.5486314927308716,0.019001357510674333
R1,block_shuffle,26,transition_entropy_norm,0.46481013232330964,0.48108720314554115,-0.01627707082223151
R1,block_shuffle,26,irreversibility,0.14341455645803472,0.14586035082929494,-0.002445794371260218
R1,block_shuffle,26,metastability_slem,0.732843657120453,0.7104685388239238,0.02237511829652916
R1,block_shuffle,26,phase_jump_count,3,7,-4
R1,block_shuffle,27,self_retention,0.567632850241546,0.5501242236024845,0.017508626639061498
R1,block_shuffle,27,transition_entropy_norm,0.46481013232330964,0.4841888299491884,-0.019378697625878738
R1,block_shuffle,27,irreversibility,0.14341455645803472,0.12838509316770186,0.015029463290332862
R1,block_shuffle,27,metastability_slem,0.732843657120453,0.7128122949030014,0.02003136221745161
R1,block_shuffle,27,phase_jump_count,3,3,0
R1,block_shuffle,28,self_retention,0.567632850241546,0.5512422360248448,0.016390614216701183
R1,block_shuffle,28,transition_entropy_norm,0.46481013232330964,0.48106564717758066,-0.016255514854271014
R1,block_shuffle,28,irreversibility,0.14341455645803472,0.14091614906832298,0.002498407389711743
R1,block_shuffle,28,metastability_slem,0.732843657120453,0.7129578706623513,0.019885786458101684
R1,block_shuffle,28,phase_jump_count,3,1,2
R1,block_shuffle,29,self_retention,0.567632850241546,0.5473534971644612,0.020279353077084727
R1,block_shuffle,29,transition_entropy_norm,0.46481013232330964,0.48140995608761133,-0.01659982376430169
R1,block_shuffle,29,irreversibility,0.14341455645803472,0.15067512827437213,-0.007260571816337408
R1,block_shuffle,29,metastability_slem,0.732843657120453,0.7011896745981339,0.0316539825223191
R1,block_shuffle,29,phase_jump_count,3,7,-4
R1,reverse,0,self_retention,0.567632850241546,0.5675803402646503,5.250997689565384e-05
R1,reverse,0,transition_entropy_norm,0.46481013232330964,0.46482614464583455,-1.6012322524905365e-05
R1,reverse,0,irreversibility,0.14341455645803472,0.1434377531731029,-2.3196715068174445e-05
R1,reverse,0,metastability_slem,0.732843657120453,0.7311319139460949,0.0017117431743580713
R1,reverse,0,phase_jump_count,3,4,-1
R2,shuffle,0,self_retention,0.58790586088134,0.19430191736429922,0.39360394351704076
R2,shuffle,0,transition_entropy_norm,0.4266544443633422,0.6637001136065567,-0.23704566924321446
R2,shuffle,0,irreversibility,0.054568602631656415,0.10845935727788279,-0.05389075464622638
R2,shuffle,0,metastability_slem,0.9122397156715284,0.1277949726709578,0.7844447430005705
R2,shuffle,0,phase_jump_count,3,7,-4
R2,shuffle,1,self_retention,0.58790586088134,0.19889682024659314,0.38900904063474684
R2,shuffle,1,transition_entropy_norm,0.4266544443633422,0.6670303419851509,-0.24037589762180867
R2,shuffle,1,irreversibility,0.054568602631656415,0.085565959024752,-0.030997356393095588
R2,shuffle,1,metastability_slem,0.9122397156715284,0.1303908293954327,0.7818488862760957
R2,shuffle,1,phase_jump_count,3,4,-1
R2,shuffle,2,self_retention,0.58790586088134,0.2038356245032528,0.38407023637808724
R2,shuffle,2,transition_entropy_norm,0.4266544443633422,0.6653596027189016,-0.2387051583555594
R2,shuffle,2,irreversibility,0.054568602631656415,0.08766300668217009,-0.03309440405051367
R2,shuffle,2,metastability_slem,0.9122397156715284,0.11051500958640297,0.8017247060851255
R2,shuffle,2,phase_jump_count,3,4,-1
R2,shuffle,3,self_retention,0.58790586088134,0.21440159451191249,0.3735042663694275
R2,shuffle,3,transition_entropy_norm,0.4266544443633422,0.6643041291151052,-0.23764968475176296
R2,shuffle,3,irreversibility,0.054568602631656415,0.1017660146472606,-0.04719741201560418
R2,shuffle,3,metastability_slem,0.9122397156715284,0.12900482486325152,0.7832348908082769
R2,shuffle,3,phase_jump_count,3,5,-2
R2,shuffle,4,self_retention,0.58790586088134,0.17733921057904228,0.4105666503022977
R2,shuffle,4,transition_entropy_norm,0.4266544443633422,0.6617885587991427,-0.23513411443580046
R2,shuffle,4,irreversibility,0.054568602631656415,0.12586655980765382,-0.0712979571759974
R2,shuffle,4,metastability_slem,0.9122397156715284,0.15080417907348523,0.7614355365980432
R2,shuffle,4,phase_jump_count,3,4,-1
R2,shuffle,5,self_retention,0.58790586088134,0.1879417434140073,0.39996411746733274
R2,shuffle,5,transition_entropy_norm,0.4266544443633422,0.664569508648962,-0.23791506428561982
R2,shuffle,5,irreversibility,0.054568602631656415,0.12186763760976653,-0.06729903497811011
R2,shuffle,5,metastability_slem,0.9122397156715284,0.14316192654517484,0.7690777891263536
R2,shuffle,5,phase_jump_count,3,2,1
R2,shuffle,6,self_retention,0.58790586088134,0.2283028369984892,0.3596030238828508
R2,shuffle,6,transition_entropy_norm,0.4266544443633422,0.6566937157713812,-0.23003927140803904
R2,shuffle,6,irreversibility,0.054568602631656415,0.12829444351183483,-0.07372584088017842
R2,shuffle,6,metastability_slem,0.9122397156715284,0.10651490830820644,0.805724807363322
R2,shuffle,6,phase_jump_count,3,7,-4
R2,shuffle,7,self_retention,0.58790586088134,0.22867160889601282,0.3592342519853272
R2,shuffle,7,transition_entropy_norm,0.4266544443633422,0.6674414011055012,-0.240786956742159
R2,shuffle,7,irreversibility,0.054568602631656415,0.09617311160088159,-0.04160450896922517
R2,shuffle,7,metastability_slem,0.9122397156715284,0.12355217509865925,0.7886875405728692
R2,shuffle,7,phase_jump_count,3,4,-1
R2,shuffle,8,self_retention,0.58790586088134,0.19764652203349914,0.39025933884784086
R2,shuffle,8,transition_entropy_norm,0.4266544443633422,0.6641100811857162,-0.23745563682237403
R2,shuffle,8,irreversibility,0.054568602631656415,0.11866739277619145,-0.06409879014453504
R2,shuffle,8,metastability_slem,0.9122397156715284,0.11854194162652841,0.793697774045
R2,shuffle,8,phase_jump_count,3,4,-1
R2,shuffle,9,self_retention,0.58790586088134,0.21604834648312907,0.3718575143982109
R2,shuffle,9,transition_entropy_norm,0.4266544443633422,0.6655044590689425,-0.2388500147056003
R2,shuffle,9,irreversibility,0.054568602631656415,0.08955850260198085,-0.03498989997032444
R2,shuffle,9,metastability_slem,0.9122397156715284,0.1288259848473762,0.7834137308241522
R2,shuffle,9,phase_jump_count,3,1,2
R2,shuffle,10,self_retention,0.58790586088134,0.2502098371663589,0.3376960237149811
R2,shuffle,10,transition_entropy_norm,0.4266544443633422,0.6662008348812413,-0.23954639051789905
R2,shuffle,10,irreversibility,0.054568602631656415,0.08116501594762465,-0.026596413315968237
R2,shuffle,10,metastability_slem,0.9122397156715284,0.12064067099955801,0.7915990446719704
R2,shuffle,10,phase_jump_count,3,4,-1
R2,shuffle,11,self_retention,0.58790586088134,0.22527115972930378,0.3626347011520362
R2,shuffle,11,transition_entropy_norm,0.4266544443633422,0.6664418547928507,-0.23978741042950846
R2,shuffle,11,irreversibility,0.054568602631656415,0.07119681097617503,-0.016628208344518614
R2,shuffle,11,metastability_slem,0.9122397156715284,0.1323191483007259,0.7799205673708025
R2,shuffle,11,phase_jump_count,3,2,1
R2,shuffle,12,self_retention,0.58790586088134,0.21433925894195757,0.3735666019393824
R2,shuffle,12,transition_entropy_norm,0.4266544443633422,0.6662390191220842,-0.23958457475874195
R2,shuffle,12,irreversibility,0.054568602631656415,0.10724994645534375,-0.05268134382368733
R2,shuffle,12,metastability_slem,0.9122397156715284,0.10078794139606276,0.8114517742754657
R2,shuffle,12,phase_jump_count,3,1,2
R2,shuffle,13,self_retention,0.58790586088134,0.21298609235754792,0.37491976852379205
R2,shuffle,13,transition_entropy_norm,0.4266544443633422,0.6598979044303928,-0.23324346006705055
R2,shuffle,13,irreversibility,0.054568602631656415,0.1064170942479071,-0.051848491616250686
R2,shuffle,13,metastability_slem,0.9122397156715284,0.12393214557951898,0.7883075700920095
R2,shuffle,13,phase_jump_count,3,1,2
R2,shuffle,14,self_retention,0.58790586088134,0.21289515157133587,0.37501070931000413
R2,shuffle,14,transition_entropy_norm,0.4266544443633422,0.6664274047045808,-0.23977296034123863
R2,shuffle,14,irreversibility,0.054568602631656415,0.10929822935014369,-0.05472962671848727
R2,shuffle,14,metastability_slem,0.9122397156715284,0.09187160386388517,0.8203681118076432
R2,shuffle,14,phase_jump_count,3,5,-2
R2,shuffle,15,self_retention,0.58790586088134,0.23153432936041632,0.3563715315209237
R2,shuffle,15,transition_entropy_norm,0.4266544443633422,0.6663504446819859,-0.2396960003186437
R2,shuffle,15,irreversibility,0.054568602631656415,0.09027194896760116,-0.03570334633594474
R2,shuffle,15,metastability_slem,0.9122397156715284,0.10696388196670216,0.8052758337048262
R2,shuffle,15,phase_jump_count,3,8,-5
R2,shuffle,16,self_retention,0.58790586088134,0.2050848243255771,0.38282103655576294
R2,shuffle,16,transition_entropy_norm,0.4266544443633422,0.6668103244608301,-0.2401558800974879
R2,shuffle,16,irreversibility,0.054568602631656415,0.0847084453508853,-0.030139842719228885
R2,shuffle,16,metastability_slem,0.9122397156715284,0.11603165611384375,0.7962080595576846
R2,shuffle,16,phase_jump_count,3,1,2
R2,shuffle,17,self_retention,0.58790586088134,0.1977421918695358,0.3901636690118042
R2,shuffle,17,transition_entropy_norm,0.4266544443633422,0.6631095832284277,-0.2364551388650855
R2,shuffle,17,irreversibility,0.054568602631656415,0.09902563951605782,-0.044457036884401405
R2,shuffle,17,metastability_slem,0.9122397156715284,0.11907612900987052,0.7931635866616579
R2,shuffle,17,phase_jump_count,3,4,-1
R2,shuffle,18,self_retention,0.58790586088134,0.21157082748948106,0.3763350333918589
R2,shuffle,18,transition_entropy_norm,0.4266544443633422,0.6698203877982791,-0.24316594343493692
R2,shuffle,18,irreversibility,0.054568602631656415,0.07955319575235423,-0.024984593120697812
R2,shuffle,18,metastability_slem,0.9122397156715284,0.11297938393983102,0.7992603317316974
R2,shuffle,18,phase_jump_count,3,4,-1
R2,shuffle,19,self_retention,0.58790586088134,0.22369518865300825,0.36421067222833176
R2,shuffle,19,transition_entropy_norm,0.4266544443633422,0.6637976015925066,-0.23714315722916435
R2,shuffle,19,irreversibility,0.054568602631656415,0.09511448966348383,-0.04054588703182742
R2,shuffle,19,metastability_slem,0.9122397156715284,0.11034016421811232,0.8018995514534161
R2,shuffle,19,phase_jump_count,3,3,0
R2,shuffle,20,self_retention,0.58790586088134,0.22888640310853375,0.35901945777280625
R2,shuffle,20,transition_entropy_norm,0.4266544443633422,0.6665432507172506,-0.2398888063539084
R2,shuffle,20,irreversibility,0.054568602631656415,0.09961437696859085,-0.045045774336934435
R2,shuffle,20,metastability_slem,0.9122397156715284,0.12957097935820805,0.7826687363133203
R2,shuffle,20,phase_jump_count,3,5,-2
R2,shuffle,21,self_retention,0.58790586088134,0.23327990382688843,0.35462595705445155
R2,shuffle,21,transition_entropy_norm,0.4266544443633422,0.6643430788056,-0.23768863444225774
R2,shuffle,21,irreversibility,0.054568602631656415,0.13786816269284713,-0.08329956006119071
R2,shuffle,21,metastability_slem,0.9122397156715284,0.11969981978713357,0.7925398958843948
R2,shuffle,21,phase_jump_count,3,7,-4
R2,shuffle,22,self_retention,0.58790586088134,0.19725851360034266,0.39064734728099737
R2,shuffle,22,transition_entropy_norm,0.4266544443633422,0.6693711507940571,-0.24271670643071486
R2,shuffle,22,irreversibility,0.054568602631656415,0.08781323623902335,-0.03324463360736693
R2,shuffle,22,metastability_slem,0.9122397156715284,0.1553143324472681,0.7569253832242603
R2,shuffle,22,phase_jump_count,3,7,-4
R2,shuffle,23,self_retention,0.58790586088134,0.2190700016786973,0.3688358592026427
R2,shuffle,23,transition_entropy_norm,0.4266544443633422,0.6689014747111397,-0.2422470303477975
R2,shuffle,23,irreversibility,0.054568602631656415,0.12443343965083094,-0.06986483701917452
R2,shuffle,23,metastability_slem,0.9122397156715284,0.1053941716297248,0.8068455440418036
R2,shuffle,23,phase_jump_count,3,3,0
R2,shuffle,24,self_retention,0.58790586088134,0.21744484900406938,0.37046101187727065
R2,shuffle,24,transition_entropy_norm,0.4266544443633422,0.6627234348832823,-0.23606899051994013
R2,shuffle,24,irreversibility,0.054568602631656415,0.07619404583422575,-0.02162544320256933
R2,shuffle,24,metastability_slem,0.9122397156715284,0.13771197460155443,0.774527741069974
R2,shuffle,24,phase_jump_count,3,8,-5
R2,shuffle,25,self_retention,0.58790586088134,0.23312909182474403,0.35477676905659594
R2,shuffle,25,transition_entropy_norm,0.4266544443633422,0.670151329980133,-0.24349688561679084
R2,shuffle,25,irreversibility,0.054568602631656415,0.08863521907000167,-0.03406661643834526
R2,shuffle,25,metastability_slem,0.9122397156715284,0.09945062097905101,0.8127890946924774
R2,shuffle,25,phase_jump_count,3,1,2
R2,shuffle,26,self_retention,0.58790586088134,0.2206857478596609,0.3672201130216791
R2,shuffle,26,transition_entropy_norm,0.4266544443633422,0.6691111635472543,-0.2424567191839121
R2,shuffle,26,irreversibility,0.054568602631656415,0.08815259358737622,-0.0335839909557198
R2,shuffle,26,metastability_slem,0.9122397156715284,0.09678877908581074,0.8154509365857177
R2,shuffle,26,phase_jump_count,3,0,3
R2,shuffle,27,self_retention,0.58790586088134,0.20062111801242236,0.3872847428689177
R2,shuffle,27,transition_entropy_norm,0.4266544443633422,0.6660223225312393,-0.23936787816789706
R2,shuffle,27,irreversibility,0.054568602631656415,0.08132638749749549,-0.026757784865839074
R2,shuffle,27,metastability_slem,0.9122397156715284,0.1090713636200116,0.8031683520515168
R2,shuffle,27,phase_jump_count,3,5,-2
R2,shuffle,28,self_retention,0.58790586088134,0.18944099378881987,0.39846486709252016
R2,shuffle,28,transition_entropy_norm,0.4266544443633422,0.660382020727732,-0.2337275763643898
R2,shuffle,28,irreversibility,0.054568602631656415,0.10248447204968944,-0.047915869418033025
R2,shuffle,28,metastability_slem,0.9122397156715284,0.1534237035987,0.7588160120728284
R2,shuffle,28,phase_jump_count,3,2,1
R2,shuffle,29,self_retention,0.58790586088134,0.22381232163840858,0.3640935392429314
R2,shuffle,29,transition_entropy_norm,0.4266544443633422,0.6667915403558753,-0.24013709599253308
R2,shuffle,29,irreversibility,0.054568602631656415,0.08955850260198087,-0.03498989997032445
R2,shuffle,29,metastability_slem,0.9122397156715284,0.11659049317181291,0.7956492224997155
R2,shuffle,29,phase_jump_count,3,3,0
R2,block_shuffle,0,self_retention,0.58790586088134,0.5723705513526243,0.015535309528715735
R2,block_shuffle,0,transition_entropy_norm,0.4266544443633422,0.4604677454829501,-0.0338133011196079
R2,block_shuffle,0,irreversibility,0.054568602631656415,0.060787141974036694,-0.006218539342380279
R2,block_shuffle,0,metastability_slem,0.9122397156715284,0.8585426434899115,0.0536970721816169
R2,block_shuffle,0,phase_jump_count,3,9,-6
R2,block_shuffle,1,self_retention,0.58790586088134,0.5739233463836801,0.01398251449765986
R2,block_shuffle,1,transition_entropy_norm,0.4266544443633422,0.45258524799486943,-0.02593080363152722
R2,block_shuffle,1,irreversibility,0.054568602631656415,0.07476229725353978,-0.020193694621883362
R2,block_shuffle,1,metastability_slem,0.9122397156715284,0.8712589545112146,0.040980761160313794
R2,block_shuffle,1,phase_jump_count,3,6,-3
R2,block_shuffle,2,self_retention,0.58790586088134,0.572355832916311,0.015550027965029023
R2,block_shuffle,2,transition_entropy_norm,0.4266544443633422,0.4560324039691412,-0.029377959605798976
R2,block_shuffle,2,irreversibility,0.054568602631656415,0.06698360366194696,-0.012415001030290543
R2,block_shuffle,2,metastability_slem,0.9122397156715284,0.8602146595372361,0.05202505613429231
R2,block_shuffle,2,phase_jump_count,3,7,-4
R2,block_shuffle,3,self_retention,0.58790586088134,0.5707956786670983,0.017110182214241654
R2,block_shuffle,3,transition_entropy_norm,0.4266544443633422,0.45380865799479525,-0.02715421363145304
R2,block_shuffle,3,irreversibility,0.054568602631656415,0.05612139766271232,-0.0015527950310559036
R2,block_shuffle,3,metastability_slem,0.9122397156715284,0.8820643845930836,0.030175331078444834
R2,block_shuffle,3,phase_jump_count,3,5,-2
R2,block_shuffle,4,self_retention,0.58790586088134,0.5676974478231432,0.02020841305819676
R2,block_shuffle,4,transition_entropy_norm,0.4266544443633422,0.45571840016084797,-0.02906395579750576
R2,block_shuffle,4,irreversibility,0.054568602631656415,0.06856583556562951,-0.013997232933973092
R2,block_shuffle,4,metastability_slem,0.9122397156715284,0.8655846618148412,0.04665505385668722
R2,block_shuffle,4,phase_jump_count,3,7,-4
R2,block_shuffle,5,self_retention,0.58790586088134,0.5712260329462598,0.01667982793508016
R2,block_shuffle,5,transition_entropy_norm,0.4266544443633422,0.4521655248482594,-0.02551108048491718
R2,block_shuffle,5,irreversibility,0.054568602631656415,0.06849176343505267,-0.013923160803396256
R2,block_shuffle,5,metastability_slem,0.9122397156715284,0.8806134948327188,0.031626220838809616
R2,block_shuffle,5,phase_jump_count,3,4,-1
R2,block_shuffle,6,self_retention,0.58790586088134,0.5815067120817471,0.006399148799592913
R2,block_shuffle,6,transition_entropy_norm,0.4266544443633422,0.44798822600175214,-0.021333781638409932
R2,block_shuffle,6,irreversibility,0.054568602631656415,0.0634942897214987,-0.008925687089842288
R2,block_shuffle,6,metastability_slem,0.9122397156715284,0.8831031327151241,0.02913658295640431
R2,block_shuffle,6,phase_jump_count,3,9,-6
R2,block_shuffle,7,self_retention,0.58790586088134,0.5658063825230242,0.022099478358315827
R2,block_shuffle,7,transition_entropy_norm,0.4266544443633422,0.4610051607188074,-0.034350716355465216
R2,block_shuffle,7,irreversibility,0.054568602631656415,0.06730563289783678,-0.012737030266180366
R2,block_shuffle,7,metastability_slem,0.9122397156715284,0.8571045793235026,0.055135136348025804
R2,block_shuffle,7,phase_jump_count,3,10,-7
R2,block_shuffle,8,self_retention,0.58790586088134,0.5675215387697856,0.020384322111554387
R2,block_shuffle,8,transition_entropy_norm,0.4266544443633422,0.46248307981048076,-0.035828635447138546
R2,block_shuffle,8,irreversibility,0.054568602631656415,0.07122821077940295,-0.01665960814774653
R2,block_shuffle,8,metastability_slem,0.9122397156715284,0.8562951171656307,0.055944598505897725
R2,block_shuffle,8,phase_jump_count,3,9,-6
R2,block_shuffle,9,self_retention,0.58790586088134,0.5690877908593677,0.018818070021972333
R2,block_shuffle,9,transition_entropy_norm,0.4266544443633422,0.45790422589834373,-0.03124978153500152
R2,block_shuffle,9,irreversibility,0.054568602631656415,0.05782423287290257,-0.0032556302412461574
R2,block_shuffle,9,metastability_slem,0.9122397156715284,0.8586663714593226,0.05357334421220583
R2,block_shuffle,9,phase_jump_count,3,8,-5
R2,block_shuffle,10,self_retention,0.58790586088134,0.5712091547394005,0.01669670614193952
R2,block_shuffle,10,transition_entropy_norm,0.4266544443633422,0.4550551439054035,-0.028400699542061314
R2,block_shuffle,10,irreversibility,0.054568602631656415,0.07785916824196598,-0.023290565610309566
R2,block_shuffle,10,metastability_slem,0.9122397156715284,0.8654788066858288,0.04676090898569962
R2,block_shuffle,10,phase_jump_count,3,4,-1
R2,block_shuffle,11,self_retention,0.58790586088134,0.570803037885255,0.01710282299608501
R2,block_shuffle,11,transition_entropy_norm,0.4266544443633422,0.45982217499771993,-0.03316773063437772
R2,block_shuffle,11,irreversibility,0.054568602631656415,0.07168614406405466,-0.017117541432398242
R2,block_shuffle,11,metastability_slem,0.9122397156715284,0.8574486528384854,0.054791062833043025
R2,block_shuffle,11,phase_jump_count,3,3,0
R2,block_shuffle,12,self_retention,0.58790586088134,0.5708103971034117,0.017095463777928255
R2,block_shuffle,12,transition_entropy_norm,0.4266544443633422,0.4595800560802729,-0.0329256117169307
R2,block_shuffle,12,irreversibility,0.054568602631656415,0.06857319478378618,-0.014004592152129763
R2,block_shuffle,12,metastability_slem,0.9122397156715284,0.8610937729597652,0.051145942711763204
R2,block_shuffle,12,phase_jump_count,3,3,0
R2,block_shuffle,13,self_retention,0.58790586088134,0.5692428836360425,0.01866297724529753
R2,block_shuffle,13,transition_entropy_norm,0.4266544443633422,0.4510094422555692,-0.024354997892227004
R2,block_shuffle,13,irreversibility,0.054568602631656415,0.07012598981484208,-0.015557387183185667
R2,block_shuffle,13,metastability_slem,0.9122397156715284,0.8776824462099644,0.03455726946156401
R2,block_shuffle,13,phase_jump_count,3,7,-4
R2,block_shuffle,14,self_retention,0.58790586088134,0.5754687821965794,0.012437078684760627
R2,block_shuffle,14,transition_entropy_norm,0.4266544443633422,0.4467753812126988,-0.020120936849356563
R2,block_shuffle,14,irreversibility,0.054568602631656415,0.07011127137852877,-0.015542668746872351
R2,block_shuffle,14,metastability_slem,0.9122397156715284,0.880302162419126,0.03193755325240244
R2,block_shuffle,14,phase_jump_count,3,4,-1
R2,block_shuffle,15,self_retention,0.58790586088134,0.5785890906950045,0.009316770186335477
R2,block_shuffle,15,transition_entropy_norm,0.4266544443633422,0.4470223717220396,-0.020367927358697413
R2,block_shuffle,15,irreversibility,0.054568602631656415,0.04834270407111947,0.006225898560536944
R2,block_shuffle,15,metastability_slem,0.9122397156715284,0.8781830455355385,0.0340566701359899
R2,block_shuffle,15,phase_jump_count,3,4,-1
R2,block_shuffle,16,self_retention,0.58790586088134,0.5774372130704833,0.010468647810856657
R2,block_shuffle,16,transition_entropy_norm,0.4266544443633422,0.4502487972682991,-0.023594352904956872
R2,block_shuffle,16,irreversibility,0.054568602631656415,0.07159735349716448,-0.017028750865508063
R2,block_shuffle,16,metastability_slem,0.9122397156715284,0.8807742436183253,0.03146547205320305
R2,block_shuffle,16,phase_jump_count,3,7,-4
R2,block_shuffle,17,self_retention,0.58790586088134,0.5690743338008415,0.01883152708049851
R2,block_shuffle,17,transition_entropy_norm,0.4266544443633422,0.45741462822603557,-0.030760183862693358
R2,block_shuffle,17,irreversibility,0.054568602631656415,0.057273091564816664,-0.0027044889331602484
R2,block_shuffle,17,metastability_slem,0.9122397156715284,0.8701523267917419,0.04208738887978647
R2,block_shuffle,17,phase_jump_count,3,6,-3
R2,block_shuffle,18,self_retention,0.58790586088134,0.5690783951653516,0.018827465715988367
R2,block_shuffle,18,transition_entropy_norm,0.4266544443633422,0.4551715927075416,-0.028517148344199383
R2,block_shuffle,18,irreversibility,0.054568602631656415,0.06685412120194728,-0.012285518570290865
R2,block_shuffle,18,metastability_slem,0.9122397156715284,0.8703594542900641,0.04188026138146428
R2,block_shuffle,18,phase_jump_count,3,5,-2
R2,block_shuffle,19,self_retention,0.58790586088134,0.5690783951653516,0.018827465715988367
R2,block_shuffle,19,transition_entropy_norm,0.4266544443633422,0.4588941981224245,-0.03223975375908228
R2,block_shuffle,19,irreversibility,0.054568602631656415,0.06064294107772368,-0.006074338446067265
R2,block_shuffle,19,metastability_slem,0.9122397156715284,0.862845977141522,0.04939373853000639
R2,block_shuffle,19,phase_jump_count,3,6,-3
R2,block_shuffle,20,self_retention,0.58790586088134,0.572355832916311,0.015550027965029023
R2,block_shuffle,20,transition_entropy_norm,0.4266544443633422,0.4560022586214896,-0.029347814258147364
R2,block_shuffle,20,irreversibility,0.054568602631656415,0.06389273203614848,-0.009324129404492065
R2,block_shuffle,20,metastability_slem,0.9122397156715284,0.8581430875889747,0.054096628082553666
R2,block_shuffle,20,phase_jump_count,3,4,-1
R2,block_shuffle,21,self_retention,0.58790586088134,0.5789900081015392,0.008915852779800781
R2,block_shuffle,21,transition_entropy_norm,0.4266544443633422,0.44484067266266253,-0.018186228299320317
R2,block_shuffle,21,irreversibility,0.054568602631656415,0.07004455846610855,-0.015475955834452132
R2,block_shuffle,21,metastability_slem,0.9122397156715284,0.8837453867491216,0.028494328922406775
R2,block_shuffle,21,phase_jump_count,3,1,2
R2,block_shuffle,22,self_retention,0.58790586088134,0.5692428836360424,0.01866297724529764
R2,block_shuffle,22,transition_entropy_norm,0.4266544443633422,0.4600101485314726,-0.033355704168130385
R2,block_shuffle,22,irreversibility,0.054568602631656415,0.057674192693768216,-0.0031055900621118
R2,block_shuffle,22,metastability_slem,0.9122397156715284,0.8569931127735924,0.05524660289793604
R2,block_shuffle,22,phase_jump_count,3,2,1
R2,block_shuffle,23,self_retention,0.58790586088134,0.5723631921344676,0.015542668746872379
R2,block_shuffle,23,transition_entropy_norm,0.4266544443633422,0.4545072201852292,-0.027852775821887
R2,block_shuffle,23,irreversibility,0.054568602631656415,0.06702039975273026,-0.012451797121073846
R2,block_shuffle,23,metastability_slem,0.9122397156715284,0.8736781427572715,0.03856157291425688
R2,block_shuffle,23,phase_jump_count,3,11,-8
R2,block_shuffle,24,self_retention,0.58790586088134,0.575305549989982,0.012600310891358046
R2,block_shuffle,24,transition_entropy_norm,0.4266544443633422,0.4565822455904084,-0.029927801227066175
R2,block_shuffle,24,irreversibility,0.054568602631656415,0.07282107794029254,-0.01825247530863612
R2,block_shuffle,24,metastability_slem,0.9122397156715284,0.8706426366201281,0.04159707905140031
R2,block_shuffle,24,phase_jump_count,3,5,-2
R2,block_shuffle,25,self_retention,0.58790586088134,0.5721799238629532,0.01572593701838676
R2,block_shuffle,25,transition_entropy_norm,0.4266544443633422,0.4547320079995182,-0.028077563636175973
R2,block_shuffle,25,irreversibility,0.054568602631656415,0.06967541574834703,-0.015106813116690612
R2,block_shuffle,25,metastability_slem,0.9122397156715284,0.8760127771002021,0.036226938571326306
R2,block_shuffle,25,phase_jump_count,3,4,-1
R2,block_shuffle,26,self_retention,0.58790586088134,0.575476141414736,0.012429719466603983
R2,block_shuffle,26,transition_entropy_norm,0.4266544443633422,0.4439503600860064,-0.0172959157226642
R2,block_shuffle,26,irreversibility,0.054568602631656415,0.07323893909511055,-0.018670336463454132
R2,block_shuffle,26,metastability_slem,0.9122397156715284,0.8818562643711078,0.03038345130042064
R2,block_shuffle,26,phase_jump_count,3,4,-1
R2,block_shuffle,27,self_retention,0.58790586088134,0.5754687821965794,0.012437078684760627
R2,block_shuffle,27,transition_entropy_norm,0.4266544443633422,0.4582944277367744,-0.03163998337343221
R2,block_shuffle,27,irreversibility,0.054568602631656415,0.06696152600747697,-0.012392923375820555
R2,block_shuffle,27,metastability_slem,0.9122397156715284,0.8580874809049597,0.05415223476656872
R2,block_shuffle,27,phase_jump_count,3,11,-8
R2,block_shuffle,28,self_retention,0.58790586088134,0.5696732379152039,0.018232622966136147
R2,block_shuffle,28,transition_entropy_norm,0.4266544443633422,0.4527230673259899,-0.02606862296264767
R2,block_shuffle,28,irreversibility,0.054568602631656415,0.06072778827977316,-0.006159185648116745
R2,block_shuffle,28,metastability_slem,0.9122397156715284,0.8797263553549424,0.032513360316586026
R2,block_shuffle,28,phase_jump_count,3,5,-2
R2,block_shuffle,29,self_retention,0.58790586088134,0.5752855139250651,0.012620346956274897
R2,block_shuffle,29,transition_entropy_norm,0.4266544443633422,0.4498256450268259,-0.023171200663483715
R2,block_shuffle,29,irreversibility,0.054568602631656415,0.06660989781606894,-0.01204129518441252
R2,block_shuffle,29,metastability_slem,0.9122397156715284,0.8728296413428368,0.03941007432869159
R2,block_shuffle,29,phase_jump_count,3,0,3
R2,reverse,0,self_retention,0.58790586088134,0.5885093167701864,-0.0006034558888463604
R2,reverse,0,transition_entropy_norm,0.4266544443633422,0.4287314909322741,-0.002077046568931873
R2,reverse,0,irreversibility,0.054568602631656415,0.05434782608695653,0.00022077654469988828
R2,reverse,0,metastability_slem,0.9122397156715284,0.9984315107182982,-0.08619179504676977
R2,reverse,0,phase_jump_count,3,8,-5
M1,shuffle,0,self_retention,0.9425465838509316,0.8430363317253629,0.09951025212556874
M1,shuffle,0,transition_entropy_norm,0.06976171697530971,0.1551834370114615,-0.0854217200361518
M1,shuffle,0,irreversibility,0.004658385093167704,0.004721442759403472,-6.305766623576799e-05
M1,shuffle,0,metastability_slem,0.9983993125192123,0.05474496930859879,0.9436543432106135
M1,shuffle,0,phase_jump_count,20,1,19
M1,shuffle,1,self_retention,0.9425465838509316,0.849252766655106,0.09329381719582563
M1,shuffle,1,transition_entropy_norm,0.06976171697530971,0.15050472189087893,-0.08074300491556922
M1,shuffle,1,irreversibility,0.004658385093167704,0.004784500425639238,-0.00012611533247153424
M1,shuffle,1,metastability_slem,0.9983993125192123,0.13144547795778178,0.8669538345614305
M1,shuffle,1,phase_jump_count,20,3,17
M1,shuffle,2,self_retention,0.9425465838509316,0.8508134438944414,0.09173313995649024
M1,shuffle,2,transition_entropy_norm,0.06976171697530971,0.15212463116130184,-0.08236291418599213
M1,shuffle,2,irreversibility,0.004658385093167704,0.0031607655200680974,0.0014976195730996063
M1,shuffle,2,metastability_slem,0.9983993125192123,0.08102645431399888,0.9173728582052134
M1,shuffle,2,phase_jump_count,20,2,18
M1,shuffle,3,self_retention,0.9425465838509316,0.8539190339565532,0.08862754989437838
M1,shuffle,3,transition_entropy_norm,0.06976171697530971,0.15174237385385067,-0.08198065687854096
M1,shuffle,3,irreversibility,0.004658385093167704,0.015509558491240236,-0.010851173398072532
M1,shuffle,3,metastability_slem,0.9983993125192123,0.07049565098821695,0.9279036615309953
M1,shuffle,3,phase_jump_count,20,4,16
M1,shuffle,4,self_retention,0.9425465838509316,0.8508108164916816,0.09173576735925004
M1,shuffle,4,transition_entropy_norm,0.06976171697530971,0.15323995296742682,-0.08347823599211711
M1,shuffle,4,irreversibility,0.004658385093167704,0.015575243560235838,-0.010916858467068134
M1,shuffle,4,metastability_slem,0.9983993125192123,0.05780250783533142,0.9405968046838808
M1,shuffle,4,phase_jump_count,20,4,16
M1,shuffle,5,self_retention,0.9425465838509316,0.8492553940578658,0.09329118979306583
M1,shuffle,5,transition_entropy_norm,0.06976171697530971,0.15486614267979737,-0.08510442570448766
M1,shuffle,5,irreversibility,0.004658385093167704,0.010935250286386899,-0.006276865193219195
M1,shuffle,5,metastability_slem,0.9983993125192123,0.040432631055047095,0.9579666814641652
M1,shuffle,5,phase_jump_count,20,6,14
M1,shuffle,6,self_retention,0.9425465838509316,0.853921661359313,0.08862492249161857
M1,shuffle,6,transition_entropy_norm,0.06976171697530971,0.15087392900798058,-0.08111221203267087
M1,shuffle,6,irreversibility,0.004658385093167704,0.018638795178190455,-0.013980410085022751
M1,shuffle,6,metastability_slem,0.9983993125192123,0.07312917611396588,0.9252701364052465
M1,shuffle,6,phase_jump_count,20,2,18
M1,shuffle,7,self_retention,0.9425465838509316,0.8445943815619383,0.09795220228899326
M1,shuffle,7,transition_entropy_norm,0.06976171697530971,0.15444007948553048,-0.08467836251022078
M1,shuffle,7,irreversibility,0.004658385093167704,0.006316276234616548,-0.0016578911414488447
M1,shuffle,7,metastability_slem,0.9983993125192123,0.07465725047107248,0.9237420620481398
M1,shuffle,7,phase_jump_count,20,2,18
M1,shuffle,8,self_retention,0.9425465838509316,0.8492553940578658,0.09329118979306583
M1,shuffle,8,transition_entropy_norm,0.06976171697530971,0.15342860790395219,-0.08366689092864248
M1,shuffle,8,irreversibility,0.004658385093167704,0.014046095154018346,-0.009387710060850643
M1,shuffle,8,metastability_slem,0.9983993125192123,0.08291796517278313,0.9154813473464292
M1,shuffle,8,phase_jump_count,20,2,18
M1,shuffle,9,self_retention,0.9425465838509316,0.843167701863354,0.0993788819875776
M1,shuffle,9,transition_entropy_norm,0.06976171697530971,0.1538538116447375,-0.08409209466942778
M1,shuffle,9,irreversibility,0.004658385093167704,0.01110845676063067,-0.006450071667462967
M1,shuffle,9,metastability_slem,0.9983993125192123,0.05798574767710726,0.940413564842105
M1,shuffle,9,phase_jump_count,20,0,20
M1,shuffle,10,self_retention,0.9425465838509316,0.841483536694307,0.10106304715662462
M1,shuffle,10,transition_entropy_norm,0.06976171697530971,0.15429909321768107,-0.08453737624237136
M1,shuffle,10,irreversibility,0.004658385093167704,0.009358808630492587,-0.004700423537324883
M1,shuffle,10,metastability_slem,0.9983993125192123,0.05817297271631501,0.9402263398028973
M1,shuffle,10,phase_jump_count,20,0,20
M1,shuffle,11,self_retention,0.9425465838509316,0.8492553940578658,0.09329118979306583
M1,shuffle,11,transition_entropy_norm,0.06976171697530971,0.15290490190967646,-0.08314318493436675
M1,shuffle,11,irreversibility,0.004658385093167704,0.010903721453269016,-0.006245336360101312
M1,shuffle,11,metastability_slem,0.9983993125192123,0.10972074077574936,0.888678571743463
M1,shuffle,11,phase_jump_count,20,2,18
M1,shuffle,12,self_retention,0.9425465838509316,0.8461471765929942,0.09639940725793739
M1,shuffle,12,transition_entropy_norm,0.06976171697530971,0.15406724093540972,-0.0843055239601
M1,shuffle,12,irreversibility,0.004658385093167704,0.004763481203560659,-0.00010509611039295503
M1,shuffle,12,metastability_slem,0.9983993125192123,0.07403279395295732,0.924366518566255
M1,shuffle,12,phase_jump_count,20,1,19
M1,shuffle,13,self_retention,0.9425465838509316,0.8445917541591785,0.09795482969175306
M1,shuffle,13,transition_entropy_norm,0.06976171697530971,0.15266208929603176,-0.08290037232072205
M1,shuffle,13,irreversibility,0.004658385093167704,0.003171275131107402,0.0014871099620603016
M1,shuffle,13,metastability_slem,0.9983993125192123,0.06223510054102117,0.9361642119781911
M1,shuffle,13,phase_jump_count,20,1,19
M1,shuffle,14,self_retention,0.9425465838509316,0.8461471765929942,0.09639940725793739
M1,shuffle,14,transition_entropy_norm,0.06976171697530971,0.15525434779028024,-0.08549263081497054
M1,shuffle,14,irreversibility,0.004658385093167704,0.004716187953883821,-5.780286071611733e-05
M1,shuffle,14,metastability_slem,0.9983993125192123,0.05334301397407476,0.9450562985451376
M1,shuffle,14,phase_jump_count,20,1,19
M1,shuffle,15,self_retention,0.9425465838509316,0.8445917541591785,0.09795482969175306
M1,shuffle,15,transition_entropy_norm,0.06976171697530971,0.15397900248333596,-0.08421728550802625
M1,shuffle,15,irreversibility,0.004658385093167704,0.0063189036373763755,-0.0016605185442086718
M1,shuffle,15,metastability_slem,0.9983993125192123,0.0645702565526493,0.9338290559665631
M1,shuffle,15,phase_jump_count,20,1,19
M1,shuffle,16,self_retention,0.9425465838509316,0.8477025990268099,0.09484398482412171
M1,shuffle,16,transition_entropy_norm,0.06976171697530971,0.15127287779620333,-0.08151116082089362
M1,shuffle,16,irreversibility,0.004658385093167704,0.012482790511923157,-0.007824405418755453
M1,shuffle,16,metastability_slem,0.9983993125192123,0.06482438225782944,0.9335749302613829
M1,shuffle,16,phase_jump_count,20,0,20
M1,shuffle,17,self_retention,0.9425465838509316,0.8445943815619383,0.09795220228899326
M1,shuffle,17,transition_entropy_norm,0.06976171697530971,0.15366140555924165,-0.08389968858393194
M1,shuffle,17,irreversibility,0.004658385093167704,0.00939033746361047,-0.004731952370442766
M1,shuffle,17,metastability_slem,0.9983993125192123,0.07601617470265509,0.9223831378165572
M1,shuffle,17,phase_jump_count,20,3,17
M1,shuffle,18,self_retention,0.9425465838509316,0.846149803995754,0.09639677985517758
M1,shuffle,18,transition_entropy_norm,0.06976171697530971,0.15347963371228973,-0.08371791673698002
M1,shuffle,18,irreversibility,0.004658385093167704,0.007824405418755452,-0.003166020325587748
M1,shuffle,18,metastability_slem,0.9983993125192123,0.08409551541218044,0.9143037971070319
M1,shuffle,18,phase_jump_count,20,2,18
M1,shuffle,19,self_retention,0.9425465838509316,0.8445917541591785,0.09795482969175306
M1,shuffle,19,transition_entropy_norm,0.06976171697530971,0.15462004350853684,-0.08485832653322713
M1,shuffle,19,irreversibility,0.004658385093167704,0.006245336360101312,-0.0015869512669336085
M1,shuffle,19,metastability_slem,0.9983993125192123,0.0439802450023749,0.9544190675168375
M1,shuffle,19,phase_jump_count,20,0,20
M1,shuffle,20,self_retention,0.9425465838509316,0.8477052264295698,0.0948413574213618
M1,shuffle,20,transition_entropy_norm,0.06976171697530971,0.1531475846417679,-0.08338586766645818
M1,shuffle,20,irreversibility,0.004658385093167704,0.009379827852571175,-0.004721442759403472
M1,shuffle,20,metastability_slem,0.9983993125192123,0.12343941493775078,0.8749598975814615
M1,shuffle,20,phase_jump_count,20,0,20
M1,shuffle,21,self_retention,0.9425465838509316,0.8399281142604912,0.10261846959044041
M1,shuffle,21,transition_entropy_norm,0.06976171697530971,0.154193722811408,-0.08443200583609829
M1,shuffle,21,irreversibility,0.004658385093167704,0.004771363411840126,-0.00011297831867242234
M1,shuffle,21,metastability_slem,0.9983993125192123,0.05617157725747939,0.942227735261733
M1,shuffle,21,phase_jump_count,20,1,19
M1,shuffle,22,self_retention,0.9425465838509316,0.843167701863354,0.0993788819875776
M1,shuffle,22,transition_entropy_norm,0.06976171697530971,0.1539294220056322,-0.08416770503032249
M1,shuffle,22,irreversibility,0.004658385093167704,0.010869565217391306,-0.006211180124223602
M1,shuffle,22,metastability_slem,0.9983993125192123,0.05939587873088966,0.9390034337883226
M1,shuffle,22,phase_jump_count,20,2,18
M1,shuffle,23,self_retention,0.9425465838509316,0.8492553940578658,0.09329118979306583
M1,shuffle,23,transition_entropy_norm,0.06976171697530971,0.1520175111783067,-0.08225579420299699
M1,shuffle,23,irreversibility,0.004658385093167704,0.013940999043625392,-0.009282613950457689
M1,shuffle,23,metastability_slem,0.9983993125192123,0.19131738791828073,0.8070819246009315
M1,shuffle,23,phase_jump_count,20,2,18
M1,shuffle,24,self_retention,0.9425465838509316,0.8477025990268099,0.09484398482412171
M1,shuffle,24,transition_entropy_norm,0.06976171697530971,0.15385670321242165,-0.08409498623711194
M1,shuffle,24,irreversibility,0.004658385093167704,0.006313648831856733,-0.001655263738689029
M1,shuffle,24,metastability_slem,0.9983993125192123,0.07618638435183078,0.9222129281673815
M1,shuffle,24,phase_jump_count,20,3,17
M1,shuffle,25,self_retention,0.9425465838509316,0.8477025990268099,0.09484398482412171
M1,shuffle,25,transition_entropy_norm,0.06976171697530971,0.1542787331339522,-0.0845170161586425
M1,shuffle,25,irreversibility,0.004658385093167704,0.009382455255330997,-0.0047240701621632936
M1,shuffle,25,metastability_slem,0.9983993125192123,0.059701452423952056,0.9386978600952602
M1,shuffle,25,phase_jump_count,20,3,17
M1,shuffle,26,self_retention,0.9425465838509316,0.8461471765929942,0.09639940725793739
M1,shuffle,26,transition_entropy_norm,0.06976171697530971,0.15504028278594176,-0.08527856581063205
M1,shuffle,26,irreversibility,0.004658385093167704,0.010911603661548483,-0.0062532185683807796
M1,shuffle,26,metastability_slem,0.9983993125192123,0.043668172704228514,0.9547311398149838
M1,shuffle,26,phase_jump_count,20,1,19
M1,shuffle,27,self_retention,0.9425465838509316,0.8445917541591785,0.09795482969175306
M1,shuffle,27,transition_entropy_norm,0.06976171697530971,0.15391146355976548,-0.08414974658445577
M1,shuffle,27,irreversibility,0.004658385093167704,0.009387710060850643,-0.004729324967682939
M1,shuffle,27,metastability_slem,0.9983993125192123,0.06356135021505403,0.9348379623041583
M1,shuffle,27,phase_jump_count,20,0,20
M1,shuffle,28,self_retention,0.9425465838509316,0.8445943815619383,0.09795220228899326
M1,shuffle,28,transition_entropy_norm,0.06976171697530971,0.15354387321383486,-0.08378215623852515
M1,shuffle,28,irreversibility,0.004658385093167704,0.0062794925959790224,-0.0016211075028113187
M1,shuffle,28,metastability_slem,0.9983993125192123,0.10805323655450866,0.8903460759647037
M1,shuffle,28,phase_jump_count,20,0,20
M1,shuffle,29,self_retention,0.9425465838509316,0.8445943815619383,0.09795220228899326
M1,shuffle,29,transition_entropy_norm,0.06976171697530971,0.1526060381269282,-0.08284432115161848
M1,shuffle,29,irreversibility,0.004658385093167704,0.009364063436012232,-0.004705678342844528
M1,shuffle,29,metastability_slem,0.9983993125192123,0.09374504146242758,0.9046542710567848
M1,shuffle,29,phase_jump_count,20,5,15
M1,block_shuffle,0,self_retention,0.9425465838509316,0.9347326880432156,0.007813895807715965
M1,block_shuffle,0,transition_entropy_norm,0.06976171697530971,0.08175049337729208,-0.01198877640198237
M1,block_shuffle,0,irreversibility,0.004658385093167704,0.006255845971140605,-0.0015974608779729012
M1,block_shuffle,0,metastability_slem,0.9983993125192123,0.8512880998730668,0.14711121264614557
M1,block_shuffle,0,phase_jump_count,20,18,2
M1,block_shuffle,1,self_retention,0.9425465838509316,0.9362159579550883,0.006330625895843323
M1,block_shuffle,1,transition_entropy_norm,0.06976171697530971,0.08044756382194009,-0.010685846846630376
M1,block_shuffle,1,irreversibility,0.004658385093167704,0.004777830864787386,-0.00011944577161968235
M1,block_shuffle,1,metastability_slem,0.9983993125192123,0.9190194593240106,0.07937985319520169
M1,block_shuffle,1,phase_jump_count,20,23,-3
M1,block_shuffle,2,self_retention,0.9425465838509316,0.9347326880432156,0.007813895807715965
M1,block_shuffle,2,transition_entropy_norm,0.06976171697530971,0.08175049337729208,-0.01198877640198237
M1,block_shuffle,2,irreversibility,0.004658385093167704,0.006255845971140605,-0.0015974608779729012
M1,block_shuffle,2,metastability_slem,0.9983993125192123,0.8512880998730668,0.14711121264614557
M1,block_shuffle,2,phase_jump_count,20,9,11
M1,block_shuffle,3,self_retention,0.9425465838509316,0.9347326880432156,0.007813895807715965
M1,block_shuffle,3,transition_entropy_norm,0.06976171697530971,0.08175049337729208,-0.01198877640198237
M1,block_shuffle,3,irreversibility,0.004658385093167704,0.006255845971140605,-0.0015974608779729012
M1,block_shuffle,3,metastability_slem,0.9983993125192123,0.8512880998730668,0.14711121264614557
M1,block_shuffle,3,phase_jump_count,20,9,11
M1,block_shuffle,4,self_retention,0.9425465838509316,0.9362881104770313,0.006258473373900286
M1,block_shuffle,4,transition_entropy_norm,0.06976171697530971,0.07958217943794269,-0.009820462462632976
M1,block_shuffle,4,irreversibility,0.004658385093167704,0.007790249182877739,-0.0031318640897100352
M1,block_shuffle,4,metastability_slem,0.9983993125192123,0.8686855278458431,0.12971378467336925
M1,block_shuffle,4,phase_jump_count,20,24,-4
M1,block_shuffle,5,self_retention,0.9425465838509316,0.9347326880432156,0.007813895807715965
M1,block_shuffle,5,transition_entropy_norm,0.06976171697530971,0.08175049337729208,-0.01198877640198237
M1,block_shuffle,5,irreversibility,0.004658385093167704,0.006255845971140605,-0.0015974608779729012
M1,block_shuffle,5,metastability_slem,0.9983993125192123,0.8512880998730668,0.14711121264614557
M1,block_shuffle,5,phase_jump_count,20,10,10
M1,block_shuffle,6,self_retention,0.9425465838509316,0.9393963279419029,0.003150255909028732
M1,block_shuffle,6,transition_entropy_norm,0.06976171697530971,0.0749292203468233,-0.005167503371513588
M1,block_shuffle,6,irreversibility,0.004658385093167704,0.010856428203592186,-0.006198043110424482
M1,block_shuffle,6,metastability_slem,0.9983993125192123,0.9261806501153491,0.07221866240386321
M1,block_shuffle,6,phase_jump_count,20,15,5
M1,block_shuffle,7,self_retention,0.9425465838509316,0.9347326880432156,0.007813895807715965
M1,block_shuffle,7,transition_entropy_norm,0.06976171697530971,0.08175049337729208,-0.01198877640198237
M1,block_shuffle,7,irreversibility,0.004658385093167704,0.006255845971140605,-0.0015974608779729012
M1,block_shuffle,7,metastability_slem,0.9983993125192123,0.8512880998730668,0.14711121264614557
M1,block_shuffle,7,phase_jump_count,20,24,-4
M1,block_shuffle,8,self_retention,0.9425465838509316,0.9347326880432156,0.007813895807715965
M1,block_shuffle,8,transition_entropy_norm,0.06976171697530971,0.08175049337729208,-0.01198877640198237
M1,block_shuffle,8,irreversibility,0.004658385093167704,0.006255845971140605,-0.0015974608779729012
M1,block_shuffle,8,metastability_slem,0.9983993125192123,0.8512880998730668,0.14711121264614557
M1,block_shuffle,8,phase_jump_count,20,24,-4
M1,block_shuffle,9,self_retention,0.9425465838509316,0.9347326880432156,0.007813895807715965
M1,block_shuffle,9,transition_entropy_norm,0.06976171697530971,0.08175049337729208,-0.01198877640198237
M1,block_shuffle,9,irreversibility,0.004658385093167704,0.006255845971140605,-0.0015974608779729012
M1,block_shuffle,9,metastability_slem,0.9983993125192123,0.8512880998730668,0.14711121264614557
M1,block_shuffle,9,phase_jump_count,20,6,14
M1,block_shuffle,10,self_retention,0.9425465838509316,0.9347326880432156,0.007813895807715965
M1,block_shuffle,10,transition_entropy_norm,0.06976171697530971,0.08175049337729208,-0.01198877640198237
M1,block_shuffle,10,irreversibility,0.004658385093167704,0.006255845971140605,-0.0015974608779729012
M1,block_shuffle,10,metastability_slem,0.9983993125192123,0.8512880998730668,0.14711121264614557
M1,block_shuffle,10,phase_jump_count,20,24,-4
M1,block_shuffle,11,self_retention,0.9425465838509316,0.9347326880432156,0.007813895807715965
M1,block_shuffle,11,transition_entropy_norm,0.06976171697530971,0.08175049337729208,-0.01198877640198237
M1,block_shuffle,11,irreversibility,0.004658385093167704,0.006255845971140605,-0.0015974608779729012
M1,block_shuffle,11,metastability_slem,0.9983993125192123,0.8512880998730668,0.14711121264614557
M1,block_shuffle,11,phase_jump_count,20,9,11
M1,block_shuffle,12,self_retention,0.9425465838509316,0.9378409055080872,0.0047056783428444104
M1,block_shuffle,12,transition_entropy_norm,0.06976171697530971,0.07581302158226093,-0.006051304606951219
M1,block_shuffle,12,irreversibility,0.004658385093167704,0.0062584733739004285,-0.0016000882807327248
M1,block_shuffle,12,metastability_slem,0.9983993125192123,0.9261787714802392,0.07222054103897313
M1,block_shuffle,12,phase_jump_count,20,6,14
M1,block_shuffle,13,self_retention,0.9425465838509316,0.9347326880432156,0.007813895807715965
M1,block_shuffle,13,transition_entropy_norm,0.06976171697530971,0.08175049337729208,-0.01198877640198237
M1,block_shuffle,13,irreversibility,0.004658385093167704,0.006255845971140605,-0.0015974608779729012
M1,block_shuffle,13,metastability_slem,0.9983993125192123,0.8512880998730668,0.14711121264614557
M1,block_shuffle,13,phase_jump_count,20,7,13
M1,block_shuffle,14,self_retention,0.9425465838509316,0.9347326880432156,0.007813895807715965
M1,block_shuffle,14,transition_entropy_norm,0.06976171697530971,0.08175049337729208,-0.01198877640198237
M1,block_shuffle,14,irreversibility,0.004658385093167704,0.006255845971140605,-0.0015974608779729012
M1,block_shuffle,14,metastability_slem,0.9983993125192123,0.8512880998730668,0.14711121264614557
M1,block_shuffle,14,phase_jump_count,20,6,14
M1,block_shuffle,15,self_retention,0.9425465838509316,0.9347326880432156,0.007813895807715965
M1,block_shuffle,15,transition_entropy_norm,0.06976171697530971,0.08175049337729208,-0.01198877640198237
M1,block_shuffle,15,irreversibility,0.004658385093167704,0.006255845971140605,-0.0015974608779729012
M1,block_shuffle,15,metastability_slem,0.9983993125192123,0.8512880998730668,0.14711121264614557
M1,block_shuffle,15,phase_jump_count,20,17,3
M1,block_shuffle,16,self_retention,0.9425465838509316,0.9347326880432156,0.007813895807715965
M1,block_shuffle,16,transition_entropy_norm,0.06976171697530971,0.08175049337729208,-0.01198877640198237
M1,block_shuffle,16,irreversibility,0.004658385093167704,0.006255845971140605,-0.0015974608779729012
M1,block_shuffle,16,metastability_slem,0.9983993125192123,0.8512880998730668,0.14711121264614557
M1,block_shuffle,16,phase_jump_count,20,8,12
M1,block_shuffle,17,self_retention,0.9425465838509316,0.9425045454067744,4.20384441571775e-05
M1,block_shuffle,17,transition_entropy_norm,0.06976171697530971,0.07161356816564253,-0.0018518511903328205
M1,block_shuffle,17,irreversibility,0.004658385093167704,0.007784994377358092,-0.003126609284190388
M1,block_shuffle,17,metastability_slem,0.9983993125192123,0.9264036021992739,0.07199571031993846
M1,block_shuffle,17,phase_jump_count,20,21,-1
M1,block_shuffle,18,self_retention,0.9425465838509316,0.9347326880432156,0.007813895807715965
M1,block_shuffle,18,transition_entropy_norm,0.06976171697530971,0.08175049337729208,-0.01198877640198237
M1,block_shuffle,18,irreversibility,0.004658385093167704,0.006255845971140605,-0.0015974608779729012
M1,block_shuffle,18,metastability_slem,0.9983993125192123,0.8512880998730668,0.14711121264614557
M1,block_shuffle,18,phase_jump_count,20,6,14
M1,block_shuffle,19,self_retention,0.9425465838509316,0.9347326880432156,0.007813895807715965
M1,block_shuffle,19,transition_entropy_norm,0.06976171697530971,0.08175049337729208,-0.01198877640198237
M1,block_shuffle,19,irreversibility,0.004658385093167704,0.006255845971140605,-0.0015974608779729012
M1,block_shuffle,19,metastability_slem,0.9983993125192123,0.8512880998730668,0.14711121264614557
M1,block_shuffle,19,phase_jump_count,20,8,12
M1,block_shuffle,20,self_retention,0.9425465838509316,0.9347326880432156,0.007813895807715965
M1,block_shuffle,20,transition_entropy_norm,0.06976171697530971,0.08175049337729208,-0.01198877640198237
M1,block_shuffle,20,irreversibility,0.004658385093167704,0.006255845971140605,-0.0015974608779729012
M1,block_shuffle,20,metastability_slem,0.9983993125192123,0.8512880998730668,0.14711121264614557
M1,block_shuffle,20,phase_jump_count,20,24,-4
M1,block_shuffle,21,self_retention,0.9425465838509316,0.9349120082815734,0.007634575569358204
M1,block_shuffle,21,transition_entropy_norm,0.06976171697530971,0.08179006845952311,-0.012028351484213398
M1,block_shuffle,21,irreversibility,0.004658385093167704,0.00634057971014493,-0.001682194616977226
M1,block_shuffle,21,metastability_slem,0.9983993125192123,0.8512984011897344,0.1471009113294779
M1,block_shuffle,21,phase_jump_count,20,16,4
M1,block_shuffle,22,self_retention,0.9425465838509316,0.9347326880432156,0.007813895807715965
M1,block_shuffle,22,transition_entropy_norm,0.06976171697530971,0.08175049337729208,-0.01198877640198237
M1,block_shuffle,22,irreversibility,0.004658385093167704,0.006255845971140605,-0.0015974608779729012
M1,block_shuffle,22,metastability_slem,0.9983993125192123,0.8512880998730668,0.14711121264614557
M1,block_shuffle,22,phase_jump_count,20,24,-4
M1,block_shuffle,23,self_retention,0.9425465838509316,0.9347326880432156,0.007813895807715965
M1,block_shuffle,23,transition_entropy_norm,0.06976171697530971,0.08175049337729208,-0.01198877640198237
M1,block_shuffle,23,irreversibility,0.004658385093167704,0.006255845971140605,-0.0015974608779729012
M1,block_shuffle,23,metastability_slem,0.9983993125192123,0.8512880998730668,0.14711121264614557
M1,block_shuffle,23,phase_jump_count,20,21,-1
M1,block_shuffle,24,self_retention,0.9425465838509316,0.9347326880432156,0.007813895807715965
M1,block_shuffle,24,transition_entropy_norm,0.06976171697530971,0.08175049337729208,-0.01198877640198237
M1,block_shuffle,24,irreversibility,0.004658385093167704,0.006255845971140605,-0.0015974608779729012
M1,block_shuffle,24,metastability_slem,0.9983993125192123,0.8512880998730668,0.14711121264614557
M1,block_shuffle,24,phase_jump_count,20,24,-4
M1,block_shuffle,25,self_retention,0.9425465838509316,0.9362881104770313,0.006258473373900286
M1,block_shuffle,25,transition_entropy_norm,0.06976171697530971,0.07714976743020038,-0.007388050454890674
M1,block_shuffle,25,irreversibility,0.004658385093167704,0.007811268404956329,-0.003152883311788625
M1,block_shuffle,25,metastability_slem,0.9983993125192123,0.8528501735781052,0.1455491389411071
M1,block_shuffle,25,phase_jump_count,20,6,14
M1,block_shuffle,26,self_retention,0.9425465838509316,0.9362159579550883,0.006330625895843323
M1,block_shuffle,26,transition_entropy_norm,0.06976171697530971,0.08044756382194009,-0.010685846846630376
M1,block_shuffle,26,irreversibility,0.004658385093167704,0.004777830864787386,-0.00011944577161968235
M1,block_shuffle,26,metastability_slem,0.9983993125192123,0.9190194593240106,0.07937985319520169
M1,block_shuffle,26,phase_jump_count,20,8,12
M1,block_shuffle,27,self_retention,0.9425465838509316,0.9362881104770313,0.006258473373900286
M1,block_shuffle,27,transition_entropy_norm,0.06976171697530971,0.08017058290856928,-0.01040886593325957
M1,block_shuffle,27,irreversibility,0.004658385093167704,0.0077534655442402095,-0.003095080451072506
M1,block_shuffle,27,metastability_slem,0.9983993125192123,0.8507076824501294,0.14769163006908292
M1,block_shuffle,27,phase_jump_count,20,15,5
M1,block_shuffle,28,self_retention,0.9425465838509316,0.9347326880432156,0.007813895807715965
M1,block_shuffle,28,transition_entropy_norm,0.06976171697530971,0.08175049337729208,-0.01198877640198237
M1,block_shuffle,28,irreversibility,0.004658385093167704,0.006255845971140605,-0.0015974608779729012
M1,block_shuffle,28,metastability_slem,0.9983993125192123,0.8512880998730668,0.14711121264614557
M1,block_shuffle,28,phase_jump_count,20,8,12
M1,block_shuffle,29,self_retention,0.9425465838509316,0.937843532910847,0.004703050940084608
M1,block_shuffle,29,transition_entropy_norm,0.06976171697530971,0.07713125470989163,-0.0073695377345819185
M1,block_shuffle,29,irreversibility,0.004658385093167704,0.012446006873285616,-0.007787621780117913
M1,block_shuffle,29,metastability_slem,0.9983993125192123,0.8683340982003448,0.13006521431886753
M1,block_shuffle,29,phase_jump_count,20,10,10
M1,reverse,0,self_retention,0.9425465838509316,0.9425045454067744,4.20384441571775e-05
M1,reverse,0,transition_entropy_norm,0.06976171697530971,0.0674867637013768,0.0022749532739329142
M1,reverse,0,irreversibility,0.004658385093167704,0.00470042353732488,-4.2038444157176634e-05
M1,reverse,0,metastability_slem,0.9983993125192123,0.9285714285714286,0.06982788394778372
M1,reverse,0,phase_jump_count,20,20,0
M2,shuffle,0,self_retention,0.818163013139459,0.8078164071952891,0.010346605944169918
M2,shuffle,0,transition_entropy_norm,0.14550557182439333,0.15409915243387326,-0.008593580609479928
M2,shuffle,0,irreversibility,0.0017127632580563154,0.00036299104622083966,0.0013497722118354758
M2,shuffle,0,metastability_slem,0.5,0.13020377804382188,0.3697962219561781
M2,shuffle,0,phase_jump_count,23,0,23
M2,shuffle,1,self_retention,0.818163013139459,0.7777544873845746,0.040408525754884406
M2,shuffle,1,transition_entropy_norm,0.14550557182439333,0.1562307350099429,-0.010725163185549558
M2,shuffle,1,irreversibility,0.0017127632580563154,0.004848692121840618,-0.003135928863784303
M2,shuffle,1,metastability_slem,0.5,0.03757459826719403,0.462425401732806
M2,shuffle,1,phase_jump_count,23,3,20
M2,shuffle,2,self_retention,0.818163013139459,0.7824156305506217,0.03574738258883736
M2,shuffle,2,transition_entropy_norm,0.14550557182439333,0.1566820335946172,-0.011176461770223856
M2,shuffle,2,irreversibility,0.0017127632580563154,0.0001930651015522424,0.001519698156504073
M2,shuffle,2,metastability_slem,0.5,0.02336413791284475,0.47663586208715525
M2,shuffle,2,phase_jump_count,23,0,23
M2,shuffle,3,self_retention,0.818163013139459,0.7812373961442284,0.03692561699523067
M2,shuffle,3,transition_entropy_norm,0.14550557182439333,0.15543366980573545,-0.009928097981342116
M2,shuffle,3,irreversibility,0.0017127632580563154,0.0013712995079454837,0.0003414637501108317
M2,shuffle,3,metastability_slem,0.5,0.024292428919464065,0.47570757108053596
M2,shuffle,3,phase_jump_count,23,5,18
M2,shuffle,4,self_retention,0.818163013139459,0.7886323268206039,0.029530686318855137
M2,shuffle,4,transition_entropy_norm,0.14550557182439333,0.15644046719984334,-0.010934895375450004
M2,shuffle,4,irreversibility,0.0017127632580563154,0.00018754895579360404,0.0015252143022627114
M2,shuffle,4,metastability_slem,0.5,0.04516516365042596,0.45483483634957406
M2,shuffle,4,phase_jump_count,23,0,23
M2,shuffle,5,self_retention,0.818163013139459,0.7746461392495836,0.04351687388987546
M2,shuffle,5,transition_entropy_norm,0.14550557182439333,0.1560546093999561,-0.010549037575562775
M2,shuffle,5,irreversibility,0.0017127632580563154,0.004851450194719937,-0.003138686936663622
M2,shuffle,5,metastability_slem,0.5,0.03817583001531826,0.46182416998468173
M2,shuffle,5,phase_jump_count,23,7,16
M2,shuffle,6,self_retention,0.818163013139459,0.7793072824156305,0.03885573072382853
M2,shuffle,6,transition_entropy_norm,0.14550557182439333,0.15668214491614516,-0.011176573091751824
M2,shuffle,6,irreversibility,0.0017127632580563154,0.00019582317443154768,0.0015169400836247677
M2,shuffle,6,metastability_slem,0.5,0.02630675593837971,0.4736932440616203
M2,shuffle,6,phase_jump_count,23,0,23
M2,shuffle,7,self_retention,0.818163013139459,0.7886323268206039,0.029530686318855137
M2,shuffle,7,transition_entropy_norm,0.14550557182439333,0.15644046719984334,-0.010934895375450004
M2,shuffle,7,irreversibility,0.0017127632580563154,0.00018754895579360404,0.0015252143022627114
M2,shuffle,7,metastability_slem,0.5,0.04516516365042596,0.45483483634957406
M2,shuffle,7,phase_jump_count,23,1,22
M2,shuffle,8,self_retention,0.818163013139459,0.7746461392495836,0.04351687388987546
M2,shuffle,8,transition_entropy_norm,0.14550557182439333,0.15519262162394312,-0.00968704979954979
M2,shuffle,8,irreversibility,0.0017127632580563154,0.0013652460752622943,0.0003475171827940211
M2,shuffle,8,metastability_slem,0.5,0.04519648814201923,0.4548035118579808
M2,shuffle,8,phase_jump_count,23,0,23
M2,shuffle,9,self_retention,0.818163013139459,0.7855239786856127,0.032639034453846305
M2,shuffle,9,transition_entropy_norm,0.14550557182439333,0.15659966273424794,-0.01109409090985461
M2,shuffle,9,irreversibility,0.0017127632580563154,0.0001903070286729232,0.0015224562293833922
M2,shuffle,9,metastability_slem,0.5,0.03344645722631086,0.46655354277368916
M2,shuffle,9,phase_jump_count,23,2,21
M2,shuffle,10,self_retention,0.818163013139459,0.7824156305506217,0.03574738258883736
M2,shuffle,10,transition_entropy_norm,0.14550557182439333,0.1566820335946172,-0.011176461770223856
M2,shuffle,10,irreversibility,0.0017127632580563154,0.0001930651015522424,0.001519698156504073
M2,shuffle,10,metastability_slem,0.5,0.02336413791284475,0.47663586208715525
M2,shuffle,10,phase_jump_count,23,0,23
M2,shuffle,11,self_retention,0.818163013139459,0.7746461392495836,0.04351687388987546
M2,shuffle,11,transition_entropy_norm,0.14550557182439333,0.15519262162394312,-0.00968704979954979
M2,shuffle,11,irreversibility,0.0017127632580563154,0.0013652460752622943,0.0003475171827940211
M2,shuffle,11,metastability_slem,0.5,0.04519648814201923,0.4548035118579808
M2,shuffle,11,phase_jump_count,23,11,12
M2,shuffle,12,self_retention,0.818163013139459,0.7855239786856127,0.032639034453846305
M2,shuffle,12,transition_entropy_norm,0.14550557182439333,0.15659966273424794,-0.01109409090985461
M2,shuffle,12,irreversibility,0.0017127632580563154,0.0001903070286729232,0.0015224562293833922
M2,shuffle,12,metastability_slem,0.5,0.03344645722631086,0.46655354277368916
M2,shuffle,12,phase_jump_count,23,1,22
M2,shuffle,13,self_retention,0.818163013139459,0.7917406749555951,0.02642233818386397
M2,shuffle,13,transition_entropy_norm,0.14550557182439333,0.15620891872968215,-0.010703346905288819
M2,shuffle,13,irreversibility,0.0017127632580563154,0.000184790882914271,0.0015279723751420444
M2,shuffle,13,metastability_slem,0.5,0.05788895874653285,0.4421110412534672
M2,shuffle,13,phase_jump_count,23,2,21
M2,shuffle,14,self_retention,0.818163013139459,0.7684294429796013,0.0497335701598578
M2,shuffle,14,transition_entropy_norm,0.14550557182439333,0.15536175684836012,-0.00985618502396679
M2,shuffle,14,irreversibility,0.0017127632580563154,0.004856966340478548,-0.0031442030824222326
M2,shuffle,14,metastability_slem,0.5,0.03935074487469554,0.46064925512530447
M2,shuffle,14,phase_jump_count,23,1,22
M2,shuffle,15,self_retention,0.818163013139459,0.7870795317895479,0.031083481349911124
M2,shuffle,15,transition_entropy_norm,0.14550557182439333,0.15620996604082796,-0.010704394216434626
M2,shuffle,15,irreversibility,0.0017127632580563154,0.004481868428891372,-0.0027691051708350566
M2,shuffle,15,metastability_slem,0.5,0.035710219093260456,0.46428978090673956
M2,shuffle,15,phase_jump_count,23,1,22
M2,shuffle,16,self_retention,0.818163013139459,0.7839711836545569,0.03419182948490218
M2,shuffle,16,transition_entropy_norm,0.14550557182439333,0.15629870135194776,-0.01079312952755443
M2,shuffle,16,irreversibility,0.0017127632580563154,0.004843175976081994,-0.0031304127180256784
M2,shuffle,16,metastability_slem,0.5,0.03634230744058661,0.46365769255941336
M2,shuffle,16,phase_jump_count,23,0,23
M2,shuffle,17,self_retention,0.818163013139459,0.7715377911145924,0.04662522202486663
M2,shuffle,17,transition_entropy_norm,0.14550557182439333,0.15577419837627113,-0.010268626551877796
M2,shuffle,17,irreversibility,0.0017127632580563154,0.00446807806449479,-0.0027553148064384746
M2,shuffle,17,metastability_slem,0.5,0.038767738646662456,0.46123226135333756
M2,shuffle,17,phase_jump_count,23,5,18
M2,shuffle,18,self_retention,0.818163013139459,0.7824156305506217,0.03574738258883736
M2,shuffle,18,transition_entropy_norm,0.14550557182439333,0.1566820335946172,-0.011176461770223856
M2,shuffle,18,irreversibility,0.0017127632580563154,0.0001930651015522424,0.001519698156504073
M2,shuffle,18,metastability_slem,0.5,0.02336413791284475,0.47663586208715525
M2,shuffle,18,phase_jump_count,23,3,20
M2,shuffle,19,self_retention,0.818163013139459,0.7746461392495836,0.04351687388987546
M2,shuffle,19,transition_entropy_norm,0.14550557182439333,0.15605890406385345,-0.010553332239460117
M2,shuffle,19,irreversibility,0.0017127632580563154,0.004470836137374095,-0.00275807287931778
M2,shuffle,19,metastability_slem,0.5,0.038175830015318275,0.46182416998468173
M2,shuffle,19,phase_jump_count,23,0,23
M2,shuffle,20,self_retention,0.818163013139459,0.7843631523755746,0.033799860763884415
M2,shuffle,20,transition_entropy_norm,0.14550557182439333,0.15632988547986362,-0.010824313655470291
M2,shuffle,20,irreversibility,0.0017127632580563154,0.004900379123981596,-0.0031876158659252802
M2,shuffle,20,metastability_slem,0.5,0.03654509390787468,0.4634549060921253
M2,shuffle,20,phase_jump_count,23,0,23
M2,shuffle,21,self_retention,0.818163013139459,0.7730905861456484,0.045072426993810644
M2,shuffle,21,transition_entropy_norm,0.14550557182439333,0.1564069506349105,-0.01090137881051717
M2,shuffle,21,irreversibility,0.0017127632580563154,0.0002013393201901999,0.0015114239378661155
M2,shuffle,21,metastability_slem,0.5,0.04673978043758758,0.4532602195624124
M2,shuffle,21,phase_jump_count,23,1,22
M2,shuffle,22,self_retention,0.818163013139459,0.7793072824156305,0.03885573072382853
M2,shuffle,22,transition_entropy_norm,0.14550557182439333,0.15668214491614516,-0.011176573091751824
M2,shuffle,22,irreversibility,0.0017127632580563154,0.00019582317443154768,0.0015169400836247677
M2,shuffle,22,metastability_slem,0.5,0.02630675593837971,0.4736932440616203
M2,shuffle,22,phase_jump_count,23,4,19
M2,shuffle,23,self_retention,0.818163013139459,0.7777544873845746,0.040408525754884406
M2,shuffle,23,transition_entropy_norm,0.14550557182439333,0.15623501381715543,-0.010729441992762101
M2,shuffle,23,irreversibility,0.0017127632580563154,0.004473594210253428,-0.002760830952197113
M2,shuffle,23,metastability_slem,0.5,0.03757459826719404,0.46242540173280594
M2,shuffle,23,phase_jump_count,23,8,15
M2,shuffle,24,self_retention,0.818163013139459,0.7793072824156305,0.03885573072382853
M2,shuffle,24,transition_entropy_norm,0.14550557182439333,0.15668214491614516,-0.011176573091751824
M2,shuffle,24,irreversibility,0.0017127632580563154,0.00019582317443154768,0.0015169400836247677
M2,shuffle,24,metastability_slem,0.5,0.02630675593837971,0.4736932440616203
M2,shuffle,24,phase_jump_count,23,1,22
M2,shuffle,25,self_retention,0.818163013139459,0.7730905861456484,0.045072426993810644
M2,shuffle,25,transition_entropy_norm,0.14550557182439333,0.1564069506349105,-0.01090137881051717
M2,shuffle,25,irreversibility,0.0017127632580563154,0.0002013393201901999,0.0015114239378661155
M2,shuffle,25,metastability_slem,0.5,0.04673978043758758,0.4532602195624124
M2,shuffle,25,phase_jump_count,23,0,23
M2,shuffle,26,self_retention,0.818163013139459,0.7917406749555951,0.02642233818386397
M2,shuffle,26,transition_entropy_norm,0.14550557182439333,0.15620891872968215,-0.010703346905288819
M2,shuffle,26,irreversibility,0.0017127632580563154,0.000184790882914271,0.0015279723751420444
M2,shuffle,26,metastability_slem,0.5,0.05788895874653285,0.4421110412534672
M2,shuffle,26,phase_jump_count,23,4,19
M2,shuffle,27,self_retention,0.818163013139459,0.7824156305506217,0.03574738258883736
M2,shuffle,27,transition_entropy_norm,0.14550557182439333,0.1566820335946172,-0.011176461770223856
M2,shuffle,27,irreversibility,0.0017127632580563154,0.0001930651015522424,0.001519698156504073
M2,shuffle,27,metastability_slem,0.5,0.02336413791284475,0.47663586208715525
M2,shuffle,27,phase_jump_count,23,6,17
M2,shuffle,28,self_retention,0.818163013139459,0.7855239786856127,0.032639034453846305
M2,shuffle,28,transition_entropy_norm,0.14550557182439333,0.15659966273424794,-0.01109409090985461
M2,shuffle,28,irreversibility,0.0017127632580563154,0.0001903070286729232,0.0015224562293833922
M2,shuffle,28,metastability_slem,0.5,0.03344645722631086,0.46655354277368916
M2,shuffle,28,phase_jump_count,23,5,18
M2,shuffle,29,self_retention,0.818163013139459,0.7793072824156305,0.03885573072382853
M2,shuffle,29,transition_entropy_norm,0.14550557182439333,0.15668214491614516,-0.011176573091751824
M2,shuffle,29,irreversibility,0.0017127632580563154,0.00019582317443154768,0.0015169400836247677
M2,shuffle,29,metastability_slem,0.5,0.02630675593837971,0.4736932440616203
M2,shuffle,29,phase_jump_count,23,1,22
M2,block_shuffle,0,self_retention,0.818163013139459,0.818163013139459,0.0
M2,block_shuffle,0,transition_entropy_norm,0.14550557182439333,0.14866237733103152,-0.0031568055066381884
M2,block_shuffle,0,irreversibility,0.0017127632580563154,0.0048183533201681195,-0.003105590062111804
M2,block_shuffle,0,metastability_slem,0.5,0.49614663601253045,0.003853363987469549
M2,block_shuffle,0,phase_jump_count,23,24,-1
M2,block_shuffle,1,self_retention,0.818163013139459,0.8166074600355239,0.001555553103935181
M2,block_shuffle,1,transition_entropy_norm,0.14550557182439333,0.1500275296697642,-0.0045219578453708775
M2,block_shuffle,1,irreversibility,0.0017127632580563154,0.00016272629987973278,0.0015500369581765826
M2,block_shuffle,1,metastability_slem,0.5,0.498753629798934,0.0012463702010659938
M2,block_shuffle,1,phase_jump_count,23,5,18
M2,block_shuffle,2,self_retention,0.818163013139459,0.8166074600355239,0.001555553103935181
M2,block_shuffle,2,transition_entropy_norm,0.14550557182439333,0.1500275296697642,-0.0045219578453708775
M2,block_shuffle,2,irreversibility,0.0017127632580563154,0.00016272629987973278,0.0015500369581765826
M2,block_shuffle,2,metastability_slem,0.5,0.498753629798934,0.0012463702010659938
M2,block_shuffle,2,phase_jump_count,23,3,20
M2,block_shuffle,3,self_retention,0.818163013139459,0.8134991119005328,0.004663901238926238
M2,block_shuffle,3,transition_entropy_norm,0.14550557182439333,0.15068846570947045,-0.005182893885077117
M2,block_shuffle,3,irreversibility,0.0017127632580563154,0.00016548437275906583,0.0015472788852972496
M2,block_shuffle,3,metastability_slem,0.5,0.49874092752438576,0.0012590724756142424
M2,block_shuffle,3,phase_jump_count,23,1,22
M2,block_shuffle,4,self_retention,0.818163013139459,0.819715808170515,-0.0015527950310559868
M2,block_shuffle,4,transition_entropy_norm,0.14550557182439333,0.14931252583821947,-0.003806954013826136
M2,block_shuffle,4,irreversibility,0.0017127632580563154,0.00015996822700042749,0.001552795031055888
M2,block_shuffle,4,metastability_slem,0.5,0.49876745031968434,0.0012325496803156644
M2,block_shuffle,4,phase_jump_count,23,2,21
M2,block_shuffle,5,self_retention,0.818163013139459,0.8134991119005328,0.004663901238926238
M2,block_shuffle,5,transition_entropy_norm,0.14550557182439333,0.15068846570947045,-0.005182893885077117
M2,block_shuffle,5,irreversibility,0.0017127632580563154,0.00016548437275906583,0.0015472788852972496
M2,block_shuffle,5,metastability_slem,0.5,0.49874092752438576,0.0012590724756142424
M2,block_shuffle,5,phase_jump_count,23,1,22
M2,block_shuffle,6,self_retention,0.818163013139459,0.8134991119005328,0.004663901238926238
M2,block_shuffle,6,transition_entropy_norm,0.14550557182439333,0.15068846570947045,-0.005182893885077117
M2,block_shuffle,6,irreversibility,0.0017127632580563154,0.00016548437275906583,0.0015472788852972496
M2,block_shuffle,6,metastability_slem,0.5,0.49874092752438576,0.0012590724756142424
M2,block_shuffle,6,phase_jump_count,23,2,21
M2,block_shuffle,7,self_retention,0.818163013139459,0.8166074600355239,0.001555553103935181
M2,block_shuffle,7,transition_entropy_norm,0.14550557182439333,0.1500275296697642,-0.0045219578453708775
M2,block_shuffle,7,irreversibility,0.0017127632580563154,0.00016272629987973278,0.0015500369581765826
M2,block_shuffle,7,metastability_slem,0.5,0.498753629798934,0.0012463702010659938
M2,block_shuffle,7,phase_jump_count,23,1,22
M2,block_shuffle,8,self_retention,0.818163013139459,0.8134991119005328,0.004663901238926238
M2,block_shuffle,8,transition_entropy_norm,0.14550557182439333,0.15068846570947045,-0.005182893885077117
M2,block_shuffle,8,irreversibility,0.0017127632580563154,0.00016548437275906583,0.0015472788852972496
M2,block_shuffle,8,metastability_slem,0.5,0.49874092752438576,0.0012590724756142424
M2,block_shuffle,8,phase_jump_count,23,1,22
M2,block_shuffle,9,self_retention,0.818163013139459,0.815054665004468,0.003108348134991057
M2,block_shuffle,9,transition_entropy_norm,0.14550557182439333,0.1493353299475412,-0.0038297581231478695
M2,block_shuffle,9,irreversibility,0.0017127632580563154,0.0048211113930474525,-0.003108348134991137
M2,block_shuffle,9,metastability_slem,0.5,0.49624130579856723,0.0037586942014327662
M2,block_shuffle,9,phase_jump_count,23,1,22
M2,block_shuffle,10,self_retention,0.818163013139459,0.8140477534887471,0.004115259650711911
M2,block_shuffle,10,transition_entropy_norm,0.14550557182439333,0.15071455240233084,-0.005208980577937505
M2,block_shuffle,10,irreversibility,0.0017127632580563154,0.0003831572154553431,0.0013296060426009723
M2,block_shuffle,10,metastability_slem,0.5,0.49874707554556036,0.0012529244544396412
M2,block_shuffle,10,phase_jump_count,23,0,23
M2,block_shuffle,11,self_retention,0.818163013139459,0.8134991119005328,0.004663901238926238
M2,block_shuffle,11,transition_entropy_norm,0.14550557182439333,0.15068846570947045,-0.005182893885077117
M2,block_shuffle,11,irreversibility,0.0017127632580563154,0.00016548437275906583,0.0015472788852972496
M2,block_shuffle,11,metastability_slem,0.5,0.49874092752438576,0.0012590724756142424
M2,block_shuffle,11,phase_jump_count,23,2,21
M2,block_shuffle,12,self_retention,0.818163013139459,0.815054665004468,0.003108348134991057
M2,block_shuffle,12,transition_entropy_norm,0.14550557182439333,0.1493353299475412,-0.0038297581231478695
M2,block_shuffle,12,irreversibility,0.0017127632580563154,0.0048211113930474525,-0.003108348134991137
M2,block_shuffle,12,metastability_slem,0.5,0.49624130579856723,0.0037586942014327662
M2,block_shuffle,12,phase_jump_count,23,2,21
M2,block_shuffle,13,self_retention,0.818163013139459,0.8134991119005328,0.004663901238926238
M2,block_shuffle,13,transition_entropy_norm,0.14550557182439333,0.15068846570947045,-0.005182893885077117
M2,block_shuffle,13,irreversibility,0.0017127632580563154,0.00016548437275906583,0.0015472788852972496
M2,block_shuffle,13,metastability_slem,0.5,0.49874092752438576,0.0012590724756142424
M2,block_shuffle,13,phase_jump_count,23,2,21
M2,block_shuffle,14,self_retention,0.818163013139459,0.8134991119005328,0.004663901238926238
M2,block_shuffle,14,transition_entropy_norm,0.14550557182439333,0.15068846570947045,-0.005182893885077117
M2,block_shuffle,14,irreversibility,0.0017127632580563154,0.00016548437275906583,0.0015472788852972496
M2,block_shuffle,14,metastability_slem,0.5,0.49874092752438576,0.0012590724756142424
M2,block_shuffle,14,phase_jump_count,23,3,20
M2,block_shuffle,15,self_retention,0.818163013139459,0.8134991119005328,0.004663901238926238
M2,block_shuffle,15,transition_entropy_norm,0.14550557182439333,0.15068846570947045,-0.005182893885077117
M2,block_shuffle,15,irreversibility,0.0017127632580563154,0.00016548437275906583,0.0015472788852972496
M2,block_shuffle,15,metastability_slem,0.5,0.49874092752438576,0.0012590724756142424
M2,block_shuffle,15,phase_jump_count,23,0,23
M2,block_shuffle,16,self_retention,0.818163013139459,0.8134991119005328,0.004663901238926238
M2,block_shuffle,16,transition_entropy_norm,0.14550557182439333,0.15068846570947045,-0.005182893885077117
M2,block_shuffle,16,irreversibility,0.0017127632580563154,0.00016548437275906583,0.0015472788852972496
M2,block_shuffle,16,metastability_slem,0.5,0.49874092752438576,0.0012590724756142424
M2,block_shuffle,16,phase_jump_count,23,4,19
M2,block_shuffle,17,self_retention,0.818163013139459,0.8140477534887471,0.004115259650711911
M2,block_shuffle,17,transition_entropy_norm,0.14550557182439333,0.15071455240233084,-0.005208980577937505
M2,block_shuffle,17,irreversibility,0.0017127632580563154,0.0003831572154553431,0.0013296060426009723
M2,block_shuffle,17,metastability_slem,0.5,0.49874707554556036,0.0012529244544396412
M2,block_shuffle,17,phase_jump_count,23,0,23
M2,block_shuffle,18,self_retention,0.818163013139459,0.8134991119005328,0.004663901238926238
M2,block_shuffle,18,transition_entropy_norm,0.14550557182439333,0.15068846570947045,-0.005182893885077117
M2,block_shuffle,18,irreversibility,0.0017127632580563154,0.00016548437275906583,0.0015472788852972496
M2,block_shuffle,18,metastability_slem,0.5,0.49874092752438576,0.0012590724756142424
M2,block_shuffle,18,phase_jump_count,23,2,21
M2,block_shuffle,19,self_retention,0.818163013139459,0.815054665004468,0.003108348134991057
M2,block_shuffle,19,transition_entropy_norm,0.14550557182439333,0.14934095619979326,-0.0038353843753999306
M2,block_shuffle,19,irreversibility,0.0017127632580563154,0.0013955848769348065,0.0003171783811215089
M2,block_shuffle,19,metastability_slem,0.5,0.49873469257086633,0.0012653074291336663
M2,block_shuffle,19,phase_jump_count,23,5,18
M2,block_shuffle,20,self_retention,0.818163013139459,0.8134991119005328,0.004663901238926238
M2,block_shuffle,20,transition_entropy_norm,0.14550557182439333,0.15068846570947045,-0.005182893885077117
M2,block_shuffle,20,irreversibility,0.0017127632580563154,0.00016548437275906583,0.0015472788852972496
M2,block_shuffle,20,metastability_slem,0.5,0.49874092752438576,0.0012590724756142424
M2,block_shuffle,20,phase_jump_count,23,5,18
M2,block_shuffle,21,self_retention,0.818163013139459,0.8166074600355239,0.001555553103935181
M2,block_shuffle,21,transition_entropy_norm,0.14550557182439333,0.1500275296697642,-0.0045219578453708775
M2,block_shuffle,21,irreversibility,0.0017127632580563154,0.00016272629987973278,0.0015500369581765826
M2,block_shuffle,21,metastability_slem,0.5,0.498753629798934,0.0012463702010659938
M2,block_shuffle,21,phase_jump_count,23,0,23
M2,block_shuffle,22,self_retention,0.818163013139459,0.8134991119005328,0.004663901238926238
M2,block_shuffle,22,transition_entropy_norm,0.14550557182439333,0.15068846570947045,-0.005182893885077117
M2,block_shuffle,22,irreversibility,0.0017127632580563154,0.00016548437275906583,0.0015472788852972496
M2,block_shuffle,22,metastability_slem,0.5,0.49874092752438576,0.0012590724756142424
M2,block_shuffle,22,phase_jump_count,23,0,23
M2,block_shuffle,23,self_retention,0.818163013139459,0.8166074600355239,0.001555553103935181
M2,block_shuffle,23,transition_entropy_norm,0.14550557182439333,0.1500275296697642,-0.0045219578453708775
M2,block_shuffle,23,irreversibility,0.0017127632580563154,0.00016272629987973278,0.0015500369581765826
M2,block_shuffle,23,metastability_slem,0.5,0.498753629798934,0.0012463702010659938
M2,block_shuffle,23,phase_jump_count,23,1,22
M2,block_shuffle,24,self_retention,0.818163013139459,0.8166074600355239,0.001555553103935181
M2,block_shuffle,24,transition_entropy_norm,0.14550557182439333,0.1500275296697642,-0.0045219578453708775
M2,block_shuffle,24,irreversibility,0.0017127632580563154,0.00016272629987973278,0.0015500369581765826
M2,block_shuffle,24,metastability_slem,0.5,0.498753629798934,0.0012463702010659938
M2,block_shuffle,24,phase_jump_count,23,0,23
M2,block_shuffle,25,self_retention,0.818163013139459,0.8134991119005328,0.004663901238926238
M2,block_shuffle,25,transition_entropy_norm,0.14550557182439333,0.15068846570947045,-0.005182893885077117
M2,block_shuffle,25,irreversibility,0.0017127632580563154,0.00016548437275906583,0.0015472788852972496
M2,block_shuffle,25,metastability_slem,0.5,0.49874092752438576,0.0012590724756142424
M2,block_shuffle,25,phase_jump_count,23,6,17
M2,block_shuffle,26,self_retention,0.818163013139459,0.818163013139459,0.0
M2,block_shuffle,26,transition_entropy_norm,0.14550557182439333,0.14550557182439333,0.0
M2,block_shuffle,26,irreversibility,0.0017127632580563154,0.0017127632580563154,0.0
M2,block_shuffle,26,metastability_slem,0.5,0.5,0.0
M2,block_shuffle,26,phase_jump_count,23,5,18
M2,block_shuffle,27,self_retention,0.818163013139459,0.8171735097200935,0.000989503419365545
M2,block_shuffle,27,transition_entropy_norm,0.14550557182439333,0.1500527677991766,-0.004547195974783258
M2,block_shuffle,27,irreversibility,0.0017127632580563154,0.00040332338468983264,0.0013094398733664828
M2,block_shuffle,27,metastability_slem,0.5,0.4987603164307203,0.001239683569279726
M2,block_shuffle,27,phase_jump_count,23,1,22
M2,block_shuffle,28,self_retention,0.818163013139459,0.8134991119005328,0.004663901238926238
M2,block_shuffle,28,transition_entropy_norm,0.14550557182439333,0.15068846570947045,-0.005182893885077117
M2,block_shuffle,28,irreversibility,0.0017127632580563154,0.00016548437275906583,0.0015472788852972496
M2,block_shuffle,28,metastability_slem,0.5,0.49874092752438576,0.0012590724756142424
M2,block_shuffle,28,phase_jump_count,23,0,23
M2,block_shuffle,29,self_retention,0.818163013139459,0.8134991119005328,0.004663901238926238
M2,block_shuffle,29,transition_entropy_norm,0.14550557182439333,0.15068846570947045,-0.005182893885077117
M2,block_shuffle,29,irreversibility,0.0017127632580563154,0.00016548437275906583,0.0015472788852972496
M2,block_shuffle,29,metastability_slem,0.5,0.49874092752438576,0.0012590724756142424
M2,block_shuffle,29,phase_jump_count,23,2,21
M2,reverse,0,self_retention,0.818163013139459,0.8183229813664595,-0.0001599682270004843
M2,reverse,0,transition_entropy_norm,0.14550557182439333,0.1490150863366961,-0.003509514512302775
M2,reverse,0,irreversibility,0.0017127632580563154,0.0015527950310559144,0.00015996822700040103
M2,reverse,0,metastability_slem,0.5,0.9984427646511997,-0.49844276465119974
M2,reverse,0,phase_jump_count,23,24,-1
A1,shuffle,0,self_retention,0.8361204013377926,0.45084177835894085,0.3852786229788518
A1,shuffle,0,transition_entropy_norm,0.20278456794676714,0.36613891645892205,-0.1633543485121549
A1,shuffle,0,irreversibility,0.007166746297181093,0.01319875776397518,-0.006032011466794087
A1,shuffle,0,metastability_slem,0.7704092071170356,0.06894640840589802,0.7014627987111376
A1,shuffle,0,phase_jump_count,6,2,4
A1,shuffle,1,self_retention,0.8361204013377926,0.45431247790738777,0.38180792343040487
A1,shuffle,1,transition_entropy_norm,0.20278456794676714,0.36678383411168103,-0.1639992661649139
A1,shuffle,1,irreversibility,0.007166746297181093,0.004212324731942975,0.002954421565238118
A1,shuffle,1,metastability_slem,0.7704092071170356,0.05724751883491228,0.7131616882821233
A1,shuffle,1,phase_jump_count,6,4,2
A1,shuffle,2,self_retention,0.8361204013377926,0.41853086232725684,0.4175895390105358
A1,shuffle,2,transition_entropy_norm,0.20278456794676714,0.36424915094490584,-0.1614645829981387
A1,shuffle,2,irreversibility,0.007166746297181093,0.005723038596845595,0.0014437077003354977
A1,shuffle,2,metastability_slem,0.7704092071170356,0.10184282870018177,0.6685663784168538
A1,shuffle,2,phase_jump_count,6,2,4
A1,shuffle,3,self_retention,0.8361204013377926,0.47574098289201266,0.36037941844578
A1,shuffle,3,transition_entropy_norm,0.20278456794676714,0.3670308830929792,-0.16424631514621207
A1,shuffle,3,irreversibility,0.007166746297181093,0.011686825760052323,-0.00452007946287123
A1,shuffle,3,metastability_slem,0.7704092071170356,0.03551395554179553,0.7348952515752402
A1,shuffle,3,phase_jump_count,6,7,-1
A1,shuffle,4,self_retention,0.8361204013377926,0.41387247723408915,0.4222479241037035
A1,shuffle,4,transition_entropy_norm,0.20278456794676714,0.36277498742124137,-0.15999041947447423
A1,shuffle,4,irreversibility,0.007166746297181093,0.032137386591257186,-0.024970640294076092
A1,shuffle,4,metastability_slem,0.7704092071170356,0.10971669529100615,0.6606925118260295
A1,shuffle,4,phase_jump_count,6,5,1
A1,shuffle,5,self_retention,0.8361204013377926,0.46018579056336495,0.3759346107744277
A1,shuffle,5,transition_entropy_norm,0.20278456794676714,0.36693931792577045,-0.1641547499790033
A1,shuffle,5,irreversibility,0.007166746297181093,0.014778794813119753,-0.0076120485159386604
A1,shuffle,5,metastability_slem,0.7704092071170356,0.03686373797928768,0.733545469137748
A1,shuffle,5,phase_jump_count,6,2,4
A1,shuffle,6,self_retention,0.8361204013377926,0.4434134558736892,0.39270694546410345
A1,shuffle,6,transition_entropy_norm,0.20278456794676714,0.3648468357338503,-0.16206226778708316
A1,shuffle,6,irreversibility,0.007166746297181093,0.043987442980019845,-0.03682069668283875
A1,shuffle,6,metastability_slem,0.7704092071170356,0.05550481882010924,0.7149043882969264
A1,shuffle,6,phase_jump_count,6,1,5
A1,shuffle,7,self_retention,0.8361204013377926,0.4695366132723112,0.3665837880654814
A1,shuffle,7,transition_entropy_norm,0.20278456794676714,0.3655283016069527,-0.16274373366018557
A1,shuffle,7,irreversibility,0.007166746297181093,0.031757382586902055,-0.02459063628972096
A1,shuffle,7,metastability_slem,0.7704092071170356,0.05598866874540287,0.7144205383716328
A1,shuffle,7,phase_jump_count,6,3,3
A1,shuffle,8,self_retention,0.8361204013377926,0.48073103401841477,0.35538936731937787
A1,shuffle,8,transition_entropy_norm,0.20278456794676714,0.3660177147284341,-0.16323314678166695
A1,shuffle,8,irreversibility,0.007166746297181093,0.024461781884899562,-0.017295035587718468
A1,shuffle,8,metastability_slem,0.7704092071170356,0.0492338088701126,0.721175398246923
A1,shuffle,8,phase_jump_count,6,1,5
A1,shuffle,9,self_retention,0.8361204013377926,0.47139743136561807,0.36472296997217457
A1,shuffle,9,transition_entropy_norm,0.20278456794676714,0.3646327078303192,-0.16184813988355207
A1,shuffle,9,irreversibility,0.007166746297181093,0.03771734922318168,-0.030550602926000585
A1,shuffle,9,metastability_slem,0.7704092071170356,0.04852291264438246,0.7218862944726532
A1,shuffle,9,phase_jump_count,6,3,3
A1,shuffle,10,self_retention,0.8361204013377926,0.45962732919254656,0.3764930721452461
A1,shuffle,10,transition_entropy_norm,0.20278456794676714,0.36494078688257636,-0.16215621893580923
A1,shuffle,10,irreversibility,0.007166746297181093,0.03607262302914472,-0.028905876731963626
A1,shuffle,10,metastability_slem,0.7704092071170356,0.07936437180361625,0.6910448353134194
A1,shuffle,10,phase_jump_count,6,2,4
A1,shuffle,11,self_retention,0.8361204013377926,0.47607264892524703,0.3600477524125456
A1,shuffle,11,transition_entropy_norm,0.20278456794676714,0.36713753159119816,-0.16435296364443103
A1,shuffle,11,irreversibility,0.007166746297181093,0.011437660960460574,-0.0042709146632794815
A1,shuffle,11,metastability_slem,0.7704092071170356,0.04425522799973668,0.726153979117299
A1,shuffle,11,phase_jump_count,6,3,3
A1,shuffle,12,self_retention,0.8361204013377926,0.43874665454729084,0.3973737467905018
A1,shuffle,12,transition_entropy_norm,0.20278456794676714,0.3644111204731247,-0.16162655252635755
A1,shuffle,12,irreversibility,0.007166746297181093,0.04149202982713058,-0.034325283529949485
A1,shuffle,12,metastability_slem,0.7704092071170356,0.053136877549914883,0.7172723295671207
A1,shuffle,12,phase_jump_count,6,9,-3
A1,shuffle,13,self_retention,0.8361204013377926,0.45705976898768663,0.379060632350106
A1,shuffle,13,transition_entropy_norm,0.20278456794676714,0.3633664526281327,-0.16058188468136558
A1,shuffle,13,irreversibility,0.007166746297181093,0.011707257273618776,-0.004540510976437683
A1,shuffle,13,metastability_slem,0.7704092071170356,0.12464785077933552,0.6457613563377002
A1,shuffle,13,phase_jump_count,6,5,1
A1,shuffle,14,self_retention,0.8361204013377926,0.4741745668519124,0.36194583448588025
A1,shuffle,14,transition_entropy_norm,0.20278456794676714,0.36616332131745055,-0.16337875337068342
A1,shuffle,14,irreversibility,0.007166746297181093,0.03969162035523591,-0.03252487405805481
A1,shuffle,14,metastability_slem,0.7704092071170356,0.042741421695234226,0.7276677854218014
A1,shuffle,14,phase_jump_count,6,5,1
A1,shuffle,15,self_retention,0.8361204013377926,0.4636334562103385,0.3724869451274541
A1,shuffle,15,transition_entropy_norm,0.20278456794676714,0.3635418686306853,-0.1607573006839182
A1,shuffle,15,irreversibility,0.007166746297181093,0.02070393374741201,-0.013537187450230918
A1,shuffle,15,metastability_slem,0.7704092071170356,0.14222847234877392,0.6281807347682618
A1,shuffle,15,phase_jump_count,6,2,4
A1,shuffle,16,self_retention,0.8361204013377926,0.45551378446115287,0.38060661687663977
A1,shuffle,16,transition_entropy_norm,0.20278456794676714,0.3663744152534771,-0.16358984730670995
A1,shuffle,16,irreversibility,0.007166746297181093,0.027201155061566975,-0.02003440876438588
A1,shuffle,16,metastability_slem,0.7704092071170356,0.040630548655180974,0.7297786584618546
A1,shuffle,16,phase_jump_count,6,7,-1
A1,shuffle,17,self_retention,0.8361204013377926,0.4434050396404585,0.3927153616973341
A1,shuffle,17,transition_entropy_norm,0.20278456794676714,0.365745876534844,-0.1629613085880769
A1,shuffle,17,irreversibility,0.007166746297181093,0.01820010436129203,-0.011033358064110935
A1,shuffle,17,metastability_slem,0.7704092071170356,0.07821904148418106,0.6921901656328546
A1,shuffle,17,phase_jump_count,6,8,-2
A1,shuffle,18,self_retention,0.8361204013377926,0.44618339326577316,0.3899370080720195
A1,shuffle,18,transition_entropy_norm,0.20278456794676714,0.3645956665662736,-0.1618110986195065
A1,shuffle,18,irreversibility,0.007166746297181093,0.019464421924376134,-0.01229767562719504
A1,shuffle,18,metastability_slem,0.7704092071170356,0.07661377241776875,0.6937954346992669
A1,shuffle,18,phase_jump_count,6,3,3
A1,shuffle,19,self_retention,0.8361204013377926,0.4527596828763319,0.38336071846146075
A1,shuffle,19,transition_entropy_norm,0.20278456794676714,0.36623815916326546,-0.16345359121649833
A1,shuffle,19,irreversibility,0.007166746297181093,0.019189011765894062,-0.012022265468712968
A1,shuffle,19,metastability_slem,0.7704092071170356,0.05054245143326592,0.7198667556837697
A1,shuffle,19,phase_jump_count,6,2,4
A1,shuffle,20,self_retention,0.8361204013377926,0.4698446363345621,0.36627576500323056
A1,shuffle,20,transition_entropy_norm,0.20278456794676714,0.3661855666071025,-0.16340099866033536
A1,shuffle,20,irreversibility,0.007166746297181093,0.011361914861384641,-0.0041951685642035485
A1,shuffle,20,metastability_slem,0.7704092071170356,0.048618284351468755,0.7217909227655669
A1,shuffle,20,phase_jump_count,6,1,5
A1,shuffle,21,self_retention,0.8361204013377926,0.4543040616741571,0.38181633966363554
A1,shuffle,21,transition_entropy_norm,0.20278456794676714,0.366473477073166,-0.16368890912639888
A1,shuffle,21,irreversibility,0.007166746297181093,0.020640811998182115,-0.013474065701001021
A1,shuffle,21,metastability_slem,0.7704092071170356,0.03872465291449975,0.7316845542025359
A1,shuffle,21,phase_jump_count,6,4,2
A1,shuffle,22,self_retention,0.8361204013377926,0.46364608056018447,0.37247432077760817
A1,shuffle,22,transition_entropy_norm,0.20278456794676714,0.3661072237175067,-0.16332265577073957
A1,shuffle,22,irreversibility,0.007166746297181093,0.01353751115150903,-0.006370764854327937
A1,shuffle,22,metastability_slem,0.7704092071170356,0.06979506128798882,0.7006141458290468
A1,shuffle,22,phase_jump_count,6,0,6
A1,shuffle,23,self_retention,0.8361204013377926,0.4539882314481857,0.38213216988960697
A1,shuffle,23,transition_entropy_norm,0.20278456794676714,0.36378047167612965,-0.1609959037293625
A1,shuffle,23,irreversibility,0.007166746297181093,0.05214122262177181,-0.044974476324590715
A1,shuffle,23,metastability_slem,0.7704092071170356,0.04269433416606732,0.7277148729509684
A1,shuffle,23,phase_jump_count,6,6,0
A1,shuffle,24,self_retention,0.8361204013377926,0.47762965207291824,0.3584907492648744
A1,shuffle,24,transition_entropy_norm,0.20278456794676714,0.3657752080765067,-0.16299064012973957
A1,shuffle,24,irreversibility,0.007166746297181093,0.021326735006480475,-0.014159988709299381
A1,shuffle,24,metastability_slem,0.7704092071170356,0.08412394021441125,0.6862852669026244
A1,shuffle,24,phase_jump_count,6,6,0
A1,shuffle,25,self_retention,0.8361204013377926,0.4430914242127057,0.39302897712508694
A1,shuffle,25,transition_entropy_norm,0.20278456794676714,0.365333212380183,-0.16254864443341588
A1,shuffle,25,irreversibility,0.007166746297181093,0.028808434128800218,-0.021641687831619124
A1,shuffle,25,metastability_slem,0.7704092071170356,0.0691679958194425,0.7012412112975932
A1,shuffle,25,phase_jump_count,6,1,5
A1,shuffle,26,self_retention,0.8361204013377926,0.4465358784022623,0.38958452293553036
A1,shuffle,26,transition_entropy_norm,0.20278456794676714,0.3652006302923361,-0.162416062345569
A1,shuffle,26,irreversibility,0.007166746297181093,0.011812183339224675,-0.004645437042043582
A1,shuffle,26,metastability_slem,0.7704092071170356,0.06122758532669464,0.709181621790341
A1,shuffle,26,phase_jump_count,6,4,2
A1,shuffle,27,self_retention,0.8361204013377926,0.4259561948349134,0.4101642065028792
A1,shuffle,27,transition_entropy_norm,0.20278456794676714,0.3656750011779306,-0.16289043323116348
A1,shuffle,27,irreversibility,0.007166746297181093,0.017966110929497597,-0.010799364632316504
A1,shuffle,27,metastability_slem,0.7704092071170356,0.06478493173290646,0.7056242753841292
A1,shuffle,27,phase_jump_count,6,5,1
A1,shuffle,28,self_retention,0.8361204013377926,0.4399585921325052,0.39616180920528743
A1,shuffle,28,transition_entropy_norm,0.20278456794676714,0.36491460040816087,-0.16213003246139374
A1,shuffle,28,irreversibility,0.007166746297181093,0.028835676146888947,-0.021668929849707853
A1,shuffle,28,metastability_slem,0.7704092071170356,0.0893734346232932,0.6810357724937425
A1,shuffle,28,phase_jump_count,6,4,2
A1,shuffle,29,self_retention,0.8361204013377926,0.43839217609240494,0.3977282252453877
A1,shuffle,29,transition_entropy_norm,0.20278456794676714,0.3662344900790122,-0.16344992213224507
A1,shuffle,29,irreversibility,0.007166746297181093,0.027350986161054795,-0.0201842398638737
A1,shuffle,29,metastability_slem,0.7704092071170356,0.039112485159953414,0.7312967219570823
A1,shuffle,29,phase_jump_count,6,3,3
A1,block_shuffle,0,self_retention,0.8361204013377926,0.8305265195509098,0.005593881786882804
A1,block_shuffle,0,transition_entropy_norm,0.20278456794676714,0.2110713636071893,-0.008286795660422175
A1,block_shuffle,0,irreversibility,0.007166746297181093,0.016929253143463108,-0.009762506846282014
A1,block_shuffle,0,metastability_slem,0.7704092071170356,0.751770519962002,0.018638687155033695
A1,block_shuffle,0,phase_jump_count,6,6,0
A1,block_shuffle,1,self_retention,0.8361204013377926,0.8165345318049453,0.019585869532847355
A1,block_shuffle,1,transition_entropy_norm,0.20278456794676714,0.22314559502235873,-0.020361027075591592
A1,block_shuffle,1,irreversibility,0.007166746297181093,0.02164655186924539,-0.014479805572064297
A1,block_shuffle,1,metastability_slem,0.7704092071170356,0.7174620623083935,0.052947144808642155
A1,block_shuffle,1,phase_jump_count,6,4,2
A1,block_shuffle,2,self_retention,0.8361204013377926,0.8211887087814976,0.014931692556295006
A1,block_shuffle,2,transition_entropy_norm,0.20278456794676714,0.2149637959068876,-0.01217922796012047
A1,block_shuffle,2,irreversibility,0.007166746297181093,0.004822501641165492,0.002344244656015601
A1,block_shuffle,2,metastability_slem,0.7704092071170356,0.7512185562308662,0.019190650886169447
A1,block_shuffle,2,phase_jump_count,6,7,-1
A1,block_shuffle,3,self_retention,0.8361204013377926,0.8174868609651218,0.018633540372670843
A1,block_shuffle,3,transition_entropy_norm,0.20278456794676714,0.22004455163442774,-0.0172599836876606
A1,block_shuffle,3,irreversibility,0.007166746297181093,0.007166746297181071,2.168404344971009e-17
A1,block_shuffle,3,metastability_slem,0.7704092071170356,0.7365847114733116,0.03382449564372403
A1,block_shuffle,3,phase_jump_count,6,6,0
A1,block_shuffle,4,self_retention,0.8361204013377926,0.81653032368833,0.019590077649462634
A1,block_shuffle,4,transition_entropy_norm,0.20278456794676714,0.22181207813022732,-0.01902751018346019
A1,block_shuffle,4,irreversibility,0.007166746297181093,0.006038647342995173,0.0011280989541859196
A1,block_shuffle,4,metastability_slem,0.7704092071170356,0.7280961046987795,0.04231310241825614
A1,block_shuffle,4,phase_jump_count,6,6,0
A1,block_shuffle,5,self_retention,0.8361204013377926,0.8165345318049453,0.019585869532847355
A1,block_shuffle,5,transition_entropy_norm,0.20278456794676714,0.2240695550121866,-0.021284987065419453
A1,block_shuffle,5,irreversibility,0.007166746297181093,0.015359625645945884,-0.008192879348764791
A1,block_shuffle,5,metastability_slem,0.7704092071170356,0.720848768524417,0.049560438592618605
A1,block_shuffle,5,phase_jump_count,6,5,1
A1,block_shuffle,6,self_retention,0.8361204013377926,0.8211493407431621,0.014971060594630492
A1,block_shuffle,6,transition_entropy_norm,0.20278456794676714,0.2203738460720505,-0.017589278125283353
A1,block_shuffle,6,irreversibility,0.007166746297181093,0.00804320584068867,-0.0008764595435075762
A1,block_shuffle,6,metastability_slem,0.7704092071170356,0.733184863174462,0.03722434394257368
A1,block_shuffle,6,phase_jump_count,6,11,-5
A1,block_shuffle,7,self_retention,0.8361204013377926,0.8221452460582894,0.013975155279503215
A1,block_shuffle,7,transition_entropy_norm,0.20278456794676714,0.2210842666855159,-0.01829969873874876
A1,block_shuffle,7,irreversibility,0.007166746297181093,0.012064022933588145,-0.004897276636407052
A1,block_shuffle,7,metastability_slem,0.7704092071170356,0.7247140528766592,0.0456951542403764
A1,block_shuffle,7,phase_jump_count,6,9,-3
A1,block_shuffle,8,self_retention,0.8361204013377926,0.8196443299836724,0.016476071354120214
A1,block_shuffle,8,transition_entropy_norm,0.20278456794676714,0.2221232767714759,-0.019338708824708756
A1,block_shuffle,8,irreversibility,0.007166746297181093,0.012325573566294667,-0.005158827269113574
A1,block_shuffle,8,metastability_slem,0.7704092071170356,0.7206801595113073,0.04972904760572838
A1,block_shuffle,8,phase_jump_count,6,7,-1
A1,block_shuffle,9,self_retention,0.8361204013377926,0.8196401218670571,0.016480279470735493
A1,block_shuffle,9,transition_entropy_norm,0.20278456794676714,0.2195927002626042,-0.016808132315837054
A1,block_shuffle,9,irreversibility,0.007166746297181093,0.006042855459610487,0.0011238908375706064
A1,block_shuffle,9,metastability_slem,0.7704092071170356,0.7330347478638795,0.03737445925315619
A1,block_shuffle,9,phase_jump_count,6,6,0
A1,block_shuffle,10,self_retention,0.8361204013377926,0.8195965457121063,0.016523855625686368
A1,block_shuffle,10,transition_entropy_norm,0.20278456794676714,0.21690808478404625,-0.01412351683727911
A1,block_shuffle,10,irreversibility,0.007166746297181093,0.006490410809632768,0.0006763354875483248
A1,block_shuffle,10,metastability_slem,0.7704092071170356,0.7374948850053016,0.03291432211173406
A1,block_shuffle,10,phase_jump_count,6,8,-2
A1,block_shuffle,11,self_retention,0.8361204013377926,0.8180873268360013,0.01803307450179137
A1,block_shuffle,11,transition_entropy_norm,0.20278456794676714,0.22111731993760364,-0.018332751990836504
A1,block_shuffle,11,irreversibility,0.007166746297181093,0.016912420677001792,-0.009745674379820699
A1,block_shuffle,11,metastability_slem,0.7704092071170356,0.7307079321888136,0.03970127492822206
A1,block_shuffle,11,phase_jump_count,6,8,-2
A1,block_shuffle,12,self_retention,0.8361204013377926,0.8258597182245114,0.01026068311328121
A1,block_shuffle,12,transition_entropy_norm,0.20278456794676714,0.21504442815205635,-0.012259860205289214
A1,block_shuffle,12,irreversibility,0.007166746297181093,0.006051271692841141,0.0011154746043399522
A1,block_shuffle,12,metastability_slem,0.7704092071170356,0.7434449714848773,0.02696423563215833
A1,block_shuffle,12,phase_jump_count,6,5,1
A1,block_shuffle,13,self_retention,0.8361204013377926,0.8149733205406587,0.0211470807971339
A1,block_shuffle,13,transition_entropy_norm,0.20278456794676714,0.22283763426570655,-0.02005306631893941
A1,block_shuffle,13,irreversibility,0.007166746297181093,0.011046306115235072,-0.003879559818053979
A1,block_shuffle,13,metastability_slem,0.7704092071170356,0.7305624871258555,0.03984671999118017
A1,block_shuffle,13,phase_jump_count,6,15,-9
A1,block_shuffle,14,self_retention,0.8361204013377926,0.8165261155717146,0.019594285766078023
A1,block_shuffle,14,transition_entropy_norm,0.20278456794676714,0.22010462794345398,-0.017320059996686843
A1,block_shuffle,14,irreversibility,0.007166746297181093,0.009493511084179174,-0.0023267647869980807
A1,block_shuffle,14,metastability_slem,0.7704092071170356,0.736356576419837,0.03405263069719866
A1,block_shuffle,14,phase_jump_count,6,5,1
A1,block_shuffle,15,self_retention,0.8361204013377926,0.821192916898113,0.014927484439679617
A1,block_shuffle,15,transition_entropy_norm,0.20278456794676714,0.21589158656892984,-0.013107018622162708
A1,block_shuffle,15,irreversibility,0.007166746297181093,0.010701240552778192,-0.003534494255597099
A1,block_shuffle,15,metastability_slem,0.7704092071170356,0.7505800764663411,0.019829130650694582
A1,block_shuffle,15,phase_jump_count,6,6,0
A1,block_shuffle,16,self_retention,0.8361204013377926,0.8211971250147283,0.014923276323064338
A1,block_shuffle,16,transition_entropy_norm,0.20278456794676714,0.22008866061134358,-0.017304092664576443
A1,block_shuffle,16,irreversibility,0.007166746297181093,0.01070544866939352,-0.003538702372212426
A1,block_shuffle,16,metastability_slem,0.7704092071170356,0.7317051547466419,0.03870405237039376
A1,block_shuffle,16,phase_jump_count,6,5,1
A1,block_shuffle,17,self_retention,0.8361204013377926,0.8196401218670571,0.016480279470735493
A1,block_shuffle,17,transition_entropy_norm,0.20278456794676714,0.218188157195305,-0.015403589248537852
A1,block_shuffle,17,irreversibility,0.007166746297181093,0.015359625645945896,-0.008192879348764802
A1,block_shuffle,17,metastability_slem,0.7704092071170356,0.7410610065138523,0.029348200603183328
A1,block_shuffle,17,phase_jump_count,6,6,0
A1,block_shuffle,18,self_retention,0.8361204013377926,0.81653032368833,0.019590077649462634
A1,block_shuffle,18,transition_entropy_norm,0.20278456794676714,0.221616708190516,-0.01883214024374885
A1,block_shuffle,18,irreversibility,0.007166746297181093,0.012325573566294653,-0.00515882726911356
A1,block_shuffle,18,metastability_slem,0.7704092071170356,0.7312333983910804,0.039175808725955275
A1,block_shuffle,18,phase_jump_count,6,9,-3
A1,block_shuffle,19,self_retention,0.8361204013377926,0.8180831187193859,0.018037282618406758
A1,block_shuffle,19,transition_entropy_norm,0.20278456794676714,0.22069252670799064,-0.017907958761223502
A1,block_shuffle,19,irreversibility,0.007166746297181093,0.010772778535238763,-0.0036060322380576703
A1,block_shuffle,19,metastability_slem,0.7704092071170356,0.7345792279939257,0.03582997912310992
A1,block_shuffle,19,phase_jump_count,6,7,-1
A1,block_shuffle,20,self_retention,0.8361204013377926,0.814751552795031,0.021368848542761665
A1,block_shuffle,20,transition_entropy_norm,0.20278456794676714,0.22320526631650606,-0.02042069836973892
A1,block_shuffle,20,irreversibility,0.007166746297181093,0.01361283643892338,-0.006446090141742287
A1,block_shuffle,20,metastability_slem,0.7704092071170356,0.7334179044896828,0.03699130262735284
A1,block_shuffle,20,phase_jump_count,6,13,-7
A1,block_shuffle,21,self_retention,0.8361204013377926,0.8227499200457843,0.013370481292008352
A1,block_shuffle,21,transition_entropy_norm,0.20278456794676714,0.2179226283005429,-0.015138060353775767
A1,block_shuffle,21,irreversibility,0.007166746297181093,0.015363833762561218,-0.008197087465380126
A1,block_shuffle,21,metastability_slem,0.7704092071170356,0.738646959194536,0.0317622479224996
A1,block_shuffle,21,phase_jump_count,6,7,-1
A1,block_shuffle,22,self_retention,0.8361204013377926,0.8180873268360013,0.01803307450179137
A1,block_shuffle,22,transition_entropy_norm,0.20278456794676714,0.22335533114088757,-0.020570763194120434
A1,block_shuffle,22,irreversibility,0.007166746297181093,0.011046306115235067,-0.003879559818053974
A1,block_shuffle,22,metastability_slem,0.7704092071170356,0.7200445772974453,0.050364629819590334
A1,block_shuffle,22,phase_jump_count,6,12,-6
A1,block_shuffle,23,self_retention,0.8361204013377926,0.821192916898113,0.014927484439679617
A1,block_shuffle,23,transition_entropy_norm,0.20278456794676714,0.21589158656892984,-0.013107018622162708
A1,block_shuffle,23,irreversibility,0.007166746297181093,0.010701240552778192,-0.003534494255597099
A1,block_shuffle,23,metastability_slem,0.7704092071170356,0.7505800764663411,0.019829130650694582
A1,block_shuffle,23,phase_jump_count,6,7,-1
A1,block_shuffle,24,self_retention,0.8361204013377926,0.8273741418764301,0.008746259461362538
A1,block_shuffle,24,transition_entropy_norm,0.20278456794676714,0.21578839422763998,-0.013003826280872849
A1,block_shuffle,24,irreversibility,0.007166746297181093,0.008029584831644315,-0.0008628385344632223
A1,block_shuffle,24,metastability_slem,0.7704092071170356,0.74361760866421,0.026791598452825638
A1,block_shuffle,24,phase_jump_count,6,2,4
A1,block_shuffle,25,self_retention,0.8361204013377926,0.8180301296720062,0.018090271665786473
A1,block_shuffle,25,transition_entropy_norm,0.20278456794676714,0.2219012938370519,-0.019116725890284764
A1,block_shuffle,25,irreversibility,0.007166746297181093,0.008056826849733013,-0.0008900805525519197
A1,block_shuffle,25,metastability_slem,0.7704092071170356,0.7321763661686913,0.03823284094834434
A1,block_shuffle,25,phase_jump_count,6,9,-3
A1,block_shuffle,26,self_retention,0.8361204013377926,0.8196033562166285,0.016517045121164142
A1,block_shuffle,26,transition_entropy_norm,0.20278456794676714,0.21616762859704464,-0.0133830606502775
A1,block_shuffle,26,irreversibility,0.007166746297181093,0.0059387599433366155,0.0012279863538444775
A1,block_shuffle,26,metastability_slem,0.7704092071170356,0.7493178414638406,0.021091365653195027
A1,block_shuffle,26,phase_jump_count,6,3,3
A1,block_shuffle,27,self_retention,0.8361204013377926,0.8243027150768402,0.011817686260952476
A1,block_shuffle,27,transition_entropy_norm,0.20278456794676714,0.21365119891804568,-0.010866630971278546
A1,block_shuffle,27,irreversibility,0.007166746297181093,0.01070544866939352,-0.003538702372212426
A1,block_shuffle,27,metastability_slem,0.7704092071170356,0.7543554579451208,0.016053749171914822
A1,block_shuffle,27,phase_jump_count,6,9,-3
A1,block_shuffle,28,self_retention,0.8361204013377926,0.8195965457121063,0.016523855625686368
A1,block_shuffle,28,transition_entropy_norm,0.20278456794676714,0.21783574742804182,-0.015051179481274685
A1,block_shuffle,28,irreversibility,0.007166746297181093,0.009596000871744571,-0.002429254574563478
A1,block_shuffle,28,metastability_slem,0.7704092071170356,0.7395423383988066,0.03086686871822908
A1,block_shuffle,28,phase_jump_count,6,8,-2
A1,block_shuffle,29,self_retention,0.8361204013377926,0.8211971250147283,0.014923276323064338
A1,block_shuffle,29,transition_entropy_norm,0.20278456794676714,0.21939027044922332,-0.016605702502456188
A1,block_shuffle,29,irreversibility,0.007166746297181093,0.0076671884731269605,-0.0005004421759458675
A1,block_shuffle,29,metastability_slem,0.7704092071170356,0.7274263828297721,0.04298282428726352
A1,block_shuffle,29,phase_jump_count,6,6,0
A1,reverse,0,self_retention,0.8361204013377926,0.8365424430641821,-0.0004220417263894882
A1,reverse,0,transition_entropy_norm,0.20278456794676714,0.20213102523944776,0.0006535427073193767
A1,reverse,0,irreversibility,0.007166746297181093,0.0074534161490683384,-0.00028666985188724545
A1,reverse,0,metastability_slem,0.7704092071170356,0.7777088283557011,-0.007299621238665455
A1,reverse,0,phase_jump_count,6,10,-4
A2,shuffle,0,self_retention,0.600187629399586,0.2054550364569268,0.3947325929426592
A2,shuffle,0,transition_entropy_norm,0.42710292600104,0.6398569933290362,-0.21275406732799623
A2,shuffle,0,irreversibility,0.16323757763975155,0.07951660815554955,0.083720969484202
A2,shuffle,0,metastability_slem,0.7518880337973199,0.1135715255540394,0.6383165082432806
A2,shuffle,0,phase_jump_count,5,2,3
A2,shuffle,1,self_retention,0.600187629399586,0.20861463678098838,0.3915729926185977
A2,shuffle,1,transition_entropy_norm,0.42710292600104,0.6405086799026823,-0.21340575390164235
A2,shuffle,1,irreversibility,0.16323757763975155,0.08529570618417498,0.07794187145557657
A2,shuffle,1,metastability_slem,0.7518880337973199,0.13701323472271912,0.6148747990746009
A2,shuffle,1,phase_jump_count,5,0,5
A2,shuffle,2,self_retention,0.600187629399586,0.2443829327572239,0.35580469664236214
A2,shuffle,2,transition_entropy_norm,0.42710292600104,0.6369963229346378,-0.20989339693359782
A2,shuffle,2,irreversibility,0.16323757763975155,0.13077234674588173,0.03246523089386982
A2,shuffle,2,metastability_slem,0.7518880337973199,0.11154154326448264,0.6403464905328373
A2,shuffle,2,phase_jump_count,5,5,0
A2,shuffle,3,self_retention,0.600187629399586,0.24745476640561706,0.352732862993969
A2,shuffle,3,transition_entropy_norm,0.42710292600104,0.6445916955943729,-0.2174887695933329
A2,shuffle,3,irreversibility,0.16323757763975155,0.059823116392114475,0.10341446124763708
A2,shuffle,3,metastability_slem,0.7518880337973199,0.11142828208494249,0.6404597517123775
A2,shuffle,3,phase_jump_count,5,2,3
A2,shuffle,4,self_retention,0.600187629399586,0.23501890359168243,0.3651687258079036
A2,shuffle,4,transition_entropy_norm,0.42710292600104,0.641259705856732,-0.21415677985569198
A2,shuffle,4,irreversibility,0.16323757763975155,0.09286389413988658,0.07037368349986498
A2,shuffle,4,metastability_slem,0.7518880337973199,0.08263129757122366,0.6692567362260963
A2,shuffle,4,phase_jump_count,5,6,-1
A2,shuffle,5,self_retention,0.600187629399586,0.23659195247096948,0.36359567692861655
A2,shuffle,5,transition_entropy_norm,0.42710292600104,0.6378331413972937,-0.21073021539625375
A2,shuffle,5,irreversibility,0.16323757763975155,0.10772346745881717,0.055514110180934384
A2,shuffle,5,metastability_slem,0.7518880337973199,0.12952630674210355,0.6223617270552164
A2,shuffle,5,phase_jump_count,5,0,5
A2,shuffle,6,self_retention,0.600187629399586,0.23190656224682688,0.36828106715275916
A2,shuffle,6,transition_entropy_norm,0.42710292600104,0.6381566941356325,-0.21105376813459248
A2,shuffle,6,irreversibility,0.16323757763975155,0.09616527140156628,0.06707230623818528
A2,shuffle,6,metastability_slem,0.7518880337973199,0.14255801695733808,0.6093300168399819
A2,shuffle,6,phase_jump_count,5,3,2
A2,shuffle,7,self_retention,0.600187629399586,0.2350459087226573,0.36514172067692874
A2,shuffle,7,transition_entropy_norm,0.42710292600104,0.642120026435589,-0.21501710043454897
A2,shuffle,7,irreversibility,0.16323757763975155,0.0743653794220902,0.08887219821766135
A2,shuffle,7,metastability_slem,0.7518880337973199,0.10193764950500596,0.649950384292314
A2,shuffle,7,phase_jump_count,5,3,2
A2,shuffle,8,self_retention,0.600187629399586,0.22571563597083444,0.3744719934287516
A2,shuffle,8,transition_entropy_norm,0.42710292600104,0.6413584939311607,-0.21425556793012074
A2,shuffle,8,irreversibility,0.16323757763975155,0.06808668647042938,0.09515089116932217
A2,shuffle,8,metastability_slem,0.7518880337973199,0.11041635629641686,0.6414716775009031
A2,shuffle,8,phase_jump_count,5,3,2
A2,shuffle,9,self_retention,0.600187629399586,0.24414538762364849,0.3560422417759376
A2,shuffle,9,transition_entropy_norm,0.42710292600104,0.6444621670979278,-0.2173592410968878
A2,shuffle,9,irreversibility,0.16323757763975155,0.08711755233494363,0.07612002530480792
A2,shuffle,9,metastability_slem,0.7518880337973199,0.07205885100996012,0.6798291827873598
A2,shuffle,9,phase_jump_count,5,1,4
A2,shuffle,10,self_retention,0.600187629399586,0.23659195247096948,0.36359567692861655
A2,shuffle,10,transition_entropy_norm,0.42710292600104,0.6458301645376063,-0.21872723853656634
A2,shuffle,10,irreversibility,0.16323757763975155,0.06961922765325412,0.09361834998649743
A2,shuffle,10,metastability_slem,0.7518880337973199,0.10584240857736146,0.6460456252199585
A2,shuffle,10,phase_jump_count,5,10,-5
A2,shuffle,11,self_retention,0.600187629399586,0.24589522009181744,0.3542924093077686
A2,shuffle,11,transition_entropy_norm,0.42710292600104,0.6355681383158862,-0.20846521231484622
A2,shuffle,11,irreversibility,0.16323757763975155,0.060261949770456395,0.10297562786929515
A2,shuffle,11,metastability_slem,0.7518880337973199,0.36117764342888925,0.3907103903684307
A2,shuffle,11,phase_jump_count,5,10,-5
A2,shuffle,12,self_retention,0.600187629399586,0.208648393194707,0.39153923620487907
A2,shuffle,12,transition_entropy_norm,0.42710292600104,0.6384117536889947,-0.21130882768795473
A2,shuffle,12,irreversibility,0.16323757763975155,0.1229341074804213,0.04030347015933025
A2,shuffle,12,metastability_slem,0.7518880337973199,0.13706227855664774,0.6148257552406722
A2,shuffle,12,phase_jump_count,5,1,4
A2,shuffle,13,self_retention,0.600187629399586,0.23810423980556303,0.362083389594023
A2,shuffle,13,transition_entropy_norm,0.42710292600104,0.6364820146557955,-0.20937908865475546
A2,shuffle,13,irreversibility,0.16323757763975155,0.09966243586281394,0.06357514177693761
A2,shuffle,13,metastability_slem,0.7518880337973199,0.08430313530355607,0.6675848984937639
A2,shuffle,13,phase_jump_count,5,6,-1
A2,shuffle,14,self_retention,0.600187629399586,0.2066326530612245,0.39355497633836156
A2,shuffle,14,transition_entropy_norm,0.42710292600104,0.640783374945865,-0.21368044894482502
A2,shuffle,14,irreversibility,0.16323757763975155,0.06222271517302573,0.10101486246672582
A2,shuffle,14,metastability_slem,0.7518880337973199,0.49706445543013167,0.2548235783671883
A2,shuffle,14,phase_jump_count,5,3,2
A2,shuffle,15,self_retention,0.600187629399586,0.23002393892339543,0.3701636904761906
A2,shuffle,15,transition_entropy_norm,0.42710292600104,0.6403819092239135,-0.21327898322287347
A2,shuffle,15,irreversibility,0.16323757763975155,0.08567870082815734,0.07755887681159421
A2,shuffle,15,metastability_slem,0.7518880337973199,0.09530442927558204,0.6565836045217379
A2,shuffle,15,phase_jump_count,5,4,1
A2,shuffle,16,self_retention,0.600187629399586,0.2612721417069243,0.3389154876926617
A2,shuffle,16,transition_entropy_norm,0.42710292600104,0.6408035533743335,-0.21370062737329348
A2,shuffle,16,irreversibility,0.16323757763975155,0.0855417529330573,0.07769582470669426
A2,shuffle,16,metastability_slem,0.7518880337973199,0.12180746359183697,0.630080570205483
A2,shuffle,16,phase_jump_count,5,3,2
A2,shuffle,17,self_retention,0.600187629399586,0.25348516218081435,0.3467024672187717
A2,shuffle,17,transition_entropy_norm,0.42710292600104,0.6347429799951174,-0.20764005399407742
A2,shuffle,17,irreversibility,0.16323757763975155,0.11244536461927764,0.05079221302047392
A2,shuffle,17,metastability_slem,0.7518880337973199,0.11808971983559756,0.6337983139617224
A2,shuffle,17,phase_jump_count,5,3,2
A2,shuffle,18,self_retention,0.600187629399586,0.23503915743991358,0.3651484719596725
A2,shuffle,18,transition_entropy_norm,0.42710292600104,0.6420072647723187,-0.21490433877127874
A2,shuffle,18,irreversibility,0.16323757763975155,0.062422360248447196,0.10081521739130436
A2,shuffle,18,metastability_slem,0.7518880337973199,0.15353729648107367,0.5983507373162462
A2,shuffle,18,phase_jump_count,5,5,0
A2,shuffle,19,self_retention,0.600187629399586,0.24436267890899271,0.3558249504905933
A2,shuffle,19,transition_entropy_norm,0.42710292600104,0.6430769317601747,-0.21597400575913467
A2,shuffle,19,irreversibility,0.16323757763975155,0.09610450985687277,0.06713306778287878
A2,shuffle,19,metastability_slem,0.7518880337973199,0.08573328310151036,0.6661547506958095
A2,shuffle,19,phase_jump_count,5,3,2
A2,shuffle,20,self_retention,0.600187629399586,0.23322981366459625,0.36695781573498976
A2,shuffle,20,transition_entropy_norm,0.42710292600104,0.6444850634888779,-0.2173821374878379
A2,shuffle,20,irreversibility,0.16323757763975155,0.10787899700943177,0.05535858063031979
A2,shuffle,20,metastability_slem,0.7518880337973199,0.09438578346203315,0.6575022503352868
A2,shuffle,20,phase_jump_count,5,9,-4
A2,shuffle,21,self_retention,0.600187629399586,0.2147650553605185,0.38542257403906754
A2,shuffle,21,transition_entropy_norm,0.42710292600104,0.6362684310228549,-0.2091655050218149
A2,shuffle,21,irreversibility,0.16323757763975155,0.11051174723197407,0.05272583040777748
A2,shuffle,21,metastability_slem,0.7518880337973199,0.11035960868742507,0.6415284251098948
A2,shuffle,21,phase_jump_count,5,3,2
A2,shuffle,22,self_retention,0.600187629399586,0.2256616257088847,0.3745260036907013
A2,shuffle,22,transition_entropy_norm,0.42710292600104,0.6437208758051972,-0.21661794980415722
A2,shuffle,22,irreversibility,0.16323757763975155,0.062402106400216026,0.10083547123953553
A2,shuffle,22,metastability_slem,0.7518880337973199,0.09251839156670669,0.6593696422306132
A2,shuffle,22,phase_jump_count,5,8,-3
A2,shuffle,23,self_retention,0.600187629399586,0.24105129974695194,0.3591363296526341
A2,shuffle,23,transition_entropy_norm,0.42710292600104,0.6389711339055796,-0.21186820790453958
A2,shuffle,23,irreversibility,0.16323757763975155,0.09336323901541294,0.06987433862433862
A2,shuffle,23,metastability_slem,0.7518880337973199,0.14978943149251195,0.602098602304808
A2,shuffle,23,phase_jump_count,5,4,1
A2,shuffle,24,self_retention,0.600187629399586,0.22854794091549666,0.37163968848408935
A2,shuffle,24,transition_entropy_norm,0.42710292600104,0.6367973966841505,-0.20969447068311048
A2,shuffle,24,irreversibility,0.16323757763975155,0.10855211649877339,0.054685461140978164
A2,shuffle,24,metastability_slem,0.7518880337973199,0.1136679864136904,0.6382200473836296
A2,shuffle,24,phase_jump_count,5,4,1
A2,shuffle,25,self_retention,0.600187629399586,0.2288482311639211,0.3713393982356649
A2,shuffle,25,transition_entropy_norm,0.42710292600104,0.6413607660734209,-0.21425784007238086
A2,shuffle,25,irreversibility,0.16323757763975155,0.08372265730488793,0.07951492033486363
A2,shuffle,25,metastability_slem,0.7518880337973199,0.0947589427952949,0.6571290910020251
A2,shuffle,25,phase_jump_count,5,2,3
A2,shuffle,26,self_retention,0.600187629399586,0.23659195247096948,0.36359567692861655
A2,shuffle,26,transition_entropy_norm,0.42710292600104,0.6404571208268877,-0.21335419482584767
A2,shuffle,26,irreversibility,0.16323757763975155,0.08902241425870913,0.07421516338104242
A2,shuffle,26,metastability_slem,0.7518880337973199,0.14325864674961808,0.6086293870477019
A2,shuffle,26,phase_jump_count,5,7,-2
A2,shuffle,27,self_retention,0.600187629399586,0.21457278563599355,0.38561484376359245
A2,shuffle,27,transition_entropy_norm,0.42710292600104,0.640675524706037,-0.21357259870499695
A2,shuffle,27,irreversibility,0.16323757763975155,0.11636828644501279,0.04686929119473876
A2,shuffle,27,metastability_slem,0.7518880337973199,0.12279314947082845,0.6290948843264915
A2,shuffle,27,phase_jump_count,5,2,3
A2,shuffle,28,self_retention,0.600187629399586,0.22548149694660471,0.37470613245298134
A2,shuffle,28,transition_entropy_norm,0.42710292600104,0.6442144778308371,-0.21711155182979708
A2,shuffle,28,irreversibility,0.16323757763975155,0.07816169946239362,0.08507587817735793
A2,shuffle,28,metastability_slem,0.7518880337973199,0.09016197276155374,0.6617260610357663
A2,shuffle,28,phase_jump_count,5,4,1
A2,shuffle,29,self_retention,0.600187629399586,0.2484472049689441,0.3517404244306419
A2,shuffle,29,transition_entropy_norm,0.42710292600104,0.6365773817694758,-0.20947445576843576
A2,shuffle,29,irreversibility,0.16323757763975155,0.10093167701863352,0.06230590062111803
A2,shuffle,29,metastability_slem,0.7518880337973199,0.12883452037182666,0.6230535134254933
A2,shuffle,29,phase_jump_count,5,2,3
A2,block_shuffle,0,self_retention,0.600187629399586,0.5871707003641036,0.01301692903548246
A2,block_shuffle,0,transition_entropy_norm,0.42710292600104,0.44961462851143275,-0.02251170251039275
A2,block_shuffle,0,irreversibility,0.16323757763975155,0.1635253801670593,-0.0002878025273077567
A2,block_shuffle,0,metastability_slem,0.7518880337973199,0.6950309798509973,0.05685705394632268
A2,block_shuffle,0,phase_jump_count,5,5,0
A2,block_shuffle,1,self_retention,0.600187629399586,0.5802507476420519,0.019936881757534164
A2,block_shuffle,1,transition_entropy_norm,0.42710292600104,0.4595995982646061,-0.03249667226356612
A2,block_shuffle,1,irreversibility,0.16323757763975155,0.1618242466068553,0.001413331032896259
A2,block_shuffle,1,metastability_slem,0.7518880337973199,0.6899966441830603,0.06189138961425966
A2,block_shuffle,1,phase_jump_count,5,5,0
A2,block_shuffle,2,self_retention,0.600187629399586,0.5908450336656401,0.009342595733945913
A2,block_shuffle,2,transition_entropy_norm,0.42710292600104,0.44874737565579936,-0.021644449654759368
A2,block_shuffle,2,irreversibility,0.16323757763975155,0.1482593037214886,0.014978273918262952
A2,block_shuffle,2,metastability_slem,0.7518880337973199,0.7223593791878581,0.029528654609461857
A2,block_shuffle,2,phase_jump_count,5,5,0
A2,block_shuffle,3,self_retention,0.600187629399586,0.5803200108020524,0.01986761859753361
A2,block_shuffle,3,transition_entropy_norm,0.42710292600104,0.4561998296332539,-0.0290969036322139
A2,block_shuffle,3,irreversibility,0.16323757763975155,0.171124763705104,-0.007887186065352436
A2,block_shuffle,3,metastability_slem,0.7518880337973199,0.6886989326920545,0.06318910110526543
A2,block_shuffle,3,phase_jump_count,5,2,3
A2,block_shuffle,4,self_retention,0.600187629399586,0.5861962991718426,0.01399133022774346
A2,block_shuffle,4,transition_entropy_norm,0.42710292600104,0.45613273354750056,-0.029029807546460562
A2,block_shuffle,4,irreversibility,0.16323757763975155,0.1523518374741201,0.010885740165631458
A2,block_shuffle,4,metastability_slem,0.7518880337973199,0.7070024317375053,0.04488560205981462
A2,block_shuffle,4,phase_jump_count,5,3,2
A2,block_shuffle,5,self_retention,0.600187629399586,0.5834391034296517,0.01674852596993437
A2,block_shuffle,5,transition_entropy_norm,0.42710292600104,0.45261360229592573,-0.025510676294885737
A2,block_shuffle,5,irreversibility,0.16323757763975155,0.16760059411288145,-0.004363016473129894
A2,block_shuffle,5,metastability_slem,0.7518880337973199,0.6852386907642428,0.06664934303307712
A2,block_shuffle,5,phase_jump_count,5,9,-4
A2,block_shuffle,6,self_retention,0.600187629399586,0.5865514447745072,0.013636184625078873
A2,block_shuffle,6,transition_entropy_norm,0.42710292600104,0.44671489014132626,-0.019611964140286264
A2,block_shuffle,6,irreversibility,0.16323757763975155,0.15823656494734,0.005001012692411544
A2,block_shuffle,6,metastability_slem,0.7518880337973199,0.7253570988849447,0.026530934912375237
A2,block_shuffle,6,phase_jump_count,5,5,0
A2,block_shuffle,7,self_retention,0.600187629399586,0.5877490942028984,0.012438535196687583
A2,block_shuffle,7,transition_entropy_norm,0.42710292600104,0.44480234999840024,-0.017699423997360242
A2,block_shuffle,7,irreversibility,0.16323757763975155,0.16629464285714285,-0.003057065217391297
A2,block_shuffle,7,metastability_slem,0.7518880337973199,0.7150104528615762,0.03687758093574378
A2,block_shuffle,7,phase_jump_count,5,3,2
A2,block_shuffle,8,self_retention,0.600187629399586,0.5880262249827467,0.012161404416839328
A2,block_shuffle,8,transition_entropy_norm,0.42710292600104,0.45079753207389195,-0.023694606072851954
A2,block_shuffle,8,irreversibility,0.16323757763975155,0.15089717046238785,0.012340407177363705
A2,block_shuffle,8,metastability_slem,0.7518880337973199,0.714182176998053,0.03770585679926697
A2,block_shuffle,8,phase_jump_count,5,3,2
A2,block_shuffle,9,self_retention,0.600187629399586,0.5840651103019918,0.016122519097594212
A2,block_shuffle,9,transition_entropy_norm,0.42710292600104,0.4555746436184963,-0.028471717617456316
A2,block_shuffle,9,irreversibility,0.16323757763975155,0.15121010923109873,0.01202746840865282
A2,block_shuffle,9,metastability_slem,0.7518880337973199,0.6988005778246766,0.053087455972643305
A2,block_shuffle,9,phase_jump_count,5,2,3
A2,block_shuffle,10,self_retention,0.600187629399586,0.5880262249827466,0.012161404416839439
A2,block_shuffle,10,transition_entropy_norm,0.42710292600104,0.44601445541989804,-0.018911529418858042
A2,block_shuffle,10,irreversibility,0.16323757763975155,0.16021394064872324,0.003023636991028311
A2,block_shuffle,10,metastability_slem,0.7518880337973199,0.7152989979184224,0.0365890358788975
A2,block_shuffle,10,phase_jump_count,5,2,3
A2,block_shuffle,11,self_retention,0.600187629399586,0.5943289224952741,0.0058587069043118944
A2,block_shuffle,11,transition_entropy_norm,0.42710292600104,0.4401118226820145,-0.013008896680974491
A2,block_shuffle,11,irreversibility,0.16323757763975155,0.16916014042668104,-0.005922562786929486
A2,block_shuffle,11,metastability_slem,0.7518880337973199,0.7105520417858053,0.04133599201151461
A2,block_shuffle,11,phase_jump_count,5,5,0
A2,block_shuffle,12,self_retention,0.600187629399586,0.5833563377041637,0.0168312916954223
A2,block_shuffle,12,transition_entropy_norm,0.42710292600104,0.4496379992289595,-0.022535073227919478
A2,block_shuffle,12,irreversibility,0.16323757763975155,0.16488382792730616,-0.001646250287554607
A2,block_shuffle,12,metastability_slem,0.7518880337973199,0.7080536193026162,0.04383441449470371
A2,block_shuffle,12,phase_jump_count,5,8,-3
A2,block_shuffle,13,self_retention,0.600187629399586,0.581879557115852,0.01830807228373399
A2,block_shuffle,13,transition_entropy_norm,0.42710292600104,0.455114356803216,-0.028011430802175996
A2,block_shuffle,13,irreversibility,0.16323757763975155,0.15677828787469617,0.006459289765055387
A2,block_shuffle,13,metastability_slem,0.7518880337973199,0.6968597866155322,0.05502824718178778
A2,block_shuffle,13,phase_jump_count,5,2,3
A2,block_shuffle,14,self_retention,0.600187629399586,0.5809595202398801,0.019228109159705964
A2,block_shuffle,14,transition_entropy_norm,0.42710292600104,0.45371348063195893,-0.026610554630918937
A2,block_shuffle,14,irreversibility,0.16323757763975155,0.17284215035339473,-0.009604572713643178
A2,block_shuffle,14,metastability_slem,0.7518880337973199,0.6952063181835526,0.056681715613767336
A2,block_shuffle,14,phase_jump_count,5,4,1
A2,block_shuffle,15,self_retention,0.600187629399586,0.5833563377041637,0.0168312916954223
A2,block_shuffle,15,transition_entropy_norm,0.42710292600104,0.4505526071078846,-0.02344968110684459
A2,block_shuffle,15,irreversibility,0.16323757763975155,0.17102599493903842,-0.007788417299286865
A2,block_shuffle,15,metastability_slem,0.7518880337973199,0.7069303652792249,0.04495766851809502
A2,block_shuffle,15,phase_jump_count,5,4,1
A2,block_shuffle,16,self_retention,0.600187629399586,0.5896502835538753,0.010537345845710755
A2,block_shuffle,16,transition_entropy_norm,0.42710292600104,0.4505683171078023,-0.023465391106762323
A2,block_shuffle,16,irreversibility,0.16323757763975155,0.16761409667836888,-0.004376519038617327
A2,block_shuffle,16,metastability_slem,0.7518880337973199,0.7054667986543744,0.046421235142945494
A2,block_shuffle,16,phase_jump_count,5,2,3
A2,block_shuffle,17,self_retention,0.600187629399586,0.5803132595193087,0.019874369880277354
A2,block_shuffle,17,transition_entropy_norm,0.42710292600104,0.4542808280629951,-0.027177902061955084
A2,block_shuffle,17,irreversibility,0.16323757763975155,0.15831758034026464,0.004919997299486917
A2,block_shuffle,17,metastability_slem,0.7518880337973199,0.7045859219324079,0.047302111864912066
A2,block_shuffle,17,phase_jump_count,5,3,2
A2,block_shuffle,18,self_retention,0.600187629399586,0.5840651103019918,0.016122519097594212
A2,block_shuffle,18,transition_entropy_norm,0.42710292600104,0.45532642190362943,-0.028223495902589435
A2,block_shuffle,18,irreversibility,0.16323757763975155,0.16995073891625617,-0.00671316127650462
A2,block_shuffle,18,metastability_slem,0.7518880337973199,0.6928742483665902,0.05901378543072977
A2,block_shuffle,18,phase_jump_count,5,5,0
A2,block_shuffle,19,self_retention,0.600187629399586,0.5849986497434512,0.01518897965613486
A2,block_shuffle,19,transition_entropy_norm,0.42710292600104,0.4546680648966367,-0.027565138895596697
A2,block_shuffle,19,irreversibility,0.16323757763975155,0.1602349446394815,0.0030026330002700385
A2,block_shuffle,19,metastability_slem,0.7518880337973199,0.7048716109611249,0.047016422836195004
A2,block_shuffle,19,phase_jump_count,5,3,2
A2,block_shuffle,20,self_retention,0.600187629399586,0.5865379422090197,0.013649687190566362
A2,block_shuffle,20,transition_entropy_norm,0.42710292600104,0.4482825909066486,-0.02117966490560863
A2,block_shuffle,20,irreversibility,0.16323757763975155,0.15557655954631378,0.007661018093437777
A2,block_shuffle,20,metastability_slem,0.7518880337973199,0.7157110127056567,0.03617702109166321
A2,block_shuffle,20,phase_jump_count,5,2,3
A2,block_shuffle,21,self_retention,0.600187629399586,0.5908450336656401,0.009342595733945913
A2,block_shuffle,21,transition_entropy_norm,0.42710292600104,0.44504332202327446,-0.01794039602223446
A2,block_shuffle,21,irreversibility,0.16323757763975155,0.16368286445012786,-0.0004452868103763108
A2,block_shuffle,21,metastability_slem,0.7518880337973199,0.7112918481944623,0.040596185602857604
A2,block_shuffle,21,phase_jump_count,5,10,-5
A2,block_shuffle,22,self_retention,0.600187629399586,0.5896570348366189,0.010530594562967122
A2,block_shuffle,22,transition_entropy_norm,0.42710292600104,0.4449224541561244,-0.01781952815508442
A2,block_shuffle,22,irreversibility,0.16323757763975155,0.15245746691871456,0.01078011072103699
A2,block_shuffle,22,metastability_slem,0.7518880337973199,0.7306421150428991,0.021245918754420834
A2,block_shuffle,22,phase_jump_count,5,2,3
A2,block_shuffle,23,self_retention,0.600187629399586,0.5818795571158519,0.0183080722837341
A2,block_shuffle,23,transition_entropy_norm,0.42710292600104,0.45432062948474256,-0.02721770348370256
A2,block_shuffle,23,irreversibility,0.16323757763975155,0.15981636510937075,0.0034212125303808016
A2,block_shuffle,23,metastability_slem,0.7518880337973199,0.703806885668295,0.048081148129024975
A2,block_shuffle,23,phase_jump_count,5,3,2
A2,block_shuffle,24,self_retention,0.600187629399586,0.5846596790890268,0.015527950310559202
A2,block_shuffle,24,transition_entropy_norm,0.42710292600104,0.45417221052825657,-0.027069284527216575
A2,block_shuffle,24,irreversibility,0.16323757763975155,0.16320522774327123,3.2349896480321494e-05
A2,block_shuffle,24,metastability_slem,0.7518880337973199,0.7068294627254736,0.0450585710718463
A2,block_shuffle,24,phase_jump_count,5,3,2
A2,block_shuffle,25,self_retention,0.600187629399586,0.5840651103019919,0.0161225190975941
A2,block_shuffle,25,transition_entropy_norm,0.42710292600104,0.4571599215319875,-0.030056995530947483
A2,block_shuffle,25,irreversibility,0.16323757763975155,0.14489183979438852,0.01834573784536303
A2,block_shuffle,25,metastability_slem,0.7518880337973199,0.7084714940246867,0.04341653977263327
A2,block_shuffle,25,phase_jump_count,5,4,1
A2,block_shuffle,26,self_retention,0.600187629399586,0.5896570348366189,0.010530594562967122
A2,block_shuffle,26,transition_entropy_norm,0.42710292600104,0.4495678395388745,-0.02246491353783453
A2,block_shuffle,26,irreversibility,0.16323757763975155,0.16136916014042665,0.001868417499324898
A2,block_shuffle,26,metastability_slem,0.7518880337973199,0.7046125224668278,0.047275511330492126
A2,block_shuffle,26,phase_jump_count,5,9,-4
A2,block_shuffle,27,self_retention,0.600187629399586,0.5896570348366189,0.010530594562967122
A2,block_shuffle,27,transition_entropy_norm,0.42710292600104,0.44400136488213815,-0.016898438881098155
A2,block_shuffle,27,irreversibility,0.16323757763975155,0.16448825276802592,-0.00125067512827437
A2,block_shuffle,27,metastability_slem,0.7518880337973199,0.7145513922314206,0.03733664156589933
A2,block_shuffle,27,phase_jump_count,5,5,0
A2,block_shuffle,28,self_retention,0.600187629399586,0.5877490942028986,0.012438535196687472
A2,block_shuffle,28,transition_entropy_norm,0.42710292600104,0.4482533949924908,-0.021150468991450788
A2,block_shuffle,28,irreversibility,0.16323757763975155,0.1694649327122153,-0.006227355072463747
A2,block_shuffle,28,metastability_slem,0.7518880337973199,0.7010634638449064,0.05082456995241358
A2,block_shuffle,28,phase_jump_count,5,3,2
A2,block_shuffle,29,self_retention,0.600187629399586,0.5830680098126206,0.017119619586965396
A2,block_shuffle,29,transition_entropy_norm,0.42710292600104,0.45274062975906953,-0.02563770375802954
A2,block_shuffle,29,irreversibility,0.16323757763975155,0.17143379090766742,-0.008196213267915864
A2,block_shuffle,29,metastability_slem,0.7518880337973199,0.7066528212203216,0.04523521257699836
A2,block_shuffle,29,phase_jump_count,5,5,0
A2,reverse,0,self_retention,0.600187629399586,0.6004140786749483,-0.00022644927536230597
A2,reverse,0,transition_entropy_norm,0.42710292600104,0.4287538207801534,-0.0016508947791133988
A2,reverse,0,irreversibility,0.16323757763975155,0.16356107660455488,-0.00032349896480332596
A2,reverse,0,metastability_slem,0.7518880337973199,0.7511356676470718,0.0007523661502480961
A2,reverse,0,phase_jump_count,5,6,-1
E1,shuffle,0,self_retention,0.7803082585691282,0.6129884899458865,0.16731976862324172
E1,shuffle,0,transition_entropy_norm,0.22164747266662066,0.28780829643900885,-0.06616082377238819
E1,shuffle,0,irreversibility,0.013285024154589365,0.02611944961695639,-0.012834425462367027
E1,shuffle,0,metastability_slem,0.7400028662010052,0.0792674063726549,0.6607354598283502
E1,shuffle,0,phase_jump_count,8,3,5
E1,shuffle,1,self_retention,0.7803082585691282,0.6440725095917118,0.13623574897741642
E1,shuffle,1,transition_entropy_norm,0.22164747266662066,0.2875351270336915,-0.06588765436707084
E1,shuffle,1,irreversibility,0.013285024154589365,0.013768949098316618,-0.00048392494372725275
E1,shuffle,1,metastability_slem,0.7400028662010052,0.07119840136047863,0.6688044648405266
E1,shuffle,1,phase_jump_count,8,3,5
E1,shuffle,2,self_retention,0.7803082585691282,0.6471905969981379,0.13311766157099036
E1,shuffle,2,transition_entropy_norm,0.22164747266662066,0.286654525221652,-0.06500705255503136
E1,shuffle,2,irreversibility,0.013285024154589365,0.011063274054263461,0.0022217501003259036
E1,shuffle,2,metastability_slem,0.7400028662010052,0.11537803175046961,0.6246248344505356
E1,shuffle,2,phase_jump_count,8,4,4
E1,shuffle,3,self_retention,0.7803082585691282,0.6440756339277903,0.1362326246413379
E1,shuffle,3,transition_entropy_norm,0.22164747266662066,0.28169306185116033,-0.06004558918453967
E1,shuffle,3,irreversibility,0.013285024154589365,0.026656835422472706,-0.013371811267883341
E1,shuffle,3,metastability_slem,0.7400028662010052,0.12789095917740245,0.6121119070236027
E1,shuffle,3,phase_jump_count,8,3,5
E1,shuffle,4,self_retention,0.7803082585691282,0.6338135495744192,0.14649470899470907
E1,shuffle,4,transition_entropy_norm,0.22164747266662066,0.28878721821158637,-0.06713974554496571
E1,shuffle,4,irreversibility,0.013285024154589365,0.019194271911663226,-0.005909247757073861
E1,shuffle,4,metastability_slem,0.7400028662010052,0.06241106487670534,0.6775918013242999
E1,shuffle,4,phase_jump_count,8,2,6
E1,shuffle,5,self_retention,0.7803082585691282,0.6238736768436707,0.15643458172545754
E1,shuffle,5,transition_entropy_norm,0.22164747266662066,0.2884211414603518,-0.06677366879373114
E1,shuffle,5,irreversibility,0.013285024154589365,0.009141807365934755,0.00414321678865461
E1,shuffle,5,metastability_slem,0.7400028662010052,0.09284241756150809,0.6471604486394971
E1,shuffle,5,phase_jump_count,8,2,6
E1,shuffle,6,self_retention,0.7803082585691282,0.6207618381094017,0.15954642045972656
E1,shuffle,6,transition_entropy_norm,0.22164747266662066,0.286825507359687,-0.06517803469306632
E1,shuffle,6,irreversibility,0.013285024154589365,0.018864741242485977,-0.0055797170878966115
E1,shuffle,6,metastability_slem,0.7400028662010052,0.0748803706618251,0.6651224955391801
E1,shuffle,6,phase_jump_count,8,5,3
E1,shuffle,7,self_retention,0.7803082585691282,0.6211180124223601,0.15919024614676813
E1,shuffle,7,transition_entropy_norm,0.22164747266662066,0.2879498596430638,-0.06630238697644314
E1,shuffle,7,irreversibility,0.013285024154589365,0.0193502150023889,-0.0060651908477995335
E1,shuffle,7,metastability_slem,0.7400028662010052,0.11107267526534433,0.6289301909356608
E1,shuffle,7,phase_jump_count,8,3,5
E1,shuffle,8,self_retention,0.7803082585691282,0.6347463663971405,0.14556189217198767
E1,shuffle,8,transition_entropy_norm,0.22164747266662066,0.28601778378727793,-0.06437031112065728
E1,shuffle,8,irreversibility,0.013285024154589365,0.026619343389529718,-0.013334319234940353
E1,shuffle,8,metastability_slem,0.7400028662010052,0.10822270266171659,0.6317801635392886
E1,shuffle,8,phase_jump_count,8,5,3
E1,shuffle,9,self_retention,0.7803082585691282,0.6119450195537152,0.16836323901541306
E1,shuffle,9,transition_entropy_norm,0.22164747266662066,0.2865111517814264,-0.06486367911480573
E1,shuffle,9,irreversibility,0.013285024154589365,0.006498734759604314,0.006786289394985051
E1,shuffle,9,metastability_slem,0.7400028662010052,0.1291714630451144,0.6108314031558908
E1,shuffle,9,phase_jump_count,8,4,4
E1,shuffle,10,self_retention,0.7803082585691282,0.6285383106089956,0.15176994796013266
E1,shuffle,10,transition_entropy_norm,0.22164747266662066,0.28842528629012754,-0.06677781362350688
E1,shuffle,10,irreversibility,0.013285024154589365,0.01426259419873278,-0.0009775700441434151
E1,shuffle,10,metastability_slem,0.7400028662010052,0.06957774241747273,0.6704251237835325
E1,shuffle,10,phase_jump_count,8,3,5
E1,shuffle,11,self_retention,0.7803082585691282,0.6378519564592523,0.14245630210987592
E1,shuffle,11,transition_entropy_norm,0.22164747266662066,0.287367487039856,-0.06572001437323532
E1,shuffle,11,irreversibility,0.013285024154589365,0.011078895734656409,0.0022061284199329564
E1,shuffle,11,metastability_slem,0.7400028662010052,0.08841240197209241,0.6515904642289128
E1,shuffle,11,phase_jump_count,8,2,6
E1,shuffle,12,self_retention,0.7803082585691282,0.6338566827697262,0.14645157579940205
E1,shuffle,12,transition_entropy_norm,0.22164747266662066,0.2866801479818924,-0.06503267531527174
E1,shuffle,12,irreversibility,0.013285024154589365,0.018317230273752032,-0.005032206119162667
E1,shuffle,12,metastability_slem,0.7400028662010052,0.05821918629718023,0.6817836799038249
E1,shuffle,12,phase_jump_count,8,4,4
E1,shuffle,13,self_retention,0.7803082585691282,0.6478462157809984,0.13246204278812979
E1,shuffle,13,transition_entropy_norm,0.22164747266662066,0.2884713596094546,-0.06682388694283392
E1,shuffle,13,irreversibility,0.013285024154589365,0.014593397745571671,-0.0013083735909823063
E1,shuffle,13,metastability_slem,0.7400028662010052,0.08835729451599918,0.651645571685006
E1,shuffle,13,phase_jump_count,8,5,3
E1,shuffle,14,self_retention,0.7803082585691282,0.6456346776310034,0.13467358093812487
E1,shuffle,14,transition_entropy_norm,0.22164747266662066,0.288173417007337,-0.06652594434071635
E1,shuffle,14,irreversibility,0.013285024154589365,0.02505405101415948,-0.011769026859570115
E1,shuffle,14,metastability_slem,0.7400028662010052,0.04321665580254048,0.6967862103984647
E1,shuffle,14,phase_jump_count,8,1,7
E1,shuffle,15,self_retention,0.7803082585691282,0.6347463663971405,0.14556189217198767
E1,shuffle,15,transition_entropy_norm,0.22164747266662066,0.2868114048817037,-0.06516393221508304
E1,shuffle,15,irreversibility,0.013285024154589365,0.02350750465526078,-0.010222480500671417
E1,shuffle,15,metastability_slem,0.7400028662010052,0.07028284934331837,0.6697200168576868
E1,shuffle,15,phase_jump_count,8,2,6
E1,shuffle,16,self_retention,0.7803082585691282,0.6254170988664908,0.15489115970263745
E1,shuffle,16,transition_entropy_norm,0.22164747266662066,0.2877784004233327,-0.06613092775671203
E1,shuffle,16,irreversibility,0.013285024154589365,0.011166377144856722,0.002118647009732643
E1,shuffle,16,metastability_slem,0.7400028662010052,0.06088635413994649,0.6791165120610587
E1,shuffle,16,phase_jump_count,8,1,7
E1,shuffle,17,self_retention,0.7803082585691282,0.6145350363047852,0.165773222264343
E1,shuffle,17,transition_entropy_norm,0.22164747266662066,0.28596070473908036,-0.0643132320724597
E1,shuffle,17,irreversibility,0.013285024154589365,0.03436457252833773,-0.021079548373748366
E1,shuffle,17,metastability_slem,0.7400028662010052,0.06737175393067935,0.6726311122703259
E1,shuffle,17,phase_jump_count,8,6,2
E1,shuffle,18,self_retention,0.7803082585691282,0.6291407867494824,0.15116747181964585
E1,shuffle,18,transition_entropy_norm,0.22164747266662066,0.2880392444190078,-0.06639177175238714
E1,shuffle,18,irreversibility,0.013285024154589365,0.02688635840809754,-0.013601334253508176
E1,shuffle,18,metastability_slem,0.7400028662010052,0.06938294819756255,0.6706199180034427
E1,shuffle,18,phase_jump_count,8,5,3
E1,shuffle,19,self_retention,0.7803082585691282,0.6300817326318157,0.15022652593731256
E1,shuffle,19,transition_entropy_norm,0.22164747266662066,0.28551680597790774,-0.06386933331128708
E1,shuffle,19,irreversibility,0.013285024154589365,0.012744166864541277,0.0005408572900480885
E1,shuffle,19,metastability_slem,0.7400028662010052,0.12174038593336996,0.6182624802676352
E1,shuffle,19,phase_jump_count,8,10,-2
E1,shuffle,20,self_retention,0.7803082585691282,0.6316345276628715,0.14867373090625668
E1,shuffle,20,transition_entropy_norm,0.22164747266662066,0.28790998686078956,-0.0662625141941689
E1,shuffle,20,irreversibility,0.013285024154589365,0.014296961895597197,-0.0010119377410078324
E1,shuffle,20,metastability_slem,0.7400028662010052,0.12000778919050753,0.6199950770104976
E1,shuffle,20,phase_jump_count,8,7,1
E1,shuffle,21,self_retention,0.7803082585691282,0.6456284289588462,0.13467982961028202
E1,shuffle,21,transition_entropy_norm,0.22164747266662066,0.2862770880665058,-0.06462961539988515
E1,shuffle,21,irreversibility,0.013285024154589365,0.028240873814314477,-0.014955849659725112
E1,shuffle,21,metastability_slem,0.7400028662010052,0.07285087416375449,0.6671519920372507
E1,shuffle,21,phase_jump_count,8,3,5
E1,shuffle,22,self_retention,0.7803082585691282,0.6316407763350287,0.14866748223409953
E1,shuffle,22,transition_entropy_norm,0.22164747266662066,0.28885577466069823,-0.06720830199407757
E1,shuffle,22,irreversibility,0.013285024154589365,0.01997075621430446,-0.006685732059715094
E1,shuffle,22,metastability_slem,0.7400028662010052,0.06511385007501207,0.6748890161259932
E1,shuffle,22,phase_jump_count,8,5,3
E1,shuffle,23,self_retention,0.7803082585691282,0.624223602484472,0.15608465608465627
E1,shuffle,23,transition_entropy_norm,0.22164747266662066,0.2861303243530682,-0.06448285168644752
E1,shuffle,23,irreversibility,0.013285024154589365,0.028905876731963695,-0.01562085257737433
E1,shuffle,23,metastability_slem,0.7400028662010052,0.10181487057781706,0.6381879956231882
E1,shuffle,23,phase_jump_count,8,4,4
E1,shuffle,24,self_retention,0.7803082585691282,0.6238674281715135,0.1564408303976147
E1,shuffle,24,transition_entropy_norm,0.22164747266662066,0.2894742917733228,-0.06782681910670213
E1,shuffle,24,irreversibility,0.013285024154589365,0.018927227964057644,-0.005642203809468279
E1,shuffle,24,metastability_slem,0.7400028662010052,0.045039173750467884,0.6949636924505374
E1,shuffle,24,phase_jump_count,8,4,4
E1,shuffle,25,self_retention,0.7803082585691282,0.6238643038354349,0.15644395473369332
E1,shuffle,25,transition_entropy_norm,0.22164747266662066,0.28870277772215674,-0.06705530505553609
E1,shuffle,25,irreversibility,0.013285024154589365,0.01582476223802442,-0.0025397380834350537
E1,shuffle,25,metastability_slem,0.7400028662010052,0.0517415488023967,0.6882613173986085
E1,shuffle,25,phase_jump_count,8,3,5
E1,shuffle,26,self_retention,0.7803082585691282,0.6129884899458865,0.16731976862324172
E1,shuffle,26,transition_entropy_norm,0.22164747266662066,0.2893363788026717,-0.06768890613605105
E1,shuffle,26,irreversibility,0.013285024154589365,0.013728332729295013,-0.00044330857470564755
E1,shuffle,26,metastability_slem,0.7400028662010052,0.056997766366725225,0.6830050998342799
E1,shuffle,26,phase_jump_count,8,2,6
E1,shuffle,27,self_retention,0.7803082585691282,0.6223052601322219,0.15800299843690635
E1,shuffle,27,transition_entropy_norm,0.22164747266662066,0.2856143813073227,-0.06396690864070204
E1,shuffle,27,irreversibility,0.013285024154589365,0.01685891748003551,-0.003573893325446144
E1,shuffle,27,metastability_slem,0.7400028662010052,0.05401486362560893,0.6859880025753963
E1,shuffle,27,phase_jump_count,8,2,6
E1,shuffle,28,self_retention,0.7803082585691282,0.6129822412737294,0.16732601729539887
E1,shuffle,28,transition_entropy_norm,0.22164747266662066,0.2873166752573275,-0.06566920259070685
E1,shuffle,28,irreversibility,0.013285024154589365,0.01732131921966579,-0.004036295065076426
E1,shuffle,28,metastability_slem,0.7400028662010052,0.10236310604776601,0.6376397601532392
E1,shuffle,28,phase_jump_count,8,3,5
E1,shuffle,29,self_retention,0.7803082585691282,0.6207680867815588,0.1595401717875694
E1,shuffle,29,transition_entropy_norm,0.22164747266662066,0.28582135656479063,-0.06417388389816997
E1,shuffle,29,irreversibility,0.013285024154589365,0.03132459352387619,-0.018039569369286825
E1,shuffle,29,metastability_slem,0.7400028662010052,0.09276187446659677,0.6472409917344084
E1,shuffle,29,phase_jump_count,8,4,4
E1,block_shuffle,0,self_retention,0.7803082585691282,0.7746353899796293,0.005672868589498892
E1,block_shuffle,0,transition_entropy_norm,0.22164747266662066,0.22863581042974546,-0.006988337763124797
E1,block_shuffle,0,irreversibility,0.013285024154589365,0.011016409013084726,0.0022686151415046395
E1,block_shuffle,0,metastability_slem,0.7400028662010052,0.6808195096560796,0.05918335654492557
E1,block_shuffle,0,phase_jump_count,8,7,1
E1,block_shuffle,1,self_retention,0.7803082585691282,0.7746353899796293,0.005672868589498892
E1,block_shuffle,1,transition_entropy_norm,0.22164747266662066,0.22863581042974546,-0.006988337763124797
E1,block_shuffle,1,irreversibility,0.013285024154589365,0.011016409013084726,0.0022686151415046395
E1,block_shuffle,1,metastability_slem,0.7400028662010052,0.6808195096560796,0.05918335654492557
E1,block_shuffle,1,phase_jump_count,8,4,4
E1,block_shuffle,2,self_retention,0.7803082585691282,0.7746353899796294,0.005672868589498781
E1,block_shuffle,2,transition_entropy_norm,0.22164747266662066,0.22560688597462747,-0.0039594133080068095
E1,block_shuffle,2,irreversibility,0.013285024154589365,0.011016409013084719,0.0022686151415046464
E1,block_shuffle,2,metastability_slem,0.7400028662010052,0.7398470996155564,0.00015576658544880218
E1,block_shuffle,2,phase_jump_count,8,6,2
E1,block_shuffle,3,self_retention,0.7803082585691282,0.7777472287138982,0.0025610298552299904
E1,block_shuffle,3,transition_entropy_norm,0.22164747266662066,0.2268292602896128,-0.005181787622992151
E1,block_shuffle,3,irreversibility,0.013285024154589365,0.013803316795181014,-0.0005182926405916492
E1,block_shuffle,3,metastability_slem,0.7400028662010052,0.6808941777095872,0.05910868849141804
E1,block_shuffle,3,phase_jump_count,8,4,4
E1,block_shuffle,4,self_retention,0.7803082585691282,0.7730825949485733,0.0072256636205548785
E1,block_shuffle,4,transition_entropy_norm,0.22164747266662066,0.2306997997552047,-0.009052327088584028
E1,block_shuffle,4,irreversibility,0.013285024154589365,0.015681042778409586,-0.002396018623820221
E1,block_shuffle,4,metastability_slem,0.7400028662010052,0.6806562211392283,0.05934664506177689
E1,block_shuffle,4,phase_jump_count,8,5,3
E1,block_shuffle,5,self_retention,0.7803082585691282,0.771526675581439,0.008781582987689274
E1,block_shuffle,5,transition_entropy_norm,0.22164747266662066,0.22999860696587948,-0.008351134299258822
E1,block_shuffle,5,irreversibility,0.013285024154589365,0.0110195333491633,0.0022654908054260646
E1,block_shuffle,5,metastability_slem,0.7400028662010052,0.680821558289793,0.05918130791121223
E1,block_shuffle,5,phase_jump_count,8,4,4
E1,block_shuffle,6,self_retention,0.7803082585691282,0.771526675581439,0.008781582987689274
E1,block_shuffle,6,transition_entropy_norm,0.22164747266662066,0.22999860696587948,-0.008351134299258822
E1,block_shuffle,6,irreversibility,0.013285024154589365,0.0110195333491633,0.0022654908054260646
E1,block_shuffle,6,metastability_slem,0.7400028662010052,0.680821558289793,0.05918130791121223
E1,block_shuffle,6,phase_jump_count,8,8,0
E1,block_shuffle,7,self_retention,0.7803082585691282,0.7746353899796293,0.005672868589498892
E1,block_shuffle,7,transition_entropy_norm,0.22164747266662066,0.22863581042974546,-0.006988337763124797
E1,block_shuffle,7,irreversibility,0.013285024154589365,0.011016409013084726,0.0022686151415046395
E1,block_shuffle,7,metastability_slem,0.7400028662010052,0.6808195096560796,0.05918335654492557
E1,block_shuffle,7,phase_jump_count,8,6,2
E1,block_shuffle,8,self_retention,0.7803082585691282,0.7746353899796293,0.005672868589498892
E1,block_shuffle,8,transition_entropy_norm,0.22164747266662066,0.22863581042974546,-0.006988337763124797
E1,block_shuffle,8,irreversibility,0.013285024154589365,0.011016409013084726,0.0022686151415046395
E1,block_shuffle,8,metastability_slem,0.7400028662010052,0.6808195096560796,0.05918335654492557
E1,block_shuffle,8,phase_jump_count,8,7,1
E1,block_shuffle,9,self_retention,0.7803082585691282,0.771526675581439,0.008781582987689274
E1,block_shuffle,9,transition_entropy_norm,0.22164747266662066,0.22999860696587948,-0.008351134299258822
E1,block_shuffle,9,irreversibility,0.013285024154589365,0.0110195333491633,0.0022654908054260646
E1,block_shuffle,9,metastability_slem,0.7400028662010052,0.680821558289793,0.05918130791121223
E1,block_shuffle,9,phase_jump_count,8,7,1
E1,block_shuffle,10,self_retention,0.7803082585691282,0.771526675581439,0.008781582987689274
E1,block_shuffle,10,transition_entropy_norm,0.22164747266662066,0.22999860696587948,-0.008351134299258822
E1,block_shuffle,10,irreversibility,0.013285024154589365,0.0110195333491633,0.0022654908054260646
E1,block_shuffle,10,metastability_slem,0.7400028662010052,0.680821558289793,0.05918130791121223
E1,block_shuffle,10,phase_jump_count,8,8,0
E1,block_shuffle,11,self_retention,0.7803082585691282,0.7777441043778197,0.0025641541913085097
E1,block_shuffle,11,transition_entropy_norm,0.22164747266662066,0.22424263327900562,-0.0025951606123849613
E1,block_shuffle,11,irreversibility,0.013285024154589365,0.011013284677006144,0.0022717394775832213
E1,block_shuffle,11,metastability_slem,0.7400028662010052,0.7398425811519443,0.00016028504906084873
E1,block_shuffle,11,phase_jump_count,8,3,5
E1,block_shuffle,12,self_retention,0.7803082585691282,0.771526675581439,0.008781582987689274
E1,block_shuffle,12,transition_entropy_norm,0.22164747266662066,0.22999860696587948,-0.008351134299258822
E1,block_shuffle,12,irreversibility,0.013285024154589365,0.0110195333491633,0.0022654908054260646
E1,block_shuffle,12,metastability_slem,0.7400028662010052,0.680821558289793,0.05918130791121223
E1,block_shuffle,12,phase_jump_count,8,7,1
E1,block_shuffle,13,self_retention,0.7803082585691282,0.7746385143157077,0.005669744253420483
E1,block_shuffle,13,transition_entropy_norm,0.22164747266662066,0.2294087291087991,-0.007761256442178427
E1,block_shuffle,13,irreversibility,0.013285024154589365,0.011013284677006144,0.0022717394775832213
E1,block_shuffle,13,metastability_slem,0.7400028662010052,0.68157469561677,0.05842817058423522
E1,block_shuffle,13,phase_jump_count,8,5,3
E1,block_shuffle,14,self_retention,0.7803082585691282,0.7746353899796293,0.005672868589498892
E1,block_shuffle,14,transition_entropy_norm,0.22164747266662066,0.22863581042974546,-0.006988337763124797
E1,block_shuffle,14,irreversibility,0.013285024154589365,0.011016409013084726,0.0022686151415046395
E1,block_shuffle,14,metastability_slem,0.7400028662010052,0.6808195096560796,0.05918335654492557
E1,block_shuffle,14,phase_jump_count,8,5,3
E1,block_shuffle,15,self_retention,0.7803082585691282,0.7730825949485733,0.0072256636205548785
E1,block_shuffle,15,transition_entropy_norm,0.22164747266662066,0.22954883681545463,-0.007901364148833967
E1,block_shuffle,15,irreversibility,0.013285024154589365,0.012569204044140622,0.0007158201104487429
E1,block_shuffle,15,metastability_slem,0.7400028662010052,0.680890540901978,0.05911232529902721
E1,block_shuffle,15,phase_jump_count,8,8,0
E1,block_shuffle,16,self_retention,0.7803082585691282,0.771526675581439,0.008781582987689274
E1,block_shuffle,16,transition_entropy_norm,0.22164747266662066,0.22999860696587948,-0.008351134299258822
E1,block_shuffle,16,irreversibility,0.013285024154589365,0.0110195333491633,0.0022654908054260646
E1,block_shuffle,16,metastability_slem,0.7400028662010052,0.680821558289793,0.05918130791121223
E1,block_shuffle,16,phase_jump_count,8,4,4
E1,block_shuffle,17,self_retention,0.7803082585691282,0.7746353899796293,0.005672868589498892
E1,block_shuffle,17,transition_entropy_norm,0.22164747266662066,0.22863581042974546,-0.006988337763124797
E1,block_shuffle,17,irreversibility,0.013285024154589365,0.011016409013084726,0.0022686151415046395
E1,block_shuffle,17,metastability_slem,0.7400028662010052,0.6808195096560796,0.05918335654492557
E1,block_shuffle,17,phase_jump_count,8,4,4
E1,block_shuffle,18,self_retention,0.7803082585691282,0.7725299056820796,0.007778352887048645
E1,block_shuffle,18,transition_entropy_norm,0.22164747266662066,0.22979632737628883,-0.008148854709668168
E1,block_shuffle,18,irreversibility,0.013285024154589365,0.011717851391764445,0.00156717276282492
E1,block_shuffle,18,metastability_slem,0.7400028662010052,0.6808001604683339,0.05920270573267128
E1,block_shuffle,18,phase_jump_count,8,4,4
E1,block_shuffle,19,self_retention,0.7803082585691282,0.7730825949485733,0.0072256636205548785
E1,block_shuffle,19,transition_entropy_norm,0.22164747266662066,0.22954883681545463,-0.007901364148833967
E1,block_shuffle,19,irreversibility,0.013285024154589365,0.012569204044140622,0.0007158201104487429
E1,block_shuffle,19,metastability_slem,0.7400028662010052,0.680890540901978,0.05911232529902721
E1,block_shuffle,19,phase_jump_count,8,4,4
E1,block_shuffle,20,self_retention,0.7803082585691282,0.7746353899796293,0.005672868589498892
E1,block_shuffle,20,transition_entropy_norm,0.22164747266662066,0.22863581042974546,-0.006988337763124797
E1,block_shuffle,20,irreversibility,0.013285024154589365,0.011016409013084726,0.0022686151415046395
E1,block_shuffle,20,metastability_slem,0.7400028662010052,0.6808195096560796,0.05918335654492557
E1,block_shuffle,20,phase_jump_count,8,7,1
E1,block_shuffle,21,self_retention,0.7803082585691282,0.7746385143157077,0.005669744253420483
E1,block_shuffle,21,transition_entropy_norm,0.22164747266662066,0.22854244666888873,-0.006894974002268073
E1,block_shuffle,21,irreversibility,0.013285024154589365,0.011013284677006144,0.0022717394775832213
E1,block_shuffle,21,metastability_slem,0.7400028662010052,0.6792170779695906,0.06078578823141456
E1,block_shuffle,21,phase_jump_count,8,7,1
E1,block_shuffle,22,self_retention,0.7803082585691282,0.771526675581439,0.008781582987689274
E1,block_shuffle,22,transition_entropy_norm,0.22164747266662066,0.22999860696587948,-0.008351134299258822
E1,block_shuffle,22,irreversibility,0.013285024154589365,0.0110195333491633,0.0022654908054260646
E1,block_shuffle,22,metastability_slem,0.7400028662010052,0.680821558289793,0.05918130791121223
E1,block_shuffle,22,phase_jump_count,8,6,2
E1,block_shuffle,23,self_retention,0.7803082585691282,0.771526675581439,0.008781582987689274
E1,block_shuffle,23,transition_entropy_norm,0.22164747266662066,0.22999860696587948,-0.008351134299258822
E1,block_shuffle,23,irreversibility,0.013285024154589365,0.0110195333491633,0.0022654908054260646
E1,block_shuffle,23,metastability_slem,0.7400028662010052,0.680821558289793,0.05918130791121223
E1,block_shuffle,23,phase_jump_count,8,5,3
E1,block_shuffle,24,self_retention,0.7803082585691282,0.7746353899796293,0.005672868589498892
E1,block_shuffle,24,transition_entropy_norm,0.22164747266662066,0.22863581042974546,-0.006988337763124797
E1,block_shuffle,24,irreversibility,0.013285024154589365,0.011016409013084726,0.0022686151415046395
E1,block_shuffle,24,metastability_slem,0.7400028662010052,0.6808195096560796,0.05918335654492557
E1,block_shuffle,24,phase_jump_count,8,2,6
E1,block_shuffle,25,self_retention,0.7803082585691282,0.7746385143157077,0.005669744253420483
E1,block_shuffle,25,transition_entropy_norm,0.22164747266662066,0.22821928601534286,-0.0065718133487222
E1,block_shuffle,25,irreversibility,0.013285024154589365,0.01380019245910244,-0.0005151683045130744
E1,block_shuffle,25,metastability_slem,0.7400028662010052,0.680893214994854,0.05910965120615119
E1,block_shuffle,25,phase_jump_count,8,8,0
E1,block_shuffle,26,self_retention,0.7803082585691282,0.7746353899796294,0.005672868589498781
E1,block_shuffle,26,transition_entropy_norm,0.22164747266662066,0.22560688597462747,-0.0039594133080068095
E1,block_shuffle,26,irreversibility,0.013285024154589365,0.011016409013084719,0.0022686151415046464
E1,block_shuffle,26,metastability_slem,0.7400028662010052,0.7398470996155564,0.00015576658544880218
E1,block_shuffle,26,phase_jump_count,8,8,0
E1,block_shuffle,27,self_retention,0.7803082585691282,0.7725299056820796,0.007778352887048645
E1,block_shuffle,27,transition_entropy_norm,0.22164747266662066,0.22979632737628883,-0.008148854709668168
E1,block_shuffle,27,irreversibility,0.013285024154589365,0.011717851391764445,0.00156717276282492
E1,block_shuffle,27,metastability_slem,0.7400028662010052,0.6808001604683339,0.05920270573267128
E1,block_shuffle,27,phase_jump_count,8,4,4
E1,block_shuffle,28,self_retention,0.7803082585691282,0.7730825949485733,0.0072256636205548785
E1,block_shuffle,28,transition_entropy_norm,0.22164747266662066,0.2286825543755443,-0.007035081708923641
E1,block_shuffle,28,irreversibility,0.013285024154589365,0.009463613982028822,0.003821410172560543
E1,block_shuffle,28,metastability_slem,0.7400028662010052,0.6808237272987719,0.05917913890223325
E1,block_shuffle,28,phase_jump_count,8,7,1
E1,block_shuffle,29,self_retention,0.7803082585691282,0.7746353899796293,0.005672868589498892
E1,block_shuffle,29,transition_entropy_norm,0.22164747266662066,0.22863581042974546,-0.006988337763124797
E1,block_shuffle,29,irreversibility,0.013285024154589365,0.011016409013084726,0.0022686151415046395
E1,block_shuffle,29,metastability_slem,0.7400028662010052,0.6808195096560796,0.05918335654492557
E1,block_shuffle,29,phase_jump_count,8,5,3
E1,reverse,0,self_retention,0.7803082585691282,0.7796225513616819,0.0006857072074463177
E1,reverse,0,transition_entropy_norm,0.22164747266662066,0.22305378135825527,-0.0014063086916346057
E1,reverse,0,irreversibility,0.013285024154589365,0.013258480649785005,2.654350480436017e-05
E1,reverse,0,metastability_slem,0.7400028662010052,0.7406058432907164,-0.000602977089711243
E1,reverse,0,phase_jump_count,8,3,5
E2,shuffle,0,self_retention,0.8237882109365485,0.6223089010417955,0.20147930989475304
E2,shuffle,0,transition_entropy_norm,0.16740147619201898,0.2887409506291766,-0.12133947443715762
E2,shuffle,0,irreversibility,0.008479478748020953,0.013823587637029521,-0.005344108889008568
E2,shuffle,0,metastability_slem,0.8333333333333334,0.09338317404057099,0.7399501592927624
E2,shuffle,0,phase_jump_count,4,3,1
E2,shuffle,1,self_retention,0.8237882109365485,0.6471907401450099,0.17659747079153865
E2,shuffle,1,transition_entropy_norm,0.16740147619201898,0.28791526481312946,-0.12051378862111048
E2,shuffle,1,irreversibility,0.008479478748020953,0.044910420430080894,-0.036430941682059945
E2,shuffle,1,metastability_slem,0.8333333333333334,0.07030683859944285,0.7630264947338905
E2,shuffle,1,phase_jump_count,4,5,-1
E2,shuffle,2,self_retention,0.8237882109365485,0.6243053285387381,0.19948288239781042
E2,shuffle,2,transition_entropy_norm,0.16740147619201898,0.28391813541902255,-0.11651665922700358
E2,shuffle,2,irreversibility,0.008479478748020953,0.040127492644655094,-0.031648013896634145
E2,shuffle,2,metastability_slem,0.8333333333333334,0.11563988495417712,0.7176934483791563
E2,shuffle,2,phase_jump_count,4,3,1
E2,shuffle,3,self_retention,0.8237882109365485,0.6041590549263184,0.21962915601023014
E2,shuffle,3,transition_entropy_norm,0.16740147619201898,0.28670916859780077,-0.11930769240578179
E2,shuffle,3,irreversibility,0.008479478748020953,0.017354767994154183,-0.00887528924613323
E2,shuffle,3,metastability_slem,0.8333333333333334,0.09246763931052396,0.7408656940228094
E2,shuffle,3,phase_jump_count,4,5,-1
E2,shuffle,4,self_retention,0.8237882109365485,0.6269827522209299,0.1968054587156186
E2,shuffle,4,transition_entropy_norm,0.16740147619201898,0.28711929055192104,-0.11971781435990206
E2,shuffle,4,irreversibility,0.008479478748020953,0.03706292841058128,-0.028583449662560326
E2,shuffle,4,metastability_slem,0.8333333333333334,0.10149413635162687,0.7318391969817065
E2,shuffle,4,phase_jump_count,4,2,2
E2,shuffle,5,self_retention,0.8237882109365485,0.6549609017346761,0.1688273092018724
E2,shuffle,5,transition_entropy_norm,0.16740147619201898,0.2872416343181294,-0.1198401581261104
E2,shuffle,5,irreversibility,0.008479478748020953,0.02190925738041622,-0.013429778632395268
E2,shuffle,5,metastability_slem,0.8333333333333334,0.08668165125622719,0.7466516820771062
E2,shuffle,5,phase_jump_count,4,0,4
E2,shuffle,6,self_retention,0.8237882109365485,0.6192033109796836,0.2045848999568649
E2,shuffle,6,transition_entropy_norm,0.16740147619201898,0.28741214752595096,-0.12001067133393198
E2,shuffle,6,irreversibility,0.008479478748020953,0.02302900200440475,-0.014549523256383798
E2,shuffle,6,metastability_slem,0.8333333333333334,0.06246513010257801,0.7708682032307553
E2,shuffle,6,phase_jump_count,4,5,-1
E2,shuffle,7,self_retention,0.8237882109365485,0.6269765657865431,0.19681164515000538
E2,shuffle,7,transition_entropy_norm,0.16740147619201898,0.28909361292604524,-0.12169213673402626
E2,shuffle,7,irreversibility,0.008479478748020953,0.015373289450892095,-0.006893810702871142
E2,shuffle,7,metastability_slem,0.8333333333333334,0.0711464699087271,0.7621868634246063
E2,shuffle,7,phase_jump_count,4,2,2
E2,shuffle,8,self_retention,0.8237882109365485,0.6456317586795673,0.17815645225698118
E2,shuffle,8,transition_entropy_norm,0.16740147619201898,0.2850235037643901,-0.11762202757237114
E2,shuffle,8,irreversibility,0.008479478748020953,0.028157556110959877,-0.019678077362938924
E2,shuffle,8,metastability_slem,0.8333333333333334,0.09803183927357739,0.735301494059756
E2,shuffle,8,phase_jump_count,4,4,0
E2,shuffle,9,self_retention,0.8237882109365485,0.6223089010417955,0.20147930989475304
E2,shuffle,9,transition_entropy_norm,0.16740147619201898,0.28617304967916113,-0.11877157348714215
E2,shuffle,9,irreversibility,0.008479478748020953,0.0173312959342753,-0.008851817186254347
E2,shuffle,9,metastability_slem,0.8333333333333334,0.07453219208543856,0.7588011412478948
E2,shuffle,9,phase_jump_count,4,4,0
E2,shuffle,10,self_retention,0.8237882109365485,0.634752913810596,0.18903529712595257
E2,shuffle,10,transition_entropy_norm,0.16740147619201898,0.28902103343932567,-0.12161955724730669
E2,shuffle,10,irreversibility,0.008479478748020953,0.020489470688673864,-0.01200999194065291
E2,shuffle,10,metastability_slem,0.8333333333333334,0.0688770192857317,0.7644563140476017
E2,shuffle,10,phase_jump_count,4,3,1
E2,shuffle,11,self_retention,0.8237882109365485,0.6363088020588453,0.1874794088777032
E2,shuffle,11,transition_entropy_norm,0.16740147619201898,0.288430135646506,-0.12102865945448701
E2,shuffle,11,irreversibility,0.008479478748020953,0.018871718096557858,-0.010392239348536905
E2,shuffle,11,metastability_slem,0.8333333333333334,0.059356918693646496,0.7739764146396869
E2,shuffle,11,phase_jump_count,4,3,1
E2,shuffle,12,self_retention,0.8237882109365485,0.6338143953233467,0.1899738156132018
E2,shuffle,12,transition_entropy_norm,0.16740147619201898,0.2898375155730339,-0.12243603938101491
E2,shuffle,12,irreversibility,0.008479478748020953,0.01589331384727804,-0.007413835099257086
E2,shuffle,12,metastability_slem,0.8333333333333334,0.06661777910930586,0.7667155542240275
E2,shuffle,12,phase_jump_count,4,5,-1
E2,shuffle,13,self_retention,0.8237882109365485,0.623858602855658,0.19992960808089055
E2,shuffle,13,transition_entropy_norm,0.16740147619201898,0.286822897932799,-0.11942142174078005
E2,shuffle,13,irreversibility,0.008479478748020953,0.015373289450892069,-0.006893810702871116
E2,shuffle,13,metastability_slem,0.8333333333333334,0.10784411642194339,0.72548921691139
E2,shuffle,13,phase_jump_count,4,5,-1
E2,shuffle,14,self_retention,0.8237882109365485,0.6440789636485115,0.17970924728803706
E2,shuffle,14,transition_entropy_norm,0.16740147619201898,0.29182148148386045,-0.12442000529184147
E2,shuffle,14,irreversibility,0.008479478748020953,0.00450681745069412,0.003972661297326833
E2,shuffle,14,metastability_slem,0.8333333333333334,0.083508027419305,0.7498253059140284
E2,shuffle,14,phase_jump_count,4,7,-3
E2,shuffle,15,self_retention,0.8237882109365485,0.6331970255623469,0.1905911853742016
E2,shuffle,15,transition_entropy_norm,0.16740147619201898,0.2900411994648665,-0.12263972327284753
E2,shuffle,15,irreversibility,0.008479478748020953,0.01572282299373931,-0.007243344245718358
E2,shuffle,15,metastability_slem,0.8333333333333334,0.0520615751671776,0.7812717581661558
E2,shuffle,15,phase_jump_count,4,2,2
E2,shuffle,16,self_retention,0.8237882109365485,0.6145418326693226,0.20924637826722592
E2,shuffle,16,transition_entropy_norm,0.16740147619201898,0.28667214006954583,-0.11927066387752686
E2,shuffle,16,irreversibility,0.008479478748020953,0.02467150033406746,-0.016192021586046507
E2,shuffle,16,metastability_slem,0.8333333333333334,0.07559119365597941,0.7577421396773539
E2,shuffle,16,phase_jump_count,4,6,-2
E2,shuffle,17,self_retention,0.8237882109365485,0.6285231743832125,0.19526503655333605
E2,shuffle,17,transition_entropy_norm,0.16740147619201898,0.2854970280677754,-0.1180955518757564
E2,shuffle,17,irreversibility,0.008479478748020953,0.016932270916334688,-0.008452792168313735
E2,shuffle,17,metastability_slem,0.8333333333333334,0.331710114891326,0.5016232184420073
E2,shuffle,17,phase_jump_count,4,3,1
E2,shuffle,18,self_retention,0.8237882109365485,0.623867882507238,0.1999203284293105
E2,shuffle,18,transition_entropy_norm,0.16740147619201898,0.28775837609842386,-0.12035689990640489
E2,shuffle,18,irreversibility,0.008479478748020953,0.024699339288807524,-0.01621986054078657
E2,shuffle,18,metastability_slem,0.8333333333333334,0.06884632753421123,0.7644870057991221
E2,shuffle,18,phase_jump_count,4,7,-3
E2,shuffle,19,self_retention,0.8237882109365485,0.6254206775382939,0.19836753339825464
E2,shuffle,19,transition_entropy_norm,0.16740147619201898,0.2862930196726807,-0.11889154348066175
E2,shuffle,19,irreversibility,0.008479478748020953,0.02360434040236569,-0.015124861654344738
E2,shuffle,19,metastability_slem,0.8333333333333334,0.07205866023543203,0.7612746730979013
E2,shuffle,19,phase_jump_count,4,5,-1
E2,shuffle,20,self_retention,0.8237882109365485,0.6502963302071216,0.1734918807294269
E2,shuffle,20,transition_entropy_norm,0.16740147619201898,0.28849404718159366,-0.12109257098957468
E2,shuffle,20,irreversibility,0.008479478748020953,0.014207146569003487,-0.005727667820982534
E2,shuffle,20,metastability_slem,0.8333333333333334,0.1746533444933987,0.6586799888399346
E2,shuffle,20,phase_jump_count,4,2,2
E2,shuffle,21,self_retention,0.8237882109365485,0.6425230754002622,0.18126513553628631
E2,shuffle,21,transition_entropy_norm,0.16740147619201898,0.2897848799990301,-0.1223834038070111
E2,shuffle,21,irreversibility,0.008479478748020953,0.025061245700428097,-0.016581766952407144
E2,shuffle,21,metastability_slem,0.8333333333333334,0.04457899710692419,0.7887543362264092
E2,shuffle,21,phase_jump_count,4,3,1
E2,shuffle,22,self_retention,0.8237882109365485,0.6300945287174283,0.1936936822191202
E2,shuffle,22,transition_entropy_norm,0.16740147619201898,0.2878171842047471,-0.12041570801272813
E2,shuffle,22,irreversibility,0.008479478748020953,0.02780802256811265,-0.019328543820091696
E2,shuffle,22,metastability_slem,0.8333333333333334,0.08263188415006366,0.7507014491832698
E2,shuffle,22,phase_jump_count,4,4,0
E2,shuffle,23,self_retention,0.8237882109365485,0.6502963302071216,0.1734918807294269
E2,shuffle,23,transition_entropy_norm,0.16740147619201898,0.2879677835912073,-0.1205663073991883
E2,shuffle,23,irreversibility,0.008479478748020953,0.014182400831456778,-0.005702922083435825
E2,shuffle,23,metastability_slem,0.8333333333333334,0.0533772401585291,0.7799560931748043
E2,shuffle,23,phase_jump_count,4,5,-1
E2,shuffle,24,self_retention,0.8237882109365485,0.6306326878577517,0.1931555230787968
E2,shuffle,24,transition_entropy_norm,0.16740147619201898,0.28836135109911465,-0.12095987490709567
E2,shuffle,24,irreversibility,0.008479478748020953,0.02148033126293996,-0.013000852514919007
E2,shuffle,24,metastability_slem,0.8333333333333334,0.09246732603342918,0.7408660072999042
E2,shuffle,24,phase_jump_count,4,5,-1
E2,shuffle,25,self_retention,0.8237882109365485,0.6394174853381505,0.18437072559839807
E2,shuffle,25,transition_entropy_norm,0.16740147619201898,0.28907875773119424,-0.12167728153917526
E2,shuffle,25,irreversibility,0.008479478748020953,0.015818712726732822,-0.007339233978711869
E2,shuffle,25,metastability_slem,0.8333333333333334,0.05984963275499852,0.7734837005783348
E2,shuffle,25,phase_jump_count,4,5,-1
E2,shuffle,26,self_retention,0.8237882109365485,0.623877162158818,0.19991104877773047
E2,shuffle,26,transition_entropy_norm,0.16740147619201898,0.2901699766578884,-0.12276850046586943
E2,shuffle,26,irreversibility,0.008479478748020953,0.006532874712330802,0.0019466040356901507
E2,shuffle,26,metastability_slem,0.8333333333333334,0.1145825857152035,0.7187507476181298
E2,shuffle,26,phase_jump_count,4,8,-4
E2,shuffle,27,self_retention,0.8237882109365485,0.636314988493232,0.18747322244331655
E2,shuffle,27,transition_entropy_norm,0.16740147619201898,0.2864167318593902,-0.11901525566737123
E2,shuffle,27,irreversibility,0.008479478748020953,0.03438110910395682,-0.02590163035593587
E2,shuffle,27,metastability_slem,0.8333333333333334,0.08078280404401667,0.7525505292893166
E2,shuffle,27,phase_jump_count,4,2,2
E2,shuffle,28,self_retention,0.8237882109365485,0.6363057088416519,0.18748250209489659
E2,shuffle,28,transition_entropy_norm,0.16740147619201898,0.2877474473005577,-0.1203459711085387
E2,shuffle,28,irreversibility,0.008479478748020953,0.024646754596520742,-0.01616727584849979
E2,shuffle,28,metastability_slem,0.8333333333333334,0.055718690084201605,0.7776146432491318
E2,shuffle,28,phase_jump_count,4,2,2
E2,shuffle,29,self_retention,0.8237882109365485,0.6316411373140977,0.19214707362245087
E2,shuffle,29,transition_entropy_norm,0.16740147619201898,0.2891887807349062,-0.12178730454288725
E2,shuffle,29,irreversibility,0.008479478748020953,0.016827101531761156,-0.008347622783740204
E2,shuffle,29,metastability_slem,0.8333333333333334,0.03857852368314959,0.7947548096501837
E2,shuffle,29,phase_jump_count,4,3,1
E2,block_shuffle,0,self_retention,0.8237882109365485,0.8150998490510009,0.008688361885547669
E2,block_shuffle,0,transition_entropy_norm,0.16740147619201898,0.18660911623051524,-0.01920764003849626
E2,block_shuffle,0,irreversibility,0.008479478748020953,0.010795328004751178,-0.0023158492567302257
E2,block_shuffle,0,metastability_slem,0.8333333333333334,0.8318338920335349,0.0014994412997985096
E2,block_shuffle,0,phase_jump_count,4,6,-2
E2,block_shuffle,1,self_retention,0.8237882109365485,0.8144562172695164,0.009331993667032079
E2,block_shuffle,1,transition_entropy_norm,0.16740147619201898,0.18551629212772844,-0.01811481593570946
E2,block_shuffle,1,irreversibility,0.008479478748020953,0.01160029229082938,-0.0031208135428084267
E2,block_shuffle,1,metastability_slem,0.8333333333333334,0.828305266489454,0.005028066843879353
E2,block_shuffle,1,phase_jump_count,4,5,-1
E2,block_shuffle,2,self_retention,0.8237882109365485,0.8182147187646927,0.005573492171855876
E2,block_shuffle,2,transition_entropy_norm,0.16740147619201898,0.18039723645631853,-0.01299576026429955
E2,block_shuffle,2,irreversibility,0.008479478748020953,0.014058672143723245,-0.005579193395702292
E2,block_shuffle,2,metastability_slem,0.8333333333333334,0.8289521807581892,0.004381152575144154
E2,block_shuffle,2,phase_jump_count,4,8,-4
E2,block_shuffle,3,self_retention,0.8237882109365485,0.8151029422681942,0.008685268668354285
E2,block_shuffle,3,transition_entropy_norm,0.16740147619201898,0.18590937698761933,-0.018507900795600357
E2,block_shuffle,3,irreversibility,0.008479478748020953,0.01079842122194452,-0.002318942473923568
E2,block_shuffle,3,metastability_slem,0.8333333333333334,0.8291528008132925,0.004180532520040914
E2,block_shuffle,3,phase_jump_count,4,3,1
E2,block_shuffle,4,self_retention,0.8237882109365485,0.813547054019945,0.010241156916603544
E2,block_shuffle,4,transition_entropy_norm,0.16740147619201898,0.18603819813943825,-0.018636721947419277
E2,block_shuffle,4,irreversibility,0.008479478748020953,0.015459899532305551,-0.006980420784284598
E2,block_shuffle,4,metastability_slem,0.8333333333333334,0.8318227432373259,0.0015105900960075136
E2,block_shuffle,4,phase_jump_count,4,9,-5
E2,block_shuffle,5,self_retention,0.8237882109365485,0.8150998490510009,0.008688361885547669
E2,block_shuffle,5,transition_entropy_norm,0.16740147619201898,0.18728062982894833,-0.019879153636929353
E2,block_shuffle,5,irreversibility,0.008479478748020953,0.01080151443913786,-0.002322035691116907
E2,block_shuffle,5,metastability_slem,0.8333333333333334,0.8318161649078825,0.00151716842545091
E2,block_shuffle,5,phase_jump_count,4,6,-2
E2,block_shuffle,6,self_retention,0.8237882109365485,0.8151029422681942,0.008685268668354285
E2,block_shuffle,6,transition_entropy_norm,0.16740147619201898,0.18156698878025837,-0.014165512588239393
E2,block_shuffle,6,irreversibility,0.008479478748020953,0.013904011284056312,-0.0054245325360353595
E2,block_shuffle,6,metastability_slem,0.8333333333333334,0.8333333333333334,0.0
E2,block_shuffle,6,phase_jump_count,4,5,-1
E2,block_shuffle,7,self_retention,0.8237882109365485,0.8152173913043477,0.008570819632200855
E2,block_shuffle,7,transition_entropy_norm,0.16740147619201898,0.18540477256983642,-0.018003296377817446
E2,block_shuffle,7,irreversibility,0.008479478748020953,0.017080745341614904,-0.008601266593593952
E2,block_shuffle,7,metastability_slem,0.8333333333333334,0.8318034712687392,0.0015298620645941563
E2,block_shuffle,7,phase_jump_count,4,5,-1
E2,block_shuffle,8,self_retention,0.8237882109365485,0.8213203088268045,0.0024679021097440135
E2,block_shuffle,8,transition_entropy_norm,0.16740147619201898,0.17935723190814334,-0.011955755716124367
E2,block_shuffle,8,irreversibility,0.008479478748020953,0.013885451980896288,-0.005405973232875335
E2,block_shuffle,8,metastability_slem,0.8333333333333334,0.8318520471423299,0.0014812861910035169
E2,block_shuffle,8,phase_jump_count,4,4,0
E2,block_shuffle,9,self_retention,0.8237882109365485,0.8166588305164434,0.007129380420105136
E2,block_shuffle,9,transition_entropy_norm,0.16740147619201898,0.17968049890132862,-0.01227902270930964
E2,block_shuffle,9,irreversibility,0.008479478748020953,0.012348123035807086,-0.0038686442877861327
E2,block_shuffle,9,metastability_slem,0.8333333333333334,0.8304484660423331,0.002884867291000237
E2,block_shuffle,9,phase_jump_count,4,0,4
E2,block_shuffle,10,self_retention,0.8237882109365485,0.8197644205785551,0.004023790357993384
E2,block_shuffle,10,transition_entropy_norm,0.16740147619201898,0.18182653717056052,-0.014425060978541543
E2,block_shuffle,10,irreversibility,0.008479478748020953,0.012521343198634034,-0.004041864450613081
E2,block_shuffle,10,metastability_slem,0.8333333333333334,0.8319018277054833,0.0014315056278501048
E2,block_shuffle,10,phase_jump_count,4,16,-12
E2,block_shuffle,11,self_retention,0.8237882109365485,0.8166557372992501,0.007132473637298409
E2,block_shuffle,11,transition_entropy_norm,0.16740147619201898,0.18395119776085433,-0.016549721568835357
E2,block_shuffle,11,irreversibility,0.008479478748020953,0.015462992749498894,-0.006983514001477941
E2,block_shuffle,11,metastability_slem,0.8333333333333334,0.8318596977048579,0.001473635628475467
E2,block_shuffle,11,phase_jump_count,4,2,2
E2,block_shuffle,12,self_retention,0.8237882109365485,0.818208532330306,0.005579678606242533
E2,block_shuffle,12,transition_entropy_norm,0.16740147619201898,0.18454371101182004,-0.017142234819801067
E2,block_shuffle,12,irreversibility,0.008479478748020953,0.01079842122194452,-0.002318942473923568
E2,block_shuffle,12,metastability_slem,0.8333333333333334,0.831871785572819,0.0014615477605143257
E2,block_shuffle,12,phase_jump_count,4,6,-2
E2,block_shuffle,13,self_retention,0.8237882109365485,0.813547054019945,0.010241156916603544
E2,block_shuffle,13,transition_entropy_norm,0.16740147619201898,0.18605529971148724,-0.01865382351946826
E2,block_shuffle,13,irreversibility,0.008479478748020953,0.012527529633020711,-0.0040480508849997585
E2,block_shuffle,13,metastability_slem,0.8333333333333334,0.8318227782820353,0.001510555051298046
E2,block_shuffle,13,phase_jump_count,4,11,-7
E2,block_shuffle,14,self_retention,0.8237882109365485,0.8160090123005722,0.007779198635976314
E2,block_shuffle,14,transition_entropy_norm,0.16740147619201898,0.18462276745132716,-0.017221291259308186
E2,block_shuffle,14,irreversibility,0.008479478748020953,0.015436609426379241,-0.0069571306783582886
E2,block_shuffle,14,metastability_slem,0.8333333333333334,0.8318858446578239,0.0014474886755094785
E2,block_shuffle,14,phase_jump_count,4,5,-1
E2,block_shuffle,15,self_retention,0.8237882109365485,0.8191298258433808,0.004658385093167738
E2,block_shuffle,15,transition_entropy_norm,0.16740147619201898,0.18063927640357758,-0.013237800211558598
E2,block_shuffle,15,irreversibility,0.008479478748020953,0.015695408598221883,-0.00721592985020093
E2,block_shuffle,15,metastability_slem,0.8333333333333334,0.8304141425168216,0.0029191908165118186
E2,block_shuffle,15,phase_jump_count,4,5,-1
E2,block_shuffle,16,self_retention,0.8237882109365485,0.8151029422681942,0.008685268668354285
E2,block_shuffle,16,transition_entropy_norm,0.16740147619201898,0.18457257658360154,-0.017171100391582567
E2,block_shuffle,16,irreversibility,0.008479478748020953,0.010959268515998117,-0.002479789767977164
E2,block_shuffle,16,metastability_slem,0.8333333333333334,0.8284624417355413,0.004870891597792082
E2,block_shuffle,16,phase_jump_count,4,6,-2
E2,block_shuffle,17,self_retention,0.8237882109365485,0.8151029422681942,0.008685268668354285
E2,block_shuffle,17,transition_entropy_norm,0.16740147619201898,0.18597989423203715,-0.01857841804001817
E2,block_shuffle,17,irreversibility,0.008479478748020953,0.01097164138477147,-0.002492162636750518
E2,block_shuffle,17,metastability_slem,0.8333333333333334,0.8318272338141856,0.0015060995191478188
E2,block_shuffle,17,phase_jump_count,4,7,-3
E2,block_shuffle,18,self_retention,0.8237882109365485,0.8136645962732919,0.01012361466325662
E2,block_shuffle,18,transition_entropy_norm,0.16740147619201898,0.18441285759795922,-0.017011381405940246
E2,block_shuffle,18,irreversibility,0.008479478748020953,0.009480222294867606,-0.0010007435468466531
E2,block_shuffle,18,metastability_slem,0.8333333333333334,0.8318864150081379,0.001446918325195501
E2,block_shuffle,18,phase_jump_count,4,6,-2
E2,block_shuffle,19,self_retention,0.8237882109365485,0.818208532330306,0.005579678606242533
E2,block_shuffle,19,transition_entropy_norm,0.16740147619201898,0.18454371101182004,-0.017142234819801067
E2,block_shuffle,19,irreversibility,0.008479478748020953,0.01079842122194452,-0.002318942473923568
E2,block_shuffle,19,metastability_slem,0.8333333333333334,0.831871785572819,0.0014615477605143257
E2,block_shuffle,19,phase_jump_count,4,6,-2
E2,block_shuffle,20,self_retention,0.8237882109365485,0.8191298258433807,0.004658385093167849
E2,block_shuffle,20,transition_entropy_norm,0.16740147619201898,0.1842948918074234,-0.016893415615404417
E2,block_shuffle,20,irreversibility,0.008479478748020953,0.01003227377907685,-0.0015527950310558966
E2,block_shuffle,20,metastability_slem,0.8333333333333334,0.8319203417402199,0.0014129915931134773
E2,block_shuffle,20,phase_jump_count,4,7,-3
E2,block_shuffle,21,self_retention,0.8237882109365485,0.8151029422681942,0.008685268668354285
E2,block_shuffle,21,transition_entropy_norm,0.16740147619201898,0.18454161937924443,-0.017140143187225454
E2,block_shuffle,21,irreversibility,0.008479478748020953,0.017003414911781447,-0.008523936163760494
E2,block_shuffle,21,metastability_slem,0.8333333333333334,0.8318397182529619,0.001493615080371491
E2,block_shuffle,21,phase_jump_count,4,6,-2
E2,block_shuffle,22,self_retention,0.8237882109365485,0.8206826208744367,0.0031055900621118626
E2,block_shuffle,22,transition_entropy_norm,0.16740147619201898,0.17886879344847517,-0.011467317256456194
E2,block_shuffle,22,irreversibility,0.008479478748020953,0.017248203629277786,-0.008768724881256833
E2,block_shuffle,22,metastability_slem,0.8333333333333334,0.8304224613553626,0.002910871977970797
E2,block_shuffle,22,phase_jump_count,4,2,2
E2,block_shuffle,23,self_retention,0.8237882109365485,0.8119911657716957,0.011797045164852804
E2,block_shuffle,23,transition_entropy_norm,0.16740147619201898,0.18934468561665876,-0.021943209424639787
E2,block_shuffle,23,irreversibility,0.008479478748020953,0.010798421221944517,-0.0023189424739235645
E2,block_shuffle,23,metastability_slem,0.8333333333333334,0.831783917091078,0.0015494162422553526
E2,block_shuffle,23,phase_jump_count,4,5,-1
E2,block_shuffle,24,self_retention,0.8237882109365485,0.813547054019945,0.010241156916603544
E2,block_shuffle,24,transition_entropy_norm,0.16740147619201898,0.18487482568846364,-0.017473349496444662
E2,block_shuffle,24,irreversibility,0.008479478748020953,0.009242532973695277,-0.0007630542256743238
E2,block_shuffle,24,metastability_slem,0.8333333333333334,0.8333333333333334,0.0
E2,block_shuffle,24,phase_jump_count,4,4,0
E2,block_shuffle,25,self_retention,0.8237882109365485,0.8166557372992501,0.007132473637298409
E2,block_shuffle,25,transition_entropy_norm,0.16740147619201898,0.18395119776085433,-0.016549721568835357
E2,block_shuffle,25,irreversibility,0.008479478748020953,0.015462992749498894,-0.006983514001477941
E2,block_shuffle,25,metastability_slem,0.8333333333333334,0.8318596977048579,0.001473635628475467
E2,block_shuffle,25,phase_jump_count,4,8,-4
E2,block_shuffle,26,self_retention,0.8237882109365485,0.8129034222384605,0.010884788698088066
E2,block_shuffle,26,transition_entropy_norm,0.16740147619201898,0.1891123299627849,-0.021710853770765925
E2,block_shuffle,26,irreversibility,0.008479478748020953,0.01004749725977348,-0.0015680185117525267
E2,block_shuffle,26,metastability_slem,0.8333333333333334,0.8318224804365193,0.0015108528968140744
E2,block_shuffle,26,phase_jump_count,4,4,0
E2,block_shuffle,27,self_retention,0.8237882109365485,0.823803434417245,-1.5223480696491265e-05
E2,block_shuffle,27,transition_entropy_norm,0.16740147619201898,0.18059249933697352,-0.013191023144954545
E2,block_shuffle,27,irreversibility,0.008479478748020953,0.01467543539154793,-0.006195956643526977
E2,block_shuffle,27,metastability_slem,0.8333333333333334,0.8319928475262484,0.0013404858070850123
E2,block_shuffle,27,phase_jump_count,4,5,-1
E2,block_shuffle,28,self_retention,0.8237882109365485,0.818208532330306,0.005579678606242533
E2,block_shuffle,28,transition_entropy_norm,0.16740147619201898,0.18516100481159337,-0.01775952861957439
E2,block_shuffle,28,irreversibility,0.008479478748020953,0.010804607656331195,-0.002325128908310242
E2,block_shuffle,28,metastability_slem,0.8333333333333334,0.8318525975705551,0.0014807357627782958
E2,block_shuffle,28,phase_jump_count,4,6,-2
E2,block_shuffle,29,self_retention,0.8237882109365485,0.8151029422681942,0.008685268668354285
E2,block_shuffle,29,transition_entropy_norm,0.16740147619201898,0.18213790687133535,-0.014736430679316376
E2,block_shuffle,29,irreversibility,0.008479478748020953,0.01079223478755784,-0.002312756039536887
E2,block_shuffle,29,metastability_slem,0.8333333333333334,0.8286857085770402,0.004647624756293212
E2,block_shuffle,29,phase_jump_count,4,9,-5
E2,reverse,0,self_retention,0.8237882109365485,0.8245341614906831,-0.0007459505541346223
E2,reverse,0,transition_entropy_norm,0.16740147619201898,0.1685414889452319,-0.0011400127532129323
E2,reverse,0,irreversibility,0.008479478748020953,0.007763975155279503,0.0007155035927414498
E2,reverse,0,metastability_slem,0.8333333333333334,0.9984202754893947,-0.16508694215606134
E2,reverse,0,phase_jump_count,4,2,2
C1,shuffle,0,self_retention,0.7449704080138863,0.2750345065562457,0.4699359014576406
C1,shuffle,0,transition_entropy_norm,0.29299024710543914,0.5692580788787859,-0.27626783177334674
C1,shuffle,0,irreversibility,0.015648200430809125,0.07154934437543134,-0.055901143944622214
C1,shuffle,0,metastability_slem,0.989010989010989,0.09741090587174815,0.8916000831392409
C1,shuffle,0,phase_jump_count,8,4,4
C1,shuffle,1,self_retention,0.7449704080138863,0.31684782608695644,0.4281225819269298
C1,shuffle,1,transition_entropy_norm,0.29299024710543914,0.5678344547560967,-0.2748442076506576
C1,shuffle,1,irreversibility,0.015648200430809125,0.05753105590062112,-0.04188285546981199
C1,shuffle,1,metastability_slem,0.989010989010989,0.0881997756086908,0.9008112134022983
C1,shuffle,1,phase_jump_count,8,4,4
C1,shuffle,2,self_retention,0.7449704080138863,0.2802246063115628,0.46474580170232344
C1,shuffle,2,transition_entropy_norm,0.29299024710543914,0.5661332356876402,-0.27314298858220104
C1,shuffle,2,irreversibility,0.015648200430809125,0.05488633749503312,-0.039238137064223993
C1,shuffle,2,metastability_slem,0.989010989010989,0.11583924618035664,0.8731717428306324
C1,shuffle,2,phase_jump_count,8,5,3
C1,shuffle,3,self_retention,0.7449704080138863,0.30438664596273285,0.4405837620511534
C1,shuffle,3,transition_entropy_norm,0.29299024710543914,0.5674333375364674,-0.27444309043102827
C1,shuffle,3,irreversibility,0.015648200430809125,0.10097049689440991,-0.08532229646360079
C1,shuffle,3,metastability_slem,0.989010989010989,0.11355879442425146,0.8754521945867376
C1,shuffle,3,phase_jump_count,8,5,3
C1,shuffle,4,self_retention,0.7449704080138863,0.2950310559006211,0.44993935211326513
C1,shuffle,4,transition_entropy_norm,0.29299024710543914,0.563284392009886,-0.27029414490444686
C1,shuffle,4,irreversibility,0.015648200430809125,0.09107142857142855,-0.07542322814061943
C1,shuffle,4,metastability_slem,0.989010989010989,0.13685735473866742,0.8521536342723216
C1,shuffle,4,phase_jump_count,8,7,1
C1,shuffle,5,self_retention,0.7449704080138863,0.29264696656001,0.45232344145387626
C1,shuffle,5,transition_entropy_norm,0.29299024710543914,0.5709697412252543,-0.2779794941198152
C1,shuffle,5,irreversibility,0.015648200430809125,0.0886923060836104,-0.07304410565280127
C1,shuffle,5,metastability_slem,0.989010989010989,0.0659423520050915,0.9230686370058976
C1,shuffle,5,phase_jump_count,8,1,7
C1,shuffle,6,self_retention,0.7449704080138863,0.30440137074319984,0.4405690372706864
C1,shuffle,6,transition_entropy_norm,0.29299024710543914,0.571563402998676,-0.2785731558932369
C1,shuffle,6,irreversibility,0.015648200430809125,0.061201542086099806,-0.04555334165529068
C1,shuffle,6,metastability_slem,0.989010989010989,0.09451457889420807,0.8944964101167809
C1,shuffle,6,phase_jump_count,8,5,3
C1,shuffle,7,self_retention,0.7449704080138863,0.2879467553380597,0.45702365267582656
C1,shuffle,7,transition_entropy_norm,0.29299024710543914,0.5702086487051433,-0.2772184015997042
C1,shuffle,7,irreversibility,0.015648200430809125,0.04962147353451701,-0.03397327310370789
C1,shuffle,7,metastability_slem,0.989010989010989,0.09666545525013205,0.892345533760857
C1,shuffle,7,phase_jump_count,8,2,6
C1,shuffle,8,self_retention,0.7449704080138863,0.3312299719112236,0.41374043610266265
C1,shuffle,8,transition_entropy_norm,0.29299024710543914,0.5671610965064662,-0.27417084940102704
C1,shuffle,8,irreversibility,0.015648200430809125,0.06786802231277445,-0.05221982188196532
C1,shuffle,8,metastability_slem,0.989010989010989,0.12261173203753037,0.8663992569734587
C1,shuffle,8,phase_jump_count,8,4,4
C1,shuffle,9,self_retention,0.7449704080138863,0.28952569169960474,0.4554447163142815
C1,shuffle,9,transition_entropy_norm,0.29299024710543914,0.5732423282382935,-0.2802520811328543
C1,shuffle,9,irreversibility,0.015648200430809125,0.07623334797247841,-0.060585147541669285
C1,shuffle,9,metastability_slem,0.989010989010989,0.07842669624729294,0.9105842927636961
C1,shuffle,9,phase_jump_count,8,5,3
C1,shuffle,10,self_retention,0.7449704080138863,0.28454721683744116,0.4604231911764451
C1,shuffle,10,transition_entropy_norm,0.29299024710543914,0.5683785214050582,-0.27538827429961904
C1,shuffle,10,irreversibility,0.015648200430809125,0.04923448194010364,-0.03358628150929451
C1,shuffle,10,metastability_slem,0.989010989010989,0.1675340555652208,0.8214769334457682
C1,shuffle,10,phase_jump_count,8,3,5
C1,shuffle,11,self_retention,0.7449704080138863,0.28134272263322385,0.4636276853806624
C1,shuffle,11,transition_entropy_norm,0.29299024710543914,0.5717105749369347,-0.27872032783149553
C1,shuffle,11,irreversibility,0.015648200430809125,0.053329113423270166,-0.03768091299246104
C1,shuffle,11,metastability_slem,0.989010989010989,0.12087487117252381,0.8681361178384652
C1,shuffle,11,phase_jump_count,8,4,4
C1,shuffle,12,self_retention,0.7449704080138863,0.31240510697032436,0.4325653010435619
C1,shuffle,12,transition_entropy_norm,0.29299024710543914,0.571827238428824,-0.27883699132338485
C1,shuffle,12,irreversibility,0.015648200430809125,0.05643547273982051,-0.040787272309011385
C1,shuffle,12,metastability_slem,0.989010989010989,0.09391817361716556,0.8950928153938235
C1,shuffle,12,phase_jump_count,8,2,6
C1,shuffle,13,self_retention,0.7449704080138863,0.28266224030841725,0.462308167705469
C1,shuffle,13,transition_entropy_norm,0.29299024710543914,0.5657532414891897,-0.27276299438375057
C1,shuffle,13,irreversibility,0.015648200430809125,0.0673056328978368,-0.05165743246702767
C1,shuffle,13,metastability_slem,0.989010989010989,0.12279005150164474,0.8662209375093444
C1,shuffle,13,phase_jump_count,8,3,5
C1,shuffle,14,self_retention,0.7449704080138863,0.2894890938369199,0.45548131417696636
C1,shuffle,14,transition_entropy_norm,0.29299024710543914,0.5668592891609087,-0.2738690420554695
C1,shuffle,14,irreversibility,0.015648200430809125,0.047890917456134816,-0.03224271702532569
C1,shuffle,14,metastability_slem,0.989010989010989,0.09854631302407975,0.8904646759869093
C1,shuffle,14,phase_jump_count,8,3,5
C1,shuffle,15,self_retention,0.7449704080138863,0.2910575736662693,0.453912834347617
C1,shuffle,15,transition_entropy_norm,0.29299024710543914,0.5683064536943216,-0.2753162065888825
C1,shuffle,15,irreversibility,0.015648200430809125,0.10616517138256269,-0.09051697095175357
C1,shuffle,15,metastability_slem,0.989010989010989,0.10885450395225657,0.8801564850587325
C1,shuffle,15,phase_jump_count,8,3,5
C1,shuffle,16,self_retention,0.7449704080138863,0.31285421502812805,0.4321161929857582
C1,shuffle,16,transition_entropy_norm,0.29299024710543914,0.5698245022454186,-0.27683425513997945
C1,shuffle,16,irreversibility,0.015648200430809125,0.053260346738607606,-0.03761214630779848
C1,shuffle,16,metastability_slem,0.989010989010989,0.11115054722264407,0.877860441788345
C1,shuffle,16,phase_jump_count,8,3,5
C1,shuffle,17,self_retention,0.7449704080138863,0.2844375431331953,0.46053286488069095
C1,shuffle,17,transition_entropy_norm,0.29299024710543914,0.5702116749676789,-0.27722142786223974
C1,shuffle,17,irreversibility,0.015648200430809125,0.10310559006211181,-0.08745738963130269
C1,shuffle,17,metastability_slem,0.989010989010989,0.09225952911528938,0.8967514598956997
C1,shuffle,17,phase_jump_count,8,1,7
C1,shuffle,18,self_retention,0.7449704080138863,0.3128542150281281,0.43211619298575815
C1,shuffle,18,transition_entropy_norm,0.29299024710543914,0.5682912243988908,-0.27530097729345165
C1,shuffle,18,irreversibility,0.015648200430809125,0.08059372189806971,-0.06494552146726058
C1,shuffle,18,metastability_slem,0.989010989010989,0.11588757202923032,0.8731234169817588
C1,shuffle,18,phase_jump_count,8,4,4
C1,shuffle,19,self_retention,0.7449704080138863,0.3050797833406529,0.43989062467323337
C1,shuffle,19,transition_entropy_norm,0.29299024710543914,0.5634495877293472,-0.27045934062390803
C1,shuffle,19,irreversibility,0.015648200430809125,0.06392078131208566,-0.04827258088127653
C1,shuffle,19,metastability_slem,0.989010989010989,0.12468166628827262,0.8643293227227165
C1,shuffle,19,phase_jump_count,8,1,7
C1,shuffle,20,self_retention,0.7449704080138863,0.2988372336198423,0.44613317439404393
C1,shuffle,20,transition_entropy_norm,0.29299024710543914,0.570099326060335,-0.27710907895489584
C1,shuffle,20,irreversibility,0.015648200430809125,0.06987054813141769,-0.05422234770060856
C1,shuffle,20,metastability_slem,0.989010989010989,0.09309349408073024,0.8959174949302589
C1,shuffle,20,phase_jump_count,8,5,3
C1,shuffle,21,self_retention,0.7449704080138863,0.28299442180638523,0.461975986207501
C1,shuffle,21,transition_entropy_norm,0.29299024710543914,0.567290238837984,-0.2742999917325449
C1,shuffle,21,irreversibility,0.015648200430809125,0.07978597143648375,-0.06413777100567462
C1,shuffle,21,metastability_slem,0.989010989010989,0.11003993918793425,0.8789710498230547
C1,shuffle,21,phase_jump_count,8,4,4
C1,shuffle,22,self_retention,0.7449704080138863,0.3081853734027647,0.43678503461112156
C1,shuffle,22,transition_entropy_norm,0.29299024710543914,0.567991934784999,-0.27500168767955985
C1,shuffle,22,irreversibility,0.015648200430809125,0.06381621599012904,-0.04816801555931992
C1,shuffle,22,metastability_slem,0.989010989010989,0.1355700151087666,0.8534409739022224
C1,shuffle,22,phase_jump_count,8,5,3
C1,shuffle,23,self_retention,0.7449704080138863,0.30665871970219793,0.4383116883116883
C1,shuffle,23,transition_entropy_norm,0.29299024710543914,0.5686170721830718,-0.27562682507763264
C1,shuffle,23,irreversibility,0.015648200430809125,0.08709245665767407,-0.07144425622686494
C1,shuffle,23,metastability_slem,0.989010989010989,0.08893418851100983,0.9000768004999792
C1,shuffle,23,phase_jump_count,8,3,5
C1,shuffle,24,self_retention,0.7449704080138863,0.2938936582664082,0.4510767497474781
C1,shuffle,24,transition_entropy_norm,0.29299024710543914,0.5678066391885638,-0.27481639208312464
C1,shuffle,24,irreversibility,0.015648200430809125,0.06595917237013885,-0.05031097193932972
C1,shuffle,24,metastability_slem,0.989010989010989,0.13576253881336536,0.8532484501976236
C1,shuffle,24,phase_jump_count,8,6,2
C1,shuffle,25,self_retention,0.7449704080138863,0.27704059225798355,0.4679298157559027
C1,shuffle,25,transition_entropy_norm,0.29299024710543914,0.5631614857354185,-0.2701712386299793
C1,shuffle,25,irreversibility,0.015648200430809125,0.05794487316226443,-0.042296672731455306
C1,shuffle,25,metastability_slem,0.989010989010989,0.1756280994873444,0.8133828895236447
C1,shuffle,25,phase_jump_count,8,0,8
C1,shuffle,26,self_retention,0.7449704080138863,0.3252504339460861,0.41971997406780015
C1,shuffle,26,transition_entropy_norm,0.29299024710543914,0.5615839221850041,-0.26859367507956494
C1,shuffle,26,irreversibility,0.015648200430809125,0.059497668193320384,-0.04384946776251126
C1,shuffle,26,metastability_slem,0.989010989010989,0.16020391181916743,0.8288070771918217
C1,shuffle,26,phase_jump_count,8,1,7
C1,shuffle,27,self_retention,0.7449704080138863,0.3000949479764213,0.444875460037465
C1,shuffle,27,transition_entropy_norm,0.29299024710543914,0.5665222470878637,-0.27353199998242456
C1,shuffle,27,irreversibility,0.015648200430809125,0.06596906278434941,-0.05032086235354029
C1,shuffle,27,metastability_slem,0.989010989010989,0.11949441180767065,0.8695165772033184
C1,shuffle,27,phase_jump_count,8,4,4
C1,shuffle,28,self_retention,0.7449704080138863,0.3112961917309743,0.433674216282912
C1,shuffle,28,transition_entropy_norm,0.29299024710543914,0.5730893525604738,-0.28009910545503464
C1,shuffle,28,irreversibility,0.015648200430809125,0.05786122090469918,-0.042213020473890056
C1,shuffle,28,metastability_slem,0.989010989010989,0.09360809147876058,0.8954028975322285
C1,shuffle,28,phase_jump_count,8,3,5
C1,shuffle,29,self_retention,0.7449704080138863,0.2661501139762009,0.47882029403768533
C1,shuffle,29,transition_entropy_norm,0.29299024710543914,0.5706991722251549,-0.27770892511971573
C1,shuffle,29,irreversibility,0.015648200430809125,0.03799903799903799,-0.022350837568228865
C1,shuffle,29,metastability_slem,0.989010989010989,0.14886353630980714,0.8401474527011819
C1,shuffle,29,phase_jump_count,8,2,6
C1,block_shuffle,0,self_retention,0.7449704080138863,0.7227993146284002,0.022171093385486063
C1,block_shuffle,0,transition_entropy_norm,0.29299024710543914,0.3228673221533585,-0.029877075047919366
C1,block_shuffle,0,irreversibility,0.015648200430809125,0.016116941529235398,-0.0004687410984262723
C1,block_shuffle,0,metastability_slem,0.989010989010989,0.9497110647008004,0.039299924310188694
C1,block_shuffle,0,phase_jump_count,8,5,3
C1,block_shuffle,1,self_retention,0.7449704080138863,0.7138726812639857,0.031097726749900523
C1,block_shuffle,1,transition_entropy_norm,0.29299024710543914,0.33220310604045483,-0.03921285893501569
C1,block_shuffle,1,irreversibility,0.015648200430809125,0.018785160089507907,-0.003136959658698781
C1,block_shuffle,1,metastability_slem,0.989010989010989,0.9486220611181417,0.040388927892847315
C1,block_shuffle,1,phase_jump_count,8,4,4
C1,block_shuffle,2,self_retention,0.7449704080138863,0.7216523412175586,0.02331806679632764
C1,block_shuffle,2,transition_entropy_norm,0.29299024710543914,0.32939729391876116,-0.03640704681332202
C1,block_shuffle,2,irreversibility,0.015648200430809125,0.02655436351088525,-0.010906163080076123
C1,block_shuffle,2,metastability_slem,0.989010989010989,0.9370727582610697,0.05193823074991932
C1,block_shuffle,2,phase_jump_count,8,5,3
C1,block_shuffle,3,self_retention,0.7449704080138863,0.7215749495588875,0.023395458454998797
C1,block_shuffle,3,transition_entropy_norm,0.29299024710543914,0.3245243294288801,-0.03153408232344096
C1,block_shuffle,3,irreversibility,0.015648200430809125,0.02608102227321279,-0.010432821842403666
C1,block_shuffle,3,metastability_slem,0.989010989010989,0.9481971682739058,0.040813820737083284
C1,block_shuffle,3,phase_jump_count,8,7,1
C1,block_shuffle,4,self_retention,0.7449704080138863,0.7137911935751869,0.03117921443869931
C1,block_shuffle,4,transition_entropy_norm,0.29299024710543914,0.33237394033810125,-0.03938369323266211
C1,block_shuffle,4,irreversibility,0.015648200430809125,0.027614036475847606,-0.01196583604503848
C1,block_shuffle,4,metastability_slem,0.989010989010989,0.9349206223336316,0.05409036667735745
C1,block_shuffle,4,phase_jump_count,8,2,6
C1,block_shuffle,5,self_retention,0.7449704080138863,0.7247579312796705,0.02021247673421578
C1,block_shuffle,5,transition_entropy_norm,0.29299024710543914,0.3256525030741483,-0.03266225596870914
C1,block_shuffle,5,irreversibility,0.015648200430809125,0.023406947319990795,-0.00775874688918167
C1,block_shuffle,5,metastability_slem,0.989010989010989,0.9361386836499939,0.052872305360995187
C1,block_shuffle,5,phase_jump_count,8,3,5
C1,block_shuffle,6,self_retention,0.7449704080138863,0.7200995461865027,0.024870861827383517
C1,block_shuffle,6,transition_entropy_norm,0.29299024710543914,0.3315110224792587,-0.03852077537381954
C1,block_shuffle,6,irreversibility,0.015648200430809125,0.018727649162431775,-0.00307944873162265
C1,block_shuffle,6,metastability_slem,0.989010989010989,0.9377083346266893,0.051302654384299706
C1,block_shuffle,6,phase_jump_count,8,8,0
C1,block_shuffle,7,self_retention,0.7449704080138863,0.7184693594967757,0.026501048517110548
C1,block_shuffle,7,transition_entropy_norm,0.29299024710543914,0.330517049930637,-0.03752680282519788
C1,block_shuffle,7,irreversibility,0.015648200430809125,0.029206393163745688,-0.013558192732936562
C1,block_shuffle,7,metastability_slem,0.989010989010989,0.9357410254407025,0.05326996357028657
C1,block_shuffle,7,phase_jump_count,8,7,1
C1,block_shuffle,8,self_retention,0.7449704080138863,0.7247579312796705,0.02021247673421578
C1,block_shuffle,8,transition_entropy_norm,0.29299024710543914,0.3249909020551632,-0.03200065494972404
C1,block_shuffle,8,irreversibility,0.015648200430809125,0.026543906978689587,-0.010895706547880461
C1,block_shuffle,8,metastability_slem,0.989010989010989,0.9353380922563613,0.05367289675462772
C1,block_shuffle,8,phase_jump_count,8,9,-1
C1,block_shuffle,9,self_retention,0.7449704080138863,0.7293389247141671,0.015631483299719195
C1,block_shuffle,9,transition_entropy_norm,0.29299024710543914,0.31831012421946164,-0.025319877114022504
C1,block_shuffle,9,irreversibility,0.015648200430809125,0.021442418008466194,-0.005794217577657069
C1,block_shuffle,9,metastability_slem,0.989010989010989,0.9628030337917929,0.026207955219196166
C1,block_shuffle,9,phase_jump_count,8,7,1
C1,block_shuffle,10,self_retention,0.7449704080138863,0.7216471129514608,0.023323295062425475
C1,block_shuffle,10,transition_entropy_norm,0.29299024710543914,0.3232495092083838,-0.030259262102944662
C1,block_shuffle,10,irreversibility,0.015648200430809125,0.02345400171487128,-0.007805801284062153
C1,block_shuffle,10,metastability_slem,0.989010989010989,0.948410614107207,0.0406003749037821
C1,block_shuffle,10,phase_jump_count,8,3,5
C1,block_shuffle,11,self_retention,0.7449704080138863,0.7215749495588875,0.023395458454998797
C1,block_shuffle,11,transition_entropy_norm,0.29299024710543914,0.32561285165417153,-0.03262260454873239
C1,block_shuffle,11,irreversibility,0.015648200430809125,0.0229952130395221,-0.007347012608712976
C1,block_shuffle,11,metastability_slem,0.989010989010989,0.9487257687517779,0.04028522025921111
C1,block_shuffle,11,phase_jump_count,8,3,5
C1,block_shuffle,12,self_retention,0.7449704080138863,0.7247579312796706,0.020212476734215667
C1,block_shuffle,12,transition_entropy_norm,0.29299024710543914,0.3218423052541301,-0.028852058148690962
C1,block_shuffle,12,irreversibility,0.015648200430809125,0.017227136792354193,-0.0015789363615450677
C1,block_shuffle,12,metastability_slem,0.989010989010989,0.948629045617315,0.04038194339367407
C1,block_shuffle,12,phase_jump_count,8,6,2
C1,block_shuffle,13,self_retention,0.7449704080138863,0.7204451345755694,0.024525273438316897
C1,block_shuffle,13,transition_entropy_norm,0.29299024710543914,0.32402428731363947,-0.03103404020820033
C1,block_shuffle,13,irreversibility,0.015648200430809125,0.01861628709454797,-0.0029680866637388434
C1,block_shuffle,13,metastability_slem,0.989010989010989,0.9592843967397209,0.02972659227126817
C1,block_shuffle,13,phase_jump_count,8,5,3
C1,block_shuffle,14,self_retention,0.7449704080138863,0.7309016101594334,0.014068797854452808
C1,block_shuffle,14,transition_entropy_norm,0.29299024710543914,0.31715841245289067,-0.02416816534745153
C1,block_shuffle,14,irreversibility,0.015648200430809125,0.016754361672666845,-0.0011061612418577192
C1,block_shuffle,14,metastability_slem,0.989010989010989,0.9512414654977327,0.03776952351325635
C1,block_shuffle,14,phase_jump_count,8,6,2
C1,block_shuffle,15,self_retention,0.7449704080138863,0.7263159545768243,0.018654453437061957
C1,block_shuffle,15,transition_entropy_norm,0.29299024710543914,0.3234507997422327,-0.030460552636793536
C1,block_shuffle,15,irreversibility,0.015648200430809125,0.018774703557312252,-0.0031265031265031266
C1,block_shuffle,15,metastability_slem,0.989010989010989,0.9482761122866361,0.04073487672435294
C1,block_shuffle,15,phase_jump_count,8,6,2
C1,block_shuffle,16,self_retention,0.7449704080138863,0.7215551687304664,0.02341523928341982
C1,block_shuffle,16,transition_entropy_norm,0.29299024710543914,0.3245854377835667,-0.03159519067812755
C1,block_shuffle,16,irreversibility,0.015648200430809125,0.02608102227321281,-0.010432821842403683
C1,block_shuffle,16,metastability_slem,0.989010989010989,0.9481134495679759,0.04089753944301311
C1,block_shuffle,16,phase_jump_count,8,4,4
C1,block_shuffle,17,self_retention,0.7449704080138863,0.720089089654307,0.024881318359579296
C1,block_shuffle,17,transition_entropy_norm,0.29299024710543914,0.3276371664480529,-0.03464691934261377
C1,block_shuffle,17,irreversibility,0.015648200430809125,0.021895978417717555,-0.0062477779869084295
C1,block_shuffle,17,metastability_slem,0.989010989010989,0.9360541450500857,0.05295684396090339
C1,block_shuffle,17,phase_jump_count,8,1,7
C1,block_shuffle,18,self_retention,0.7449704080138863,0.7200122641136211,0.024958143900265184
C1,block_shuffle,18,transition_entropy_norm,0.29299024710543914,0.3263457653364265,-0.03335551823098737
C1,block_shuffle,18,irreversibility,0.015648200430809125,0.018307156703722755,-0.0026589562729136297
C1,block_shuffle,18,metastability_slem,0.989010989010989,0.9487687272201029,0.04024226179088619
C1,block_shuffle,18,phase_jump_count,8,3,5
C1,block_shuffle,19,self_retention,0.7449704080138863,0.7200122641136211,0.024958143900265184
C1,block_shuffle,19,transition_entropy_norm,0.29299024710543914,0.3296360103354151,-0.03664576322997598
C1,block_shuffle,19,irreversibility,0.015648200430809125,0.027623926890058156,-0.01197572645924903
C1,block_shuffle,19,metastability_slem,0.989010989010989,0.9369512931183295,0.052059695892659574
C1,block_shuffle,19,phase_jump_count,8,5,3
C1,block_shuffle,20,self_retention,0.7449704080138863,0.726321182842922,0.018649225170964234
C1,block_shuffle,20,transition_entropy_norm,0.29299024710543914,0.326076278064503,-0.03308603095906387
C1,block_shuffle,20,irreversibility,0.015648200430809125,0.018717192630236107,-0.0030689921994269814
C1,block_shuffle,20,metastability_slem,0.989010989010989,0.9351144163388274,0.053896572672161636
C1,block_shuffle,20,phase_jump_count,8,1,7
C1,block_shuffle,21,self_retention,0.7449704080138863,0.7219979296066252,0.02297247840726102
C1,block_shuffle,21,transition_entropy_norm,0.29299024710543914,0.32086471524760773,-0.027874468142168596
C1,block_shuffle,21,irreversibility,0.015648200430809125,0.014026915113871658,0.0016212853169374677
C1,block_shuffle,21,metastability_slem,0.989010989010989,0.9611411235367664,0.027869865474222655
C1,block_shuffle,21,phase_jump_count,8,7,1
C1,block_shuffle,22,self_retention,0.7449704080138863,0.7262333346520551,0.01873707336183117
C1,block_shuffle,22,transition_entropy_norm,0.29299024710543914,0.3216180828023965,-0.02862783569695737
C1,block_shuffle,22,irreversibility,0.015648200430809125,0.027653598132689798,-0.012005397701880673
C1,block_shuffle,22,metastability_slem,0.989010989010989,0.949883048182125,0.03912794082886406
C1,block_shuffle,22,phase_jump_count,8,1,7
C1,block_shuffle,23,self_retention,0.7449704080138863,0.7231178541757328,0.021852553838153432
C1,block_shuffle,23,transition_entropy_norm,0.29299024710543914,0.32437033176160995,-0.031380084656170815
C1,block_shuffle,23,irreversibility,0.015648200430809125,0.02760414606163707,-0.011955945630827945
C1,block_shuffle,23,metastability_slem,0.989010989010989,0.948341124424752,0.040669864586237
C1,block_shuffle,23,phase_jump_count,8,2,6
C1,block_shuffle,24,self_retention,0.7449704080138863,0.7154254762950415,0.029544931718844758
C1,block_shuffle,24,transition_entropy_norm,0.29299024710543914,0.33197171712241674,-0.038981470016977604
C1,block_shuffle,24,irreversibility,0.015648200430809125,0.023454001714871296,-0.007805801284062171
C1,block_shuffle,24,metastability_slem,0.989010989010989,0.9357643799583676,0.05324660905262146
C1,block_shuffle,24,phase_jump_count,8,5,3
C1,block_shuffle,25,self_retention,0.7449704080138863,0.7232103645147123,0.02176004349917393
C1,block_shuffle,25,transition_entropy_norm,0.29299024710543914,0.3224541165176486,-0.029463869412209465
C1,block_shuffle,25,irreversibility,0.015648200430809125,0.027809147374364768,-0.012160946943555642
C1,block_shuffle,25,metastability_slem,0.989010989010989,0.9478586869298579,0.04115230208113119
C1,block_shuffle,25,phase_jump_count,8,3,5
C1,block_shuffle,26,self_retention,0.7449704080138863,0.7262333346520551,0.01873707336183117
C1,block_shuffle,26,transition_entropy_norm,0.29299024710543914,0.32210055006018307,-0.029110302954743927
C1,block_shuffle,26,irreversibility,0.015648200430809125,0.024548008070578,-0.008899807639768876
C1,block_shuffle,26,metastability_slem,0.989010989010989,0.9502699069837974,0.03874108202719162
C1,block_shuffle,26,phase_jump_count,8,2,6
C1,block_shuffle,27,self_retention,0.7449704080138863,0.715173025732032,0.029797382281854246
C1,block_shuffle,27,transition_entropy_norm,0.29299024710543914,0.33108029696093144,-0.0380900498554923
C1,block_shuffle,27,irreversibility,0.015648200430809125,0.020112392783200244,-0.0044641923523911185
C1,block_shuffle,27,metastability_slem,0.989010989010989,0.9356923415594753,0.05331864745151371
C1,block_shuffle,27,phase_jump_count,8,7,1
C1,block_shuffle,28,self_retention,0.7449704080138863,0.7231277445899433,0.02184266342394292
C1,block_shuffle,28,transition_entropy_norm,0.29299024710543914,0.3227209769185236,-0.029730729813084444
C1,block_shuffle,28,irreversibility,0.015648200430809125,0.021363294694781827,-0.005715094263972702
C1,block_shuffle,28,metastability_slem,0.989010989010989,0.9491453859412711,0.03986560306971798
C1,block_shuffle,28,phase_jump_count,8,6,2
C1,block_shuffle,29,self_retention,0.7449704080138863,0.7263264111090197,0.01864399690486651
C1,block_shuffle,29,transition_entropy_norm,0.29299024710543914,0.3256772473320446,-0.03268700022660548
C1,block_shuffle,29,irreversibility,0.015648200430809125,0.01877470355731226,-0.0031265031265031336
C1,block_shuffle,29,metastability_slem,0.989010989010989,0.9386592106128109,0.05035177839817817
C1,block_shuffle,29,phase_jump_count,8,5,3
C1,reverse,0,self_retention,0.7449704080138863,0.7453416149068323,-0.00037120689294600773
C1,reverse,0,transition_entropy_norm,0.29299024710543914,0.2932169104289667,-0.00022666332352755392
C1,reverse,0,irreversibility,0.015648200430809125,0.015527950310559,0.00012025012025012466
C1,reverse,0,metastability_slem,0.989010989010989,0.9981843163132773,-0.009173327302288259
C1,reverse,0,phase_jump_count,8,6,2
C2,shuffle,0,self_retention,0.7093138767794451,0.3059523809523809,0.4033614958270642
C2,shuffle,0,transition_entropy_norm,0.359731279786489,0.6074770424417453,-0.24774576265525627
C2,shuffle,0,irreversibility,0.06377551020408162,0.07210144927536231,-0.008325939071280694
C2,shuffle,0,metastability_slem,0.8888888888888888,0.11282726018404196,0.7760616287048469
C2,shuffle,0,phase_jump_count,3,5,-2
C2,shuffle,1,self_retention,0.7093138767794451,0.30611310885910425,0.4032007679203409
C2,shuffle,1,transition_entropy_norm,0.359731279786489,0.6052709770135246,-0.2455396972270356
C2,shuffle,1,irreversibility,0.06377551020408162,0.06613272311212813,-0.0023572129080465104
C2,shuffle,1,metastability_slem,0.8888888888888888,0.14154699374028665,0.7473418951486022
C2,shuffle,1,phase_jump_count,3,0,3
C2,shuffle,2,self_retention,0.7093138767794451,0.3082249913197793,0.4010888854596658
C2,shuffle,2,transition_entropy_norm,0.359731279786489,0.6006119496413134,-0.24088066985482437
C2,shuffle,2,irreversibility,0.06377551020408162,0.10424945025269086,-0.04047394004860924
C2,shuffle,2,metastability_slem,0.8888888888888888,0.1414904536808019,0.7473984352080869
C2,shuffle,2,phase_jump_count,3,6,-3
C2,shuffle,3,self_retention,0.7093138767794451,0.2895769839126576,0.4197368928667875
C2,shuffle,3,transition_entropy_norm,0.359731279786489,0.6018833697929131,-0.24215209000642413
C2,shuffle,3,irreversibility,0.06377551020408162,0.1199268932525751,-0.056151383048493486
C2,shuffle,3,metastability_slem,0.8888888888888888,0.10517796677039412,0.7837109221184947
C2,shuffle,3,phase_jump_count,3,8,-5
C2,shuffle,4,self_retention,0.7093138767794451,0.2905175983436853,0.41879627843575984
C2,shuffle,4,transition_entropy_norm,0.359731279786489,0.6077036837079882,-0.24797240392149922
C2,shuffle,4,irreversibility,0.06377551020408162,0.08057971014492754,-0.01680419994084592
C2,shuffle,4,metastability_slem,0.8888888888888888,0.09904151048737103,0.7898473784015179
C2,shuffle,4,phase_jump_count,3,2,1
C2,shuffle,5,self_retention,0.7093138767794451,0.2968322981366459,0.4124815786427992
C2,shuffle,5,transition_entropy_norm,0.359731279786489,0.6026441384947852,-0.24291285870829615
C2,shuffle,5,irreversibility,0.06377551020408162,0.09894409937888196,-0.03516858917480034
C2,shuffle,5,metastability_slem,0.8888888888888888,0.09714722642297537,0.7917416624659135
C2,shuffle,5,phase_jump_count,3,0,3
C2,shuffle,6,self_retention,0.7093138767794451,0.3035569615369777,0.40575691524246743
C2,shuffle,6,transition_entropy_norm,0.359731279786489,0.6087829518112639,-0.24905167202477485
C2,shuffle,6,irreversibility,0.06377551020408162,0.08444890243431968,-0.020673392230238063
C2,shuffle,6,metastability_slem,0.8888888888888888,0.09924322231276549,0.7896456665761233
C2,shuffle,6,phase_jump_count,3,2,1
C2,shuffle,7,self_retention,0.7093138767794451,0.289548049843756,0.41976582693568915
C2,shuffle,7,transition_entropy_norm,0.359731279786489,0.6001577712851427,-0.2404264914986537
C2,shuffle,7,irreversibility,0.06377551020408162,0.09142683538443733,-0.027651325180355707
C2,shuffle,7,metastability_slem,0.8888888888888888,0.14896591999147335,0.7399229688974155
C2,shuffle,7,phase_jump_count,3,3,0
C2,shuffle,8,self_retention,0.7093138767794451,0.29732166968866935,0.4119922070907758
C2,shuffle,8,transition_entropy_norm,0.359731279786489,0.6032006604967178,-0.24346938071022883
C2,shuffle,8,irreversibility,0.06377551020408162,0.08417402877975386,-0.020398518575672236
C2,shuffle,8,metastability_slem,0.8888888888888888,0.11027849283647177,0.7786103960524171
C2,shuffle,8,phase_jump_count,3,4,-1
C2,shuffle,9,self_retention,0.7093138767794451,0.31912349060607226,0.39019038617337287
C2,shuffle,9,transition_entropy_norm,0.359731279786489,0.6042960205782832,-0.24456474079179424
C2,shuffle,9,irreversibility,0.06377551020408162,0.09026465028355388,-0.026489140079472256
C2,shuffle,9,metastability_slem,0.8888888888888888,0.18710928218456407,0.7017796067043247
C2,shuffle,9,phase_jump_count,3,4,-1
C2,shuffle,10,self_retention,0.7093138767794451,0.3144651055129046,0.39484877126654055
C2,shuffle,10,transition_entropy_norm,0.359731279786489,0.6004482784145057,-0.24071699862801665
C2,shuffle,10,irreversibility,0.06377551020408162,0.0855869758111184,-0.021811465607036784
C2,shuffle,10,metastability_slem,0.8888888888888888,0.11619376447483659,0.7726951244140523
C2,shuffle,10,phase_jump_count,3,3,0
C2,shuffle,11,self_retention,0.7093138767794451,0.2750310559006211,0.434282820878824
C2,shuffle,11,transition_entropy_norm,0.359731279786489,0.6047157707551345,-0.2449844909686455
C2,shuffle,11,irreversibility,0.06377551020408162,0.06343685300207039,0.0003386572020112333
C2,shuffle,11,metastability_slem,0.8888888888888888,0.10835258119115693,0.7805363076977319
C2,shuffle,11,phase_jump_count,3,4,-1
C2,shuffle,12,self_retention,0.7093138767794451,0.2988937540989931,0.410420122680452
C2,shuffle,12,transition_entropy_norm,0.359731279786489,0.6012966848916484,-0.24156540510515945
C2,shuffle,12,irreversibility,0.06377551020408162,0.10429285135604335,-0.04051734115196173
C2,shuffle,12,metastability_slem,0.8888888888888888,0.12492338337827442,0.7639655055106144
C2,shuffle,12,phase_jump_count,3,2,1
C2,shuffle,13,self_retention,0.7093138767794451,0.2942064349369237,0.4151074418425214
C2,shuffle,13,transition_entropy_norm,0.359731279786489,0.5948931375750427,-0.2351618577885537
C2,shuffle,13,irreversibility,0.06377551020408162,0.08990297442228311,-0.026127464218201488
C2,shuffle,13,metastability_slem,0.8888888888888888,0.1558755866643526,0.7330133022245362
C2,shuffle,13,phase_jump_count,3,4,-1
C2,shuffle,14,self_retention,0.7093138767794451,0.30514833532656915,0.404165541452876
C2,shuffle,14,transition_entropy_norm,0.359731279786489,0.600318016210913,-0.24058673642442396
C2,shuffle,14,irreversibility,0.06377551020408162,0.08221133443925774,-0.018435824235176118
C2,shuffle,14,metastability_slem,0.8888888888888888,0.12697310845245094,0.7619157804364379
C2,shuffle,14,phase_jump_count,3,4,-1
C2,shuffle,15,self_retention,0.7093138767794451,0.28022163496778674,0.4290922418116584
C2,shuffle,15,transition_entropy_norm,0.359731279786489,0.6007078731343006,-0.24097659334781163
C2,shuffle,15,irreversibility,0.06377551020408162,0.07014100536244741,-0.0063654951583657915
C2,shuffle,15,metastability_slem,0.8888888888888888,0.13938075589212023,0.7495081329967686
C2,shuffle,15,phase_jump_count,3,6,-3
C2,shuffle,16,self_retention,0.7093138767794451,0.3046256946714612,0.4046881821079839
C2,shuffle,16,transition_entropy_norm,0.359731279786489,0.6017350762610356,-0.24200379647454662
C2,shuffle,16,irreversibility,0.06377551020408162,0.10792742726381171,-0.044151917059730095
C2,shuffle,16,metastability_slem,0.8888888888888888,0.10118665405299282,0.787702234835896
C2,shuffle,16,phase_jump_count,3,2,1
C2,shuffle,17,self_retention,0.7093138767794451,0.29269221866440337,0.41662165811504176
C2,shuffle,17,transition_entropy_norm,0.359731279786489,0.6004680116043833,-0.24073673181789434
C2,shuffle,17,irreversibility,0.06377551020408162,0.07975676092743333,-0.015981250723351714
C2,shuffle,17,metastability_slem,0.8888888888888888,0.12000380693114969,0.7688850819577392
C2,shuffle,17,phase_jump_count,3,3,0
C2,shuffle,18,self_retention,0.7093138767794451,0.34472049689441,0.36459337988503515
C2,shuffle,18,transition_entropy_norm,0.359731279786489,0.601450552413376,-0.24171927262688697
C2,shuffle,18,irreversibility,0.06377551020408162,0.14402173913043478,-0.08024622892635316
C2,shuffle,18,metastability_slem,0.8888888888888888,0.14455893699580638,0.7443299518930825
C2,shuffle,18,phase_jump_count,3,2,1
C2,shuffle,19,self_retention,0.7093138767794451,0.3082249913197793,0.4010888854596658
C2,shuffle,19,transition_entropy_norm,0.359731279786489,0.6054169950934212,-0.24568571530693217
C2,shuffle,19,irreversibility,0.06377551020408162,0.08224026850815941,-0.01846475830407779
C2,shuffle,19,metastability_slem,0.8888888888888888,0.1002740434701244,0.7886148454187645
C2,shuffle,19,phase_jump_count,3,2,1
C2,shuffle,20,self_retention,0.7093138767794451,0.32175547564563584,0.3875584011338093
C2,shuffle,20,transition_entropy_norm,0.359731279786489,0.6013050908525049,-0.24157381106601594
C2,shuffle,20,irreversibility,0.06377551020408162,0.0940339980385747,-0.030258487834493086
C2,shuffle,20,metastability_slem,0.8888888888888888,0.1049498353998014,0.7839390534890874
C2,shuffle,20,phase_jump_count,3,1,2
C2,shuffle,21,self_retention,0.7093138767794451,0.3076822491010134,0.40163162767843175
C2,shuffle,21,transition_entropy_norm,0.359731279786489,0.6033182215230423,-0.24358694173655326
C2,shuffle,21,irreversibility,0.06377551020408162,0.08790454396861719,-0.024129033764535568
C2,shuffle,21,metastability_slem,0.8888888888888888,0.201566998877085,0.6873218900118039
C2,shuffle,21,phase_jump_count,3,7,-4
C2,shuffle,22,self_retention,0.7093138767794451,0.29834913370382476,0.41096474307562036
C2,shuffle,22,transition_entropy_norm,0.359731279786489,0.6035196792935844,-0.2437883995070954
C2,shuffle,22,irreversibility,0.06377551020408162,0.08514220333442302,-0.021366693130341397
C2,shuffle,22,metastability_slem,0.8888888888888888,0.10647520208726517,0.7824136868016237
C2,shuffle,22,phase_jump_count,3,4,-1
C2,shuffle,23,self_retention,0.7093138767794451,0.33240165631469976,0.3769122204647454
C2,shuffle,23,transition_entropy_norm,0.359731279786489,0.6036140145552596,-0.24388273476877065
C2,shuffle,23,irreversibility,0.06377551020408162,0.08913043478260868,-0.02535492457852706
C2,shuffle,23,metastability_slem,0.8888888888888888,0.225428835579467,0.6634600533094218
C2,shuffle,23,phase_jump_count,3,4,-1
C2,shuffle,24,self_retention,0.7093138767794451,0.3447204968944099,0.3645933798850352
C2,shuffle,24,transition_entropy_norm,0.359731279786489,0.6007332083444956,-0.24100192855800662
C2,shuffle,24,irreversibility,0.06377551020408162,0.064773735581189,-0.0009982253771073785
C2,shuffle,24,metastability_slem,0.8888888888888888,0.18920866305587938,0.6996802258330095
C2,shuffle,24,phase_jump_count,3,2,1
C2,shuffle,25,self_retention,0.7093138767794451,0.28958662860229156,0.41972724817715357
C2,shuffle,25,transition_entropy_norm,0.359731279786489,0.6060133412050961,-0.2462820614186071
C2,shuffle,25,irreversibility,0.06377551020408162,0.08244762933528799,-0.018672119131206366
C2,shuffle,25,metastability_slem,0.8888888888888888,0.09643877869854356,0.7924501101903453
C2,shuffle,25,phase_jump_count,3,1,2
C2,shuffle,26,self_retention,0.7093138767794451,0.2934782608695652,0.41583561590987994
C2,shuffle,26,transition_entropy_norm,0.359731279786489,0.6029851870196755,-0.24325390723318652
C2,shuffle,26,irreversibility,0.06377551020408162,0.07173913043478262,-0.007963620230701005
C2,shuffle,26,metastability_slem,0.8888888888888888,0.12477119893244444,0.7641176899564444
C2,shuffle,26,phase_jump_count,3,2,1
C2,shuffle,27,self_retention,0.7093138767794451,0.30510975656803363,0.4042041202114115
C2,shuffle,27,transition_entropy_norm,0.359731279786489,0.605114857132321,-0.24538357734583205
C2,shuffle,27,irreversibility,0.06377551020408162,0.08554839705258285,-0.021772886848501233
C2,shuffle,27,metastability_slem,0.8888888888888888,0.10086100126089194,0.7880278876279969
C2,shuffle,27,phase_jump_count,3,0,3
C2,shuffle,28,self_retention,0.7093138767794451,0.3066721962887234,0.40264168049072174
C2,shuffle,28,transition_entropy_norm,0.359731279786489,0.6047984735101406,-0.2450671937236516
C2,shuffle,28,irreversibility,0.06377551020408162,0.08418849581420468,-0.020412985610123058
C2,shuffle,28,metastability_slem,0.8888888888888888,0.13085269343202982,0.7580361954568591
C2,shuffle,28,phase_jump_count,3,5,-2
C2,shuffle,29,self_retention,0.7093138767794451,0.29888410940935917,0.41042976737008596
C2,shuffle,29,transition_entropy_norm,0.359731279786489,0.6068173215612488,-0.2470860417747598
C2,shuffle,29,irreversibility,0.06377551020408162,0.08593900698275528,-0.022163496778673658
C2,shuffle,29,metastability_slem,0.8888888888888888,0.08487277377049672,0.8040161151183921
C2,shuffle,29,phase_jump_count,3,4,-1
C2,block_shuffle,0,self_retention,0.7093138767794451,0.6844450445584661,0.02486883222097902
C2,block_shuffle,0,transition_entropy_norm,0.359731279786489,0.38999536331114254,-0.03026408352465354
C2,block_shuffle,0,irreversibility,0.06377551020408162,0.060626519038617335,0.003148991165464285
C2,block_shuffle,0,metastability_slem,0.8888888888888888,0.8888888888888888,0.0
C2,block_shuffle,0,phase_jump_count,3,5,-2
C2,block_shuffle,1,self_retention,0.7093138767794451,0.6905524681268388,0.018761408652606337
C2,block_shuffle,1,transition_entropy_norm,0.359731279786489,0.38845203313717847,-0.028720753350689465
C2,block_shuffle,1,irreversibility,0.06377551020408162,0.06090225563909773,0.0028732545649838917
C2,block_shuffle,1,metastability_slem,0.8888888888888888,0.8851413334006991,0.0037475554881897244
C2,block_shuffle,1,phase_jump_count,3,7,-4
C2,block_shuffle,2,self_retention,0.7093138767794451,0.6873706004140787,0.021943276365366415
C2,block_shuffle,2,transition_entropy_norm,0.359731279786489,0.38669814420798443,-0.02696686442149543
C2,block_shuffle,2,irreversibility,0.06377551020408162,0.07028985507246374,-0.0065143448683821215
C2,block_shuffle,2,metastability_slem,0.8888888888888888,0.885959888996605,0.00292899989228379
C2,block_shuffle,2,phase_jump_count,3,7,-4
C2,block_shuffle,3,self_retention,0.7093138767794451,0.681159420289855,0.02815445648959014
C2,block_shuffle,3,transition_entropy_norm,0.359731279786489,0.39704301701821015,-0.037311737231721154
C2,block_shuffle,3,irreversibility,0.06377551020408162,0.05476190476190477,0.009013605442176852
C2,block_shuffle,3,metastability_slem,0.8888888888888888,0.8851274945901065,0.0037613942987823057
C2,block_shuffle,3,phase_jump_count,3,6,-3
C2,block_shuffle,4,self_retention,0.7093138767794451,0.6871842650103519,0.022129611769093227
C2,block_shuffle,4,transition_entropy_norm,0.359731279786489,0.39065048994969337,-0.03091921016320437
C2,block_shuffle,4,irreversibility,0.06377551020408162,0.05488612836438923,0.008889381839692387
C2,block_shuffle,4,metastability_slem,0.8888888888888888,0.8849493724926697,0.003939516396219145
C2,block_shuffle,4,phase_jump_count,3,5,-2
C2,block_shuffle,5,self_retention,0.7093138767794451,0.6873706004140787,0.021943276365366415
C2,block_shuffle,5,transition_entropy_norm,0.359731279786489,0.38812950115464473,-0.02839822136815573
C2,block_shuffle,5,irreversibility,0.06377551020408162,0.07028985507246377,-0.006514344868382149
C2,block_shuffle,5,metastability_slem,0.8888888888888888,0.8848578397922626,0.004031049096626216
C2,block_shuffle,5,phase_jump_count,3,4,-1
C2,block_shuffle,6,self_retention,0.7093138767794451,0.685631469979296,0.023682406800149103
C2,block_shuffle,6,transition_entropy_norm,0.359731279786489,0.3913218077113713,-0.03159052792488232
C2,block_shuffle,6,irreversibility,0.06377551020408162,0.058881987577639745,0.004893522626441875
C2,block_shuffle,6,metastability_slem,0.8888888888888888,0.8845565663978179,0.004332322491070961
C2,block_shuffle,6,phase_jump_count,3,5,-2
C2,block_shuffle,7,self_retention,0.7093138767794451,0.6828874271825932,0.02642644959685192
C2,block_shuffle,7,transition_entropy_norm,0.359731279786489,0.39354567121430106,-0.03381439142781206
C2,block_shuffle,7,irreversibility,0.06377551020408162,0.06529937116623587,-0.001523860962154247
C2,block_shuffle,7,metastability_slem,0.8888888888888888,0.8851916592360908,0.003697229652798062
C2,block_shuffle,7,phase_jump_count,3,5,-2
C2,block_shuffle,8,self_retention,0.7093138767794451,0.6874141876430206,0.021899689136424483
C2,block_shuffle,8,transition_entropy_norm,0.359731279786489,0.3873486502305595,-0.027617370444070477
C2,block_shuffle,8,irreversibility,0.06377551020408162,0.06714612618502777,-0.003370615980946151
C2,block_shuffle,8,metastability_slem,0.8888888888888888,0.8844612113142923,0.0044276775745965
C2,block_shuffle,8,phase_jump_count,3,7,-4
C2,block_shuffle,9,self_retention,0.7093138767794451,0.6890160183066361,0.02029785847280907
C2,block_shuffle,9,transition_entropy_norm,0.359731279786489,0.38715581920381203,-0.027424539417323035
C2,block_shuffle,9,irreversibility,0.06377551020408162,0.06554429552141222,-0.0017687853173306012
C2,block_shuffle,9,metastability_slem,0.8888888888888888,0.8849690311559222,0.003919857732966658
C2,block_shuffle,9,phase_jump_count,3,3,0
C2,block_shuffle,10,self_retention,0.7093138767794451,0.6813298098067204,0.027984066972724708
C2,block_shuffle,10,transition_entropy_norm,0.359731279786489,0.3916980251989425,-0.03196674541245348
C2,block_shuffle,10,irreversibility,0.06377551020408162,0.060626519038617335,0.003148991165464285
C2,block_shuffle,10,metastability_slem,0.8888888888888888,0.8848045341024183,0.004084354786470512
C2,block_shuffle,10,phase_jump_count,3,3,0
C2,block_shuffle,11,self_retention,0.7093138767794451,0.6891082519964506,0.02020562478299448
C2,block_shuffle,11,transition_entropy_norm,0.359731279786489,0.38659929587762437,-0.02686801609113537
C2,block_shuffle,11,irreversibility,0.06377551020408162,0.06537652868330696,-0.0016010184792253357
C2,block_shuffle,11,metastability_slem,0.8888888888888888,0.884758988116261,0.00412990077262787
C2,block_shuffle,11,phase_jump_count,3,7,-4
C2,block_shuffle,12,self_retention,0.7093138767794451,0.6844402222136491,0.024873654565796044
C2,block_shuffle,12,transition_entropy_norm,0.359731279786489,0.3881357711456988,-0.028404491359209805
C2,block_shuffle,12,irreversibility,0.06377551020408162,0.07624609390069827,-0.012470583696616647
C2,block_shuffle,12,metastability_slem,0.8888888888888888,0.8846300885009665,0.004258800387922368
C2,block_shuffle,12,phase_jump_count,3,3,0
C2,block_shuffle,13,self_retention,0.7093138767794451,0.6891034296516338,0.020210447127811282
C2,block_shuffle,13,transition_entropy_norm,0.359731279786489,0.38773815944514306,-0.02800687965865406
C2,block_shuffle,13,irreversibility,0.06377551020408162,0.05913159214536475,0.0046439180587168685
C2,block_shuffle,13,metastability_slem,0.8888888888888888,0.8847224400720102,0.004166448816878665
C2,block_shuffle,13,phase_jump_count,3,4,-1
C2,block_shuffle,14,self_retention,0.7093138767794451,0.6891130743412677,0.020200802438177456
C2,block_shuffle,14,transition_entropy_norm,0.359731279786489,0.38555886816447854,-0.02582758837798954
C2,block_shuffle,14,irreversibility,0.06377551020408162,0.0684869410902357,-0.004711430886154083
C2,block_shuffle,14,metastability_slem,0.8888888888888888,0.893412721891649,-0.004523833002760158
C2,block_shuffle,14,phase_jump_count,3,6,-3
C2,block_shuffle,15,self_retention,0.7093138767794451,0.6844402222136491,0.024873654565796044
C2,block_shuffle,15,transition_entropy_norm,0.359731279786489,0.39086786654159345,-0.031136586755104445
C2,block_shuffle,15,irreversibility,0.06377551020408162,0.057583619459125795,0.006191890744955825
C2,block_shuffle,15,metastability_slem,0.8888888888888888,0.8841448623995329,0.004744026489355901
C2,block_shuffle,15,phase_jump_count,3,5,-2
C2,block_shuffle,16,self_retention,0.7093138767794451,0.6858613926119647,0.02345248416748047
C2,block_shuffle,16,transition_entropy_norm,0.359731279786489,0.388383232792578,-0.028651953006089026
C2,block_shuffle,16,irreversibility,0.06377551020408162,0.07491010134030729,-0.011134591136225669
C2,block_shuffle,16,metastability_slem,0.8888888888888888,0.884777818625972,0.004111070262916794
C2,block_shuffle,16,phase_jump_count,3,5,-2
C2,block_shuffle,17,self_retention,0.7093138767794451,0.6875554569653948,0.021758419814050356
C2,block_shuffle,17,transition_entropy_norm,0.359731279786489,0.38716049336027086,-0.027429213573781863
C2,block_shuffle,17,irreversibility,0.06377551020408162,0.06995775625940356,-0.006182246055321944
C2,block_shuffle,17,metastability_slem,0.8888888888888888,0.8888888888888888,0.0
C2,block_shuffle,17,phase_jump_count,3,4,-1
C2,block_shuffle,18,self_retention,0.7093138767794451,0.685997839589522,0.023316037189923144
C2,block_shuffle,18,transition_entropy_norm,0.359731279786489,0.3886833162352707,-0.028952036448781693
C2,block_shuffle,18,irreversibility,0.06377551020408162,0.07152501832491029,-0.007749508120828669
C2,block_shuffle,18,metastability_slem,0.8888888888888888,0.8852110712944365,0.003677817594452293
C2,block_shuffle,18,phase_jump_count,3,5,-2
C2,block_shuffle,19,self_retention,0.7093138767794451,0.685997839589522,0.023316037189923144
C2,block_shuffle,19,transition_entropy_norm,0.359731279786489,0.3880571905129567,-0.028325910726467673
C2,block_shuffle,19,irreversibility,0.06377551020408162,0.06540064040739169,-0.0016251302033100656
C2,block_shuffle,19,metastability_slem,0.8888888888888888,0.8850601509172015,0.003828737971687368
C2,block_shuffle,19,phase_jump_count,3,6,-3
C2,block_shuffle,20,self_retention,0.7093138767794451,0.685997839589522,0.023316037189923144
C2,block_shuffle,20,transition_entropy_norm,0.359731279786489,0.3911965464858741,-0.0314652666993851
C2,block_shuffle,20,irreversibility,0.06377551020408162,0.06845800702133403,-0.004682496817252413
C2,block_shuffle,20,metastability_slem,0.8888888888888888,0.8850368887676948,0.0038520001211940214
C2,block_shuffle,20,phase_jump_count,3,3,0
C2,block_shuffle,21,self_retention,0.7093138767794451,0.6891082519964506,0.02020562478299448
C2,block_shuffle,21,transition_entropy_norm,0.359731279786489,0.3864143340949935,-0.026683054308504484
C2,block_shuffle,21,irreversibility,0.06377551020408162,0.0653572393040392,-0.001581729099957574
C2,block_shuffle,21,metastability_slem,0.8888888888888888,0.8876226939871557,0.0012661949017331864
C2,block_shuffle,21,phase_jump_count,3,5,-2
C2,block_shuffle,22,self_retention,0.7093138767794451,0.6871635610766045,0.02215031570284065
C2,block_shuffle,22,transition_entropy_norm,0.359731279786489,0.38726528038657204,-0.02753400060008304
C2,block_shuffle,22,irreversibility,0.06377551020408162,0.0665424430641822,-0.002766932860100574
C2,block_shuffle,22,metastability_slem,0.8888888888888888,0.8848715135315551,0.004017375357333708
C2,block_shuffle,22,phase_jump_count,3,6,-3
C2,block_shuffle,23,self_retention,0.7093138767794451,0.6828826048377763,0.026431271941668832
C2,block_shuffle,23,transition_entropy_norm,0.359731279786489,0.3903447500311918,-0.03061347024470279
C2,block_shuffle,23,irreversibility,0.06377551020408162,0.06840013888353073,-0.004624628679449114
C2,block_shuffle,23,metastability_slem,0.8888888888888888,0.8870178163741648,0.0018710725147240703
C2,block_shuffle,23,phase_jump_count,3,4,-1
C2,block_shuffle,24,self_retention,0.7093138767794451,0.6844353998688322,0.024878476910612957
C2,block_shuffle,24,transition_entropy_norm,0.359731279786489,0.38743140966767625,-0.027700129881187252
C2,block_shuffle,24,irreversibility,0.06377551020408162,0.07299101114926121,-0.009215500945179589
C2,block_shuffle,24,metastability_slem,0.8888888888888888,0.885106823732105,0.0037820651567838093
C2,block_shuffle,24,phase_jump_count,3,5,-2
C2,block_shuffle,25,self_retention,0.7093138767794451,0.6859930172447051,0.023320859534740057
C2,block_shuffle,25,transition_entropy_norm,0.359731279786489,0.38875739965985523,-0.02902611987336623
C2,block_shuffle,25,irreversibility,0.06377551020408162,0.06518363489062921,-0.0014081246865475933
C2,block_shuffle,25,metastability_slem,0.8888888888888888,0.88479762891953,0.004091259969358885
C2,block_shuffle,25,phase_jump_count,3,7,-4
C2,block_shuffle,26,self_retention,0.7093138767794451,0.6906562246826897,0.018657652096755406
C2,block_shuffle,26,transition_entropy_norm,0.359731279786489,0.3873460149227171,-0.027614735136228086
C2,block_shuffle,26,irreversibility,0.06377551020408162,0.05763666525211217,0.006138844951969452
C2,block_shuffle,26,metastability_slem,0.8888888888888888,0.8851026896919091,0.003786199196979756
C2,block_shuffle,26,phase_jump_count,3,6,-3
C2,block_shuffle,27,self_retention,0.7093138767794451,0.6891034296516338,0.020210447127811282
C2,block_shuffle,27,transition_entropy_norm,0.359731279786489,0.38546948215214716,-0.025738202365658158
C2,block_shuffle,27,irreversibility,0.06377551020408162,0.06226611627637822,0.001509393927703398
C2,block_shuffle,27,metastability_slem,0.8888888888888888,0.8850577190845123,0.0038311698043765885
C2,block_shuffle,27,phase_jump_count,3,4,-1
C2,block_shuffle,28,self_retention,0.7093138767794451,0.6813346321515372,0.027979244627907907
C2,block_shuffle,28,transition_entropy_norm,0.359731279786489,0.3914896245597295,-0.03175834477324052
C2,block_shuffle,28,irreversibility,0.06377551020408162,0.06377551020408162,0.0
C2,block_shuffle,28,metastability_slem,0.8888888888888888,0.8847731377866404,0.004115751102248488
C2,block_shuffle,28,phase_jump_count,3,4,-1
C2,block_shuffle,29,self_retention,0.7093138767794451,0.687550634620578,0.021763242158867158
C2,block_shuffle,29,transition_entropy_norm,0.359731279786489,0.38789393556144625,-0.028162655774957246
C2,block_shuffle,29,irreversibility,0.06377551020408162,0.06381891130743413,-4.340110335250558e-05
C2,block_shuffle,29,metastability_slem,0.8888888888888888,0.8850912643039769,0.0037976245849119517
C2,block_shuffle,29,phase_jump_count,3,11,-8
C2,reverse,0,self_retention,0.7093138767794451,0.7080745341614906,0.001239342617954553
C2,reverse,0,transition_entropy_norm,0.359731279786489,0.36346522338522175,-0.0037339435987327474
C2,reverse,0,irreversibility,0.06377551020408162,0.06366459627329192,0.00011091393078969947
C2,reverse,0,metastability_slem,0.8888888888888888,0.8888888888888888,0.0
C2,reverse,0,phase_jump_count,3,5,-2
